{
    "id": 10007469,
    "title": "国服一区克尔苏加德 白银骑士团 公会 VS M暗夜要塞 艾塔乌斯 增强萨视角",
    "abstract": "BGM:澤野弘之 - tragedy\nBGM:澤野弘之 - MOBILE SUIT",
    "authorId": 10116374,
    "uploadTime": 1492830208.0,
    "playCount": 217,
    "commentCount": 0,
    "bulletCommentCount": 1,
    "imageUrl": "http://i2.hdslb.com/bfs/archive/bb61fc1e8e6a51d03fb8908f4a46a76246c84fa4.jpg",
    "feedback": {
        "like": "0",
        "coin": "0",
        "star": "3",
        "share": "75"
    },
    "comments": [],
    "tags": [
        "游戏",
        "网络游戏",
        "增强萨满",
        "魔兽世界军团再临",
        "占星师艾塔乌斯",
        "史诗暗夜要塞",
        "史诗占星师"
    ]
}