{
    "id": 10007147,
    "title": "质量效应：仙女座 第32期：跳帮战",
    "abstract": "《质量效应：仙女座》流程攻略实况，包含游戏主线、部分支线以及所有过场，力求提供最电影化的游戏流程体验",
    "authorId": 48330353,
    "uploadTime": 1492829682.0,
    "playCount": 450,
    "commentCount": 3,
    "bulletCommentCount": 7,
    "imageUrl": "http://i1.hdslb.com/bfs/archive/e97e3aebb7df4ea95ffa6414934fa6922ffa7d4c.png",
    "feedback": {
        "like": "10",
        "coin": "12",
        "star": "8",
        "share": "51"
    },
    "comments": [
        "饭圈大佬",
        "ԅ(¯ㅂ¯ԅ)",
        "哥特舰队上线(｀・ω・´)"
    ],
    "tags": [
        "科幻",
        "单机游戏",
        "游戏",
        "单机游戏",
        "实况攻略",
        "实况解说",
        "剧情向",
        "质量效应",
        "质量效应：仙女座"
    ]
}