{
    "id": 10007713,
    "title": "【宋雨珊】20170419《代号XⅡ》公演cut",
    "abstract": "【宋雨珊】170419《代号XⅡ》公演cut",
    "authorId": 19410751,
    "uploadTime": 1492831205.0,
    "playCount": 155,
    "commentCount": 0,
    "bulletCommentCount": 0,
    "imageUrl": "http://i1.hdslb.com/bfs/archive/1e8ced7899c4462671a208ac72398343ebced24a.jpg",
    "feedback": {
        "like": "0",
        "coin": "6",
        "star": "4",
        "share": "79"
    },
    "comments": [],
    "tags": [
        "SNH48",
        "综艺",
        "娱乐",
        "综艺",
        "明星",
        "宋雨珊",
        "SNH48宋雨珊"
    ]
}