{
    "id": 10007647,
    "title": "【MMD- Undertale -】Drop Pop Candy (English ver.)",
    "abstract": "https://www.youtube.com/watch?v=DRRBASk-i2E\n原地址：https://www.youtube.com/watch?v=DRRBASk-i2E\n原作者：Shiki Knight\n原曲：Drop Pop Candy by JubyPhonic",
    "authorId": 83928517,
    "uploadTime": 1492832347.0,
    "playCount": 299,
    "commentCount": 2,
    "bulletCommentCount": 2,
    "imageUrl": "http://i2.hdslb.com/bfs/archive/ae71b1b82a2b44fe6f84f25451576b13266a70d2.jpg",
    "feedback": {
        "like": "0",
        "coin": "0",
        "star": "11",
        "share": "87"
    },
    "comments": [
        "饭圈楷模",
        "百合←_←←_←(´･_･`)"
    ],
    "tags": [
        "MMD",
        "传说之下",
        "动画",
        "MMD·3D",
        "MMD.3D",
        "舞蹈",
        "舞蹈MMD",
        "YOTUBE",
        "搬運",
        "Undertale"
    ]
}