{
    "id": 10007248,
    "title": "英雄赛尔，智慧童年。Boss战。",
    "abstract": "感谢大家的收看，希望大家多多支持。3Q",
    "authorId": 34919355,
    "uploadTime": 1492829174.0,
    "playCount": 24,
    "commentCount": 0,
    "bulletCommentCount": 8,
    "imageUrl": "http://i1.hdslb.com/bfs/archive/89a3a063fe503028339e9c92563bc855db7e0e83.png",
    "feedback": {
        "like": "0",
        "coin": "1",
        "star": "0",
        "share": "75"
    },
    "comments": [],
    "tags": [
        "GMV",
        "游戏",
        "GMV",
        "游戏",
        "新人向"
    ]
}