{
    "id": 10007008,
    "title": "《梦回少年时》今晚 @APP方糖娱 乐震撼上映！",
    "abstract": "你不来，我不老。《梦回少年时》今晚与您相约APP方糖娱乐！",
    "authorId": 103704155,
    "uploadTime": 1492829092.0,
    "playCount": 2034,
    "commentCount": 1,
    "bulletCommentCount": 20,
    "imageUrl": "http://i1.hdslb.com/bfs/archive/72c478ef0d466b429f6ee5e4cf9e48dc6a06fa55.jpg",
    "feedback": {
        "like": "2",
        "coin": "0",
        "star": "6",
        "share": "72"
    },
    "comments": [
        "饭圈萌新"
    ],
    "tags": [
        "影视",
        "预告·资讯",
        "小鲜肉",
        "高颜值cp",
        "梦回少年时",
        "景乐",
        "王贤"
    ]
}