{
    "id": 10007144,
    "title": "NDS【THE密室脱出】话说这真的是攻略流程解说吗 第三期",
    "abstract": "感谢收看。",
    "authorId": 860999,
    "uploadTime": 1492829765.0,
    "playCount": 351,
    "commentCount": 3,
    "bulletCommentCount": 1,
    "imageUrl": "http://i0.hdslb.com/bfs/archive/95175e2c64fff6ea46ccacba6c43b0d93a211795.jpg",
    "feedback": {
        "like": "2",
        "coin": "5",
        "star": "4",
        "share": "69"
    },
    "comments": [
        "无极（59）无私立（three）万（one）哦（O，零），只能说汉化组也不容易了…",
        "和ns版一样😂"
    ],
    "tags": [
        "单机游戏",
        "游戏",
        "单机游戏",
        "机神卡比",
        "nds密室脱出"
    ]
}