{
    "id": 10006894,
    "title": "择天记   鹿晗 吴倩 长生&落落",
    "abstract": "超喜欢择天记里这师徒二人cp,超有爱超甜，站生落",
    "authorId": 96242917,
    "uploadTime": 1492828025.0,
    "playCount": 5984,
    "commentCount": 46,
    "bulletCommentCount": 46,
    "imageUrl": "http://i1.hdslb.com/bfs/archive/0053c6c7838890608aa662c7a6ad828df255d370.jpg",
    "feedback": {
        "like": "8",
        "coin": "44",
        "star": "140",
        "share": "96"
    },
    "comments": [
        "伤心的师徒党捂住心口来吃糖",
        "喜欢师徒cp",
        "落落是长生的**粉哈哈",
        "收集萌新",
        "知名偶像"
    ],
    "tags": [
        "择天记",
        "鹿晗",
        "影视",
        "影视剪辑",
        "剪辑",
        "陈长生",
        "落落"
    ]
}