{
    "id": 10006952,
    "title": "用30秒来感受下日本火山爆发时的恐怖吧",
    "abstract": "感谢原作者：FTC U，我再做了下编辑",
    "authorId": 99505409,
    "uploadTime": 1492828003.0,
    "playCount": 10083,
    "commentCount": 84,
    "bulletCommentCount": 10,
    "imageUrl": "http://i1.hdslb.com/bfs/archive/7ad76f427247c5b1d6f32ae455810cc731dba090.jpg",
    "feedback": {
        "like": "17",
        "coin": "6",
        "star": "34",
        "share": "96"
    },
    "comments": [
        "日本发生灾难，我不会因此鼓掌祝贺，毕竟我是人。但我也不会同情怜悯他们，因为我是中国人╮(￣▽￣)╭",
        "哪里恐怖了,自然灾害而已",
        "知名搬运工",
        "大会员2018年度勋章",
        "那些谴责发贺电的，有没有谴责过日本右翼啊？"
    ],
    "tags": [
        "日本",
        "旅游",
        "人文",
        "科普",
        "知识",
        "社科·法律·心理",
        "科技人文",
        "海外见闻",
        "趣味科普人文",
        "火山爆发"
    ]
}