{
    "id": 10007539,
    "title": "饭制泰妍，简单粗暴的模板套制。",
    "abstract": "饭制泰妍~第一次套AE模板，会声会影崩了，盲加BGM    T-T",
    "authorId": 20505292,
    "uploadTime": 1492830200.0,
    "playCount": 157,
    "commentCount": 2,
    "bulletCommentCount": 0,
    "imageUrl": "http://i2.hdslb.com/bfs/archive/1b9160915bdd8b44f2e63457a1bf3e262c0dde9a.jpg",
    "feedback": {
        "like": "0",
        "coin": "2",
        "star": "6",
        "share": "77"
    },
    "comments": [
        "╮(￣▽￣)╭",
        "沙发！"
    ],
    "tags": [
        "金泰妍",
        "音乐",
        "音乐综合",
        "明星",
        "韩国音乐"
    ]
}