{
    "id": 10007261,
    "title": "智障蜘蛛侠",
    "abstract": "秒拍 朋友学了三年的动画做出来的，已笑疯23333333333",
    "authorId": 25632992,
    "uploadTime": 1492829093.0,
    "playCount": 767,
    "commentCount": 5,
    "bulletCommentCount": 15,
    "imageUrl": "http://i1.hdslb.com/bfs/archive/30819ae02e2a83766fab47ae0fdff9aed4cf2cdf.png",
    "feedback": {
        "like": "2",
        "coin": "4",
        "star": "5",
        "share": "79"
    },
    "comments": [
        "蝙蝠侠的bgm|･ω･｀)",
        "智障侠",
        "青铜殿堂",
        "人理拯救者",
        "我第一"
    ],
    "tags": [
        "蜘蛛侠",
        "动画",
        "短片·手书·配音",
        "智障",
        "尬"
    ]
}