{
    "id": 10007582,
    "title": "【苏珊大叔】带你看小姐姐跳舞第2季1作  Samsara",
    "abstract": "苏珊大叔带着一波小姐姐又来啦！苏珊大叔其实不会跳舞，她只是舞蹈的搬运工O(∩_∩)O。。。但我们（小姐姐）跳舞却是认真的，第二季我们会有更多的新面孔和舞蹈类型奉献给大家。\n我叫杨姑娘，明明可以靠颜值，却要用实力说话的!希望大家多多支持我噢！么么哒\n我们的微信公众号是 SSDS626  关注有惊喜。",
    "authorId": 102058176,
    "uploadTime": 1492831491.0,
    "playCount": 2114,
    "commentCount": 15,
    "bulletCommentCount": 9,
    "imageUrl": "http://i0.hdslb.com/bfs/archive/361f613191825bb2296585e9c4611864e96fd678.jpg",
    "feedback": {
        "like": "1",
        "coin": "4",
        "star": "55",
        "share": "59"
    },
    "comments": [
        "這麼長的前奏妹紙自由發揮我以為，，，，要不是腿好顏值高有范我就關了。",
        "这是我学姐........",
        "这么美的小姐姐我也就看五百遍",
        "66666",
        "小姐姐我想和你在一起"
    ],
    "tags": [
        "现代舞",
        "韩舞",
        "HIPHOP",
        "街舞",
        "明星舞蹈",
        "舞蹈",
        "明星舞蹈",
        "舞蹈",
        "即兴",
        "现场"
    ]
}