{
    "id": 10007723,
    "title": "【小宇CF手游】穿越火线歼灭战AK疯狂爆头！",
    "abstract": "【小宇CF手游】穿越火线歼灭战AK疯狂爆头！",
    "authorId": 104119887,
    "uploadTime": 1492830660.0,
    "playCount": 130,
    "commentCount": 0,
    "bulletCommentCount": 0,
    "imageUrl": "http://i2.hdslb.com/bfs/archive/10819168a6addf77fc493160d5984a0d3bdd9490.jpg",
    "feedback": {
        "like": "2",
        "coin": "0",
        "star": "2",
        "share": "74"
    },
    "comments": [],
    "tags": [
        "穿越火线",
        "搞笑",
        "游戏",
        "电子竞技",
        "手机游戏",
        "第一视角",
        "新人",
        "原创",
        "娱乐",
        "娱乐解说",
        "解说"
    ]
}