{
    "id": 10007267,
    "title": "【天涯明月刀OL】【天刀OL】游戏自制MV-羿思月",
    "abstract": "以嫦娥奔月的故事为蓝本制作的《羿思月》MV",
    "authorId": 55036004,
    "uploadTime": 1492828904.0,
    "playCount": 365,
    "commentCount": 3,
    "bulletCommentCount": 0,
    "imageUrl": "http://i2.hdslb.com/bfs/archive/b93d8584b8d8d6bc810d4129b0efad4d2f50937f.jpg",
    "feedback": {
        "like": "0",
        "coin": "2",
        "star": "4",
        "share": "61"
    },
    "comments": [
        "收集萌新",
        "羿思月暴露狂发来贺电"
    ],
    "tags": [
        "天涯明月刀OL",
        "游戏",
        "网络游戏",
        "网络游戏",
        "MV",
        "嫦娥奔月",
        "羿思月",
        "天刀OL"
    ]
}