{
    "id": 10007265,
    "title": "嘉栋解说魔兽世界14期：7.2牧师职业坐骑真正的主角光与暗之爹",
    "abstract": "嘉栋解说魔兽世界14期：7.2牧师职业坐骑真正的主角光与暗之爹",
    "authorId": 6248648,
    "uploadTime": 1492829046.0,
    "playCount": 7947,
    "commentCount": 37,
    "bulletCommentCount": 47,
    "imageUrl": "http://i2.hdslb.com/bfs/archive/89952826f41d23be24ad97ef86d0b48589a89194.jpg",
    "feedback": {
        "like": "13",
        "coin": "16",
        "star": "11",
        "share": "86"
    },
    "comments": [
        "终身卡",
        "up现在玩魔兽的人多么我想入坑",
        "收集萌新",
        "饭圈楷模",
        "光之巨人安度因吗？"
    ],
    "tags": [
        "炉石传说",
        "桌游棋牌",
        "游戏",
        "电子竞技",
        "电子竞技",
        "魔兽英雄传",
        "魔兽世界副本故事",
        "魔兽世界7.0",
        "炉石英雄传",
        "魔兽世界7.2",
        "嘉栋桑",
        "魔兽职业坐骑",
        "魔兽英雄历史",
        "牧师职业坐骑"
    ]
}