{
    "id": 10007069,
    "title": "夏兮•dig to china‖挖掘机技术哪家强",
    "abstract": "看我一次性通关ｸﾞｯ!(๑•̀ㅂ•́)و✧\n挖掘机技术哪家强，哔哩哔哩找夏兮",
    "authorId": 91406616,
    "uploadTime": 1492829341.0,
    "playCount": 175,
    "commentCount": 4,
    "bulletCommentCount": 0,
    "imageUrl": "http://i2.hdslb.com/bfs/archive/32f7db8a3e2acaefae78ce1e5fcc9da4dfe246a7.jpg",
    "feedback": {
        "like": "3",
        "coin": "6",
        "star": "2",
        "share": "80"
    },
    "comments": [
        "收集萌新",
        "资深委员",
        "青铜殿堂"
    ],
    "tags": [
        "小游戏",
        "单机游戏",
        "游戏",
        "手机游戏",
        "手机游戏",
        "娱乐",
        "日常",
        "新人",
        "游戏",
        "游戏视频",
        "挖到中国去",
        "夏兮"
    ]
}