{
    "id": 10007329,
    "title": "【新人】燃向fate合集 虚言NEUROSE",
    "abstract": "BGM: 虚言NEUROSE--MY FIRST STORY\n素材：fate stay night， fate grand order， fate zero",
    "authorId": 28177394,
    "uploadTime": 1492829872.0,
    "playCount": 1544,
    "commentCount": 12,
    "bulletCommentCount": 5,
    "imageUrl": "http://i0.hdslb.com/bfs/archive/dea9ca6b620902028551b8ecf9934f57bd68b64f.jpg",
    "feedback": {
        "like": "17",
        "coin": "29",
        "star": "33",
        "share": "96"
    },
    "comments": [
        "大会员2018年度勋章",
        "不错啊",
        "傻尼酱",
        "人理拯救者",
        "收集萌新"
    ],
    "tags": [
        "卫宫士郎",
        "SABER",
        "Fate",
        "动画",
        "MAD·AMV",
        "Fate/Zero",
        "燃向",
        "动作",
        "FATE STAY NIGHT UBW",
        "FATE/ZERO",
        "热血",
        "Fate/Grand Order"
    ]
}