{
    "id": 10007737,
    "title": "内蒙古草原足球文化旅游节",
    "abstract": "内蒙古草原足球文化旅游节\n内蒙古草原足球文化旅游节",
    "authorId": 97331744,
    "uploadTime": 1492830414.0,
    "playCount": 56,
    "commentCount": 0,
    "bulletCommentCount": 0,
    "imageUrl": "http://i1.hdslb.com/bfs/archive/9c322761359fcdb8285f94823d7749bb67d628fa.jpg",
    "feedback": {
        "like": "0",
        "coin": "1",
        "star": "0",
        "share": "71"
    },
    "comments": [],
    "tags": [
        "广场舞",
        "运动",
        "运动综合",
        "小苹果",
        "运动",
        "日常"
    ]
}