{
    "id": 10006809,
    "title": "【陈长生×徐有容】 官配cut",
    "abstract": "官配cut\n\n\n不拉真人cp",
    "authorId": 19400051,
    "uploadTime": 1492827489.0,
    "playCount": 1283,
    "commentCount": 0,
    "bulletCommentCount": 1,
    "imageUrl": "http://i1.hdslb.com/bfs/archive/e386dd9ef128c8e916337a98ba5c79ebee777318.jpg",
    "feedback": {
        "like": "4",
        "coin": "4",
        "star": "10",
        "share": "68"
    },
    "comments": [],
    "tags": [
        "古力娜扎",
        "鹿晗",
        "影视",
        "影视剪辑",
        "鹿晗择天记",
        "古力娜扎择天记"
    ]
}