{
    "id": 10007426,
    "title": "这么做火锅是比走路还简单的一件事情呢",
    "abstract": "谁说锅离了火成不了餐，比方便面还方便的也只有它啦。简单四步，不用火不用电，随时随地享受美味火锅。写字楼里中午苦等电梯下楼吃饭的你，看完之后有没有get什么新技能呢？",
    "authorId": 88414317,
    "uploadTime": 1492829974.0,
    "playCount": 710,
    "commentCount": 3,
    "bulletCommentCount": 5,
    "imageUrl": "http://i0.hdslb.com/bfs/archive/0eb30ec5cacfd8fe30d8fb46e7006a154e334cd8.jpg",
    "feedback": {
        "like": "0",
        "coin": "4",
        "star": "4",
        "share": "77"
    },
    "comments": [
        "还有别焖烧食谱不(｢･ω･)｢嘿",
        "饭圈大佬"
    ],
    "tags": [
        "火锅",
        "美食",
        "美食",
        "美食制作",
        "美食圈",
        "有料姐",
        "海底捞"
    ]
}