{
    "id": 10007089,
    "title": "【鸟聊小说】某个姓黄又写小黄书的作家穿越了",
    "abstract": "thank you for everthing",
    "authorId": 27799533,
    "uploadTime": 1492828486.0,
    "playCount": 189,
    "commentCount": 1,
    "bulletCommentCount": 3,
    "imageUrl": "http://i2.hdslb.com/bfs/archive/7eda9e9753d40bcf696550645f511f08b4627e87.jpg",
    "feedback": {
        "like": "1",
        "coin": "6",
        "star": "2",
        "share": "63"
    },
    "comments": [
        "up你需要营养快线"
    ],
    "tags": [
        "影视",
        "影视剪辑",
        "鸟聊小说"
    ]
}