{
    "id": 10007472,
    "title": "【EXID】第三张迷你专辑【Eclipse】开箱视频",
    "abstract": "https://www.youtube.com/watch?v=rFGl7pqJuxo&t=15s\n【EXID】第三张迷你专辑【Eclipse】开箱视频\ncr油管",
    "authorId": 36631910,
    "uploadTime": 1492831211.0,
    "playCount": 1830,
    "commentCount": 9,
    "bulletCommentCount": 19,
    "imageUrl": "http://i1.hdslb.com/bfs/archive/d0d079817bbe94fb99f343dcccb2e8095de1ec4a.jpg",
    "feedback": {
        "like": "6",
        "coin": "3",
        "star": "26",
        "share": "81"
    },
    "comments": [
        "收集萌新",
        "看得我好羡慕",
        "中国还要一个月才能收到。。。。",
        "因为这张专辑爱上艾迪，可惜没有我一直关注的率智…",
        "真的好漂亮啊"
    ],
    "tags": [
        "朴正花",
        "EXID",
        "生活",
        "日常",
        "徐惠璘",
        "日常",
        "HANI安希妍",
        "UNBOXING",
        "korea相关",
        "Eclipse",
        "LE安孝真",
        "night rather than da"
    ]
}