{
    "id": 10007355,
    "title": "【搬运 1080p】战争雷霆E100历史模式10杀 | E-100 - 10 Kills on Sinai (RB) - The Value of Armour",
    "abstract": "https://youtu.be/L5m8I0jwMLQ\n这也是一个多月之前的视频了～看上次大家对E100的热情很高，于是又搬运了一个E100的ᕙ(`▿´)ᕗ",
    "authorId": 19482124,
    "uploadTime": 1492829974.0,
    "playCount": 4360,
    "commentCount": 18,
    "bulletCommentCount": 111,
    "imageUrl": "http://i0.hdslb.com/bfs/archive/bf2253713686501f0bb5afe287c1654a5176dac0.jpg",
    "feedback": {
        "like": "4",
        "coin": "10",
        "star": "43",
        "share": "79"
    },
    "comments": [
        "饭圈楷模",
        "E100(=・ω・=)",
        "收集萌新",
        "铁面游侠E。。。。对不起我走错片场",
        "居然能看到国际服e100的视频，万幸。还有对边没制空啊，运气真好"
    ],
    "tags": [
        "战争雷霆",
        "游戏",
        "网络游戏",
        "战争雷霆陆战",
        "飞机世界",
        "战争雷霆历史",
        "战争雷霆娱乐",
        "E100",
        "战争雷霆日常",
        "战争雷霆空战",
        "战争雷霆陆战历史",
        "战争雷霆E100"
    ]
}