{
    "id": 10006702,
    "title": "炉石传说安戈洛60包卡",
    "abstract": "60包卡",
    "authorId": 16370466,
    "uploadTime": 1492827714.0,
    "playCount": 241,
    "commentCount": 3,
    "bulletCommentCount": 7,
    "imageUrl": "http://i1.hdslb.com/bfs/archive/798ca2c39634dbdb92ae8dff697540049c0a5afe.jpg",
    "feedback": {
        "like": "0",
        "coin": "14",
        "star": "3",
        "share": "76"
    },
    "comments": [
        "收集萌新",
        "收集萌新",
        "见习偶像"
    ],
    "tags": [
        "炉石传说",
        "桌游棋牌",
        "游戏",
        "电子竞技",
        "电子竞技",
        "网络游戏",
        "开包"
    ]
}