{
    "id": 10006932,
    "title": "【爆料】虚荣2.4版本 小精灵（令狐冲）2p （舌尖上的海鲜城）",
    "abstract": "https://www.youtube.com/watch?v=hhWiDH3TzbI\n搬运youtube up主Mister DoubleV\n原标题为 RED LANTERN FLICKER (E) New Skin | Vainglory Update 2.4 New Skin\n欢迎收看本季的舌尖上的海鲜城",
    "authorId": 21981934,
    "uploadTime": 1492828027.0,
    "playCount": 1334,
    "commentCount": 30,
    "bulletCommentCount": 0,
    "imageUrl": "http://i0.hdslb.com/bfs/archive/87dbbec3173833099319134f6f37b52f61ead611.jpg",
    "feedback": {
        "like": "0",
        "coin": "5",
        "star": "3",
        "share": "51"
    },
    "comments": [
        "收集萌新",
        "令狐冲23333",
        "为什么不把小浣熊换成小熊猫？？？",
        "青铜殿堂",
        "大会员2018年度勋章"
    ],
    "tags": [
        "游戏",
        "电子竞技",
        "爆料",
        "预览",
        "VAINGLORY虚荣"
    ]
}