{
    "id": 10007491,
    "title": "两根鞋带解救你的旧球鞋，做个省钱小美女！",
    "abstract": "tv.sohu.com\n两根鞋带解救你的旧球鞋，做个省钱小美女！\n原UP：魔力时尚MA\n来源：搜狐视频",
    "authorId": 74347482,
    "uploadTime": 1492831307.0,
    "playCount": 1487,
    "commentCount": 2,
    "bulletCommentCount": 0,
    "imageUrl": "http://i2.hdslb.com/bfs/archive/c14ac816defd14cbab51f999353ecda06f047fcf.jpg",
    "feedback": {
        "like": "1",
        "coin": "0",
        "star": "13",
        "share": "79"
    },
    "comments": [
        "第一？有点小激动",
        "考古"
    ],
    "tags": [
        "服饰",
        "DIY",
        "时尚",
        "服饰",
        "日常",
        "鞋带超人",
        "鞋带系法",
        "鞋子翻新",
        "旧鞋变新",
        "系鞋带教学",
        "系鞋带技巧",
        "翻新旧鞋"
    ]
}