{
    "id": 10006929,
    "title": "【SNH48】叉兔初心-2.5倍速星羽潘瑛琪（SNH48及姐妹团经典演出歌曲音乐）",
    "abstract": "SNH48\n【SNH48】叉兔初心-2.5倍速星羽潘瑛琪（SNH48及姐妹团经典演出歌曲音乐）",
    "authorId": 70548704,
    "uploadTime": 1492828030.0,
    "playCount": 1357,
    "commentCount": 6,
    "bulletCommentCount": 5,
    "imageUrl": "http://i0.hdslb.com/bfs/archive/579c1e5c15ae52c16333214cb2478b64a775e160.jpg",
    "feedback": {
        "like": "7",
        "coin": "2",
        "star": "22",
        "share": "79"
    },
    "comments": [
        "饭圈萌新",
        "饭圈大佬",
        "弹幕什么鬼(｀・ω・´)",
        "饭圈楷模",
        "知名偶像"
    ],
    "tags": [
        "SNH48",
        "音乐",
        "音乐综合",
        "明星",
        "内地音乐"
    ]
}