{
    "id": 10007550,
    "title": "【三生三世十里桃花】【夜华×白浅】自制MV—诺",
    "abstract": "桃花灼灼，取一朵放心上足矣！\n守在你身旁，诺一世痴狂又如何！\n赠 师父（爱峯的小洁）\n配乐：《诺》\n演唱：李炜、杨洋",
    "authorId": 106205577,
    "uploadTime": 1492830542.0,
    "playCount": 1441,
    "commentCount": 2,
    "bulletCommentCount": 13,
    "imageUrl": "http://i0.hdslb.com/bfs/archive/9f3ba78083cb7fa0a13fa993f953c47865de9bd4.jpg",
    "feedback": {
        "like": "5",
        "coin": "8",
        "star": "47",
        "share": "87"
    },
    "comments": [
        "表白bgm 电视剧也很好看????",
        "很搭，看哭了都"
    ],
    "tags": [
        "赵又廷",
        "影视",
        "影视剪辑",
        "剪辑",
        "影视剪影",
        "三生三世",
        "白浅",
        "夜华",
        "夜华×白浅"
    ]
}