{
    "id": 10007062,
    "title": "【GNZ48龙亦瑞】和蕾蕾kiko前辈做乌冬面 4.21口袋直播",
    "abstract": "【GNZ48龙亦瑞】4.21口袋直播  \n瑞子和蕾蕾kiko前辈一起做乌冬面",
    "authorId": 65434095,
    "uploadTime": 1493254303.0,
    "playCount": 637,
    "commentCount": 0,
    "bulletCommentCount": 2,
    "imageUrl": "http://i0.hdslb.com/bfs/archive/8875a8bc91fbc48abbc4615680a65f19f7c7b473.jpg",
    "feedback": {
        "like": "1",
        "coin": "0",
        "star": "16",
        "share": "76"
    },
    "comments": [],
    "tags": [
        "娱乐",
        "明星",
        "明星",
        "GNZ 48",
        "口袋48",
        "谢蕾蕾",
        "李沁洁",
        "龙亦瑞"
    ]
}