{
    "id": 10007410,
    "title": "生日",
    "abstract": "姚皇阿嬤生日視頻",
    "authorId": 34431998,
    "uploadTime": 1492831099.0,
    "playCount": 62,
    "commentCount": 6,
    "bulletCommentCount": 5,
    "imageUrl": "http://i0.hdslb.com/bfs/archive/956e9186588f1db147f3b6438a06aef5fd0cd0b2.jpg",
    "feedback": {
        "like": "0",
        "coin": "10",
        "star": "4",
        "share": "88"
    },
    "comments": [
        "大会员2018年度勋章",
        "资深委员",
        "(⌒▽⌒)(⌒▽⌒)(⌒▽⌒)(⌒▽⌒)超级棒",
        "收集达人",
        "100斤的时候吧maye"
    ],
    "tags": [
        "绘画",
        "生活",
        "日常",
        "自制",
        "日常",
        "生活"
    ]
}