{
    "id": 10007348,
    "title": "FUNKY MONKEY BABYS 「あとひとつ」",
    "abstract": "YouTube\n来自YouTube的FUNKY MONKEY BABYS 「あとひとつ」（一个后）MV。第一次投稿，欢迎收看。",
    "authorId": 52587193,
    "uploadTime": 1492829227.0,
    "playCount": 7495,
    "commentCount": 14,
    "bulletCommentCount": 15,
    "imageUrl": "http://i1.hdslb.com/bfs/archive/517e10a3605380602d5e2cd5c1d847707b8246bd.jpg",
    "feedback": {
        "like": "103",
        "coin": "55",
        "star": "179",
        "share": "137"
    },
    "comments": [
        "青铜殿堂",
        "田中将大的专属曲！！",
        "这个才是原唱吧",
        "很喜欢的一首歌",
        "科普田中将大在06年甲子园冠军赛打了两天共27局投了165球，最后输给投了178球的斎藤佑树，而田中将大也是最后一个出局，被斎藤佑树三振的人(高中生投手也要打击)视频中虽然田中是拍的投球，但其实那个被三振而跪下才是影射田中本人"
    ],
    "tags": [
        "音乐",
        "音乐综合",
        "音乐选集"
    ]
}