{
    "id": 10006777,
    "title": "【风笑试玩】这是一个帽子决定实力的游戏丨moomoo.io 试玩",
    "abstract": "很可惜在这游戏里绿色并不强大",
    "authorId": 2019740,
    "uploadTime": 1492828515.0,
    "playCount": 944770,
    "commentCount": 1875,
    "bulletCommentCount": 6389,
    "imageUrl": "http://i1.hdslb.com/bfs/archive/464ec3957647f7c3b31a4aaaeb96128f1f9be147.jpg",
    "feedback": {
        "like": "7297",
        "coin": "6634",
        "star": "4580",
        "share": "636"
    },
    "comments": [
        "老大:你的性命自己保管好，让我退队成为你登基的垫脚石吧，杀掉我，这个服务器就是你的了，再见了，我曾经的小跟班。",
        "见习搬运工",
        "笑笑:我要夺权首领:你的帽子好漂亮笑笑:XD（高兴，不夺权了）",
        "北国风光，千里冰封，万里雪飘。那是我第一次造属于我自己的基地，第一次造属于我的部队，一个人，虽然孤独，但过得还算不错，我自喜道。“你们是在勾引我进去吗？好啊!”我冲了进去，刀剑挥舞着，还没有看清我的刀他就倒在了地上...嘴中喃喃的说些什么。我占领了他们的基地，也是自从那次开始，我拿着一把刀，神挡杀神，佛挡杀佛!............我在外面征途了太久太久，刀上沾满了血迹，我厌倦了这种生活...无趣，孤独。我想回家看看，那个最初的家!却发现...有个人在里面..!“你别想活着出去!”“需要帮忙吗？”那是我第一次见到他，他是那么的帅气，拿着一把重剑带着我冲了进去，抢回了我的家。“谢谢你，这曾经是我的家，我的命已经属于你了”他深邃的眼神中好像有一股光，转瞬即逝，淡淡的说了一句“我不需要。”他带着我来到了他的基地，我第一次感受有到同伴的陪伴时间多么幸福的事情，他，就像饱经沙场的战士一样，这让我重获了斗志，我鼓舞着我的同伴们，和他们一起走过千山万水，每当攻陷了一个部落，他总是站在部落的最高处，眺望着远方...眼神流露出来的，不是兴奋，而是空洞。他不见了。“你去哪儿了？我们还需要你的带领!”我对着空气自言自语，手中拿着他曾经与我交战时的弓箭，手握的更紧了，我一定要找到他!过了很久很久，春夏换季，当我觉得我再也找不到他的时候，他出现在了我的面前，还是那个帽子，还是那把重剑，他重回到了我的视线中!可他再也不是曾经的首领，我望着他***前的徽章。“老大，是你吗？”“是我。”“为什么一句话都没有留下就走了”他没有说话，眼神中早已不是空洞，充满了挑战的目光。他一定在那个部落很开心吧...“你走吧，看在我们的交情。”转身，我把手高高举起，那是我们部落的手势。“哎，这个手势是什么意思？”“这个代表着无论你在什么地方，什么时候，我都与你同在，当然啦，我们一定不会分开的。”脑海中挥之不去的是我们的回忆，我再也不能见到他了吧...“青山不改，绿水长流，后会有期。”他道。",
        "青铜殿堂"
    ],
    "tags": [
        "游戏",
        "电子竞技",
        "逆风笑",
        "io",
        "大牙又死了",
        "moomoo.io",
        "原谅帽"
    ]
}