{
    "id": 10006971,
    "title": "一觉醒来发现男友变脸了！你能接受吗",
    "abstract": "假如你的男友偷偷去整容，还整成了爱豆模样，你能接受吗，这次小君可是在春熙路拍的哦！",
    "authorId": 96122817,
    "uploadTime": 1492828710.0,
    "playCount": 56899,
    "commentCount": 248,
    "bulletCommentCount": 115,
    "imageUrl": "http://i1.hdslb.com/bfs/archive/4a179c778a48f200f34afd6c4c8620675360d484.jpg",
    "feedback": {
        "like": "0",
        "coin": "37",
        "star": "104",
        "share": "85"
    },
    "comments": [
        "一觉醒来，如果女友变了。。。。。想想都激动",
        "一觉醒来 男朋友变成了电动玩具 怕是美滋滋哦",
        "大会员2018年度勋章",
        "一醒来女友比我还大我真的就美滋滋了(=・ω・=)",
        "为啥你们都画一样的眉毛????"
    ],
    "tags": [
        "是在下输了",
        "搞笑",
        "生活",
        "搞笑",
        "奇葩",
        "高能",
        "搞笑视频",
        "生活",
        "整容",
        "爱豆",
        "小君看美女",
        "维立方"
    ]
}