{
    "id": 10007309,
    "title": "【超级格斗欧布·第二话】 三位一体形态登场！！！",
    "abstract": "转载\n超级格斗欧布\n【每周6持续为大家更新】",
    "authorId": 4532709,
    "uploadTime": 1492829011.0,
    "playCount": 30105,
    "commentCount": 193,
    "bulletCommentCount": 212,
    "imageUrl": "http://i0.hdslb.com/bfs/archive/8267098b37a7540194032ae6b221ae70b71cf995.jpg",
    "feedback": {
        "like": "17",
        "coin": "27",
        "star": "178",
        "share": "138"
    },
    "comments": [
        "收集达人",
        "白银殿堂",
        "大会员2018年度勋章",
        "收集萌新",
        "别做梦，这江山还是姓赛的兽路都出来被鞭尸了"
    ],
    "tags": [
        "格斗",
        "奥特曼",
        "特摄",
        "动画",
        "特摄",
        "杰克",
        "赛罗",
        "佐菲“炎头队长”",
        "三位一体",
        "赛文",
        "欧布"
    ]
}