{
    "id": 10006754,
    "title": "【墨桉陌胄】东风志",
    "abstract": "本家：av4921843  原唱：Aki阿杰  作词：择荇  作曲：银临  编曲：灰原穷  \n笛子：水玥儿         二胡：EZ-ven   画师：荼佘  美工：扶南  \n翻唱：黎笙&徴羽   后期：青霄蕴\n时隔好几个月的第二弹。",
    "authorId": 20821625,
    "uploadTime": 1492827172.0,
    "playCount": 176,
    "commentCount": 22,
    "bulletCommentCount": 9,
    "imageUrl": "http://i2.hdslb.com/bfs/archive/83321cd694721d797afd95769531a4fe778febe1.jpg",
    "feedback": {
        "like": "2",
        "coin": "33",
        "star": "12",
        "share": "80"
    },
    "comments": [
        "来评论区拍个手",
        "表白我的宝贝陌陌",
        "***(=・ω・=)",
        "。。。我的第一呢！！",
        "第一哈|･ω･｀)"
    ],
    "tags": [
        "国风音乐",
        "古风",
        "翻唱",
        "音乐",
        "翻唱",
        "东风志翻唱"
    ]
}