{
    "id": 10007648,
    "title": "【LYB麦克雷】膝盖走路，绕后午时，拿人头如探囊取物",
    "abstract": "第二期来咯，BGM：白いスーツのテーマ，Glorious (OLWIK Remix)。\n前半段为原创，后面有转载，出自《努巴尼守望先锋》和《午时已到》。\n素材都用光啦T-T，近期UP主就先打素材吧，下期视频还没想好。\n同学们想看哪个英雄，可以在评论区留言。",
    "authorId": 50318280,
    "uploadTime": 1492830364.0,
    "playCount": 302,
    "commentCount": 4,
    "bulletCommentCount": 1,
    "imageUrl": "http://i1.hdslb.com/bfs/archive/2489ad8f9b9e7a375bf2a9923de424e54054bd6c.jpg",
    "feedback": {
        "like": "0",
        "coin": "2",
        "star": "0",
        "share": "68"
    },
    "comments": [
        "表示想看黑百合呢",
        "加油哦，来自群里的关怀????",
        "大家想看什么英雄，可以在评论区留言，我一定会认真做的(=・ω・=)",
        "这一期的剪辑做的不是很好，望各位见谅"
    ],
    "tags": [
        "守望先锋",
        "游戏",
        "电子竞技",
        "电子竞技"
    ]
}