{
    "id": 10007223,
    "title": "算6666活动，心算测试",
    "abstract": "算6666，赢小米6优先购买权！一分钟心算测试",
    "authorId": 32912849,
    "uploadTime": 1492831999.0,
    "playCount": 441,
    "commentCount": 5,
    "bulletCommentCount": 0,
    "imageUrl": "http://i0.hdslb.com/bfs/archive/83525bd78481683e6733fc88bbba0d790f8c0d1d.jpg",
    "feedback": {
        "like": "1",
        "coin": "2",
        "star": "2",
        "share": "72"
    },
    "comments": [
        "- - 写了个程序来算，手动输入。 输了40分钟，一个都没抽中....这概率....",
        "6666，从10.28到10.29，确实叼",
        "怎么算那么快的",
        "向大佬低头",
        "收集萌新"
    ],
    "tags": [
        "科技",
        "数码",
        "数码"
    ]
}