{
    "id": 10007650,
    "title": "【小明】小猫突击队※EP1：存档丢了，重新开始！",
    "abstract": "哈啰大家好，我是小明\n今天带来的是小猫突击队~\n存档坏了，只好重新开始咯~\n小明唯一QQ：1195595944\n你们的支持就是我的动力！",
    "authorId": 100188168,
    "uploadTime": 1492832277.0,
    "playCount": 122,
    "commentCount": 1,
    "bulletCommentCount": 1,
    "imageUrl": "http://i1.hdslb.com/bfs/archive/0c8c87630a4a3b6dc9b24377978d64fbc2a7df67.jpg",
    "feedback": {
        "like": "0",
        "coin": "0",
        "star": "0",
        "share": "80"
    },
    "comments": [
        "白银殿堂"
    ],
    "tags": [
        "游戏",
        "单机游戏",
        "实况攻略",
        "实况解说",
        "娱乐",
        "攻略",
        "实况",
        "游戏视频",
        "小猫突击队"
    ]
}