{
    "id": 10007017,
    "title": "[油管转载]守望先锋太平洋职业锦标赛 SST vs M17 - W1D1 Match 3 - OPC S1",
    "abstract": "https://gaming.youtube.com/channel/UC4pKt7WmuYEsfssbKdr_bLg#tab=2\n游戏：守望先锋\nyoutube台湾游戏解说",
    "authorId": 15989106,
    "uploadTime": 1492828937.0,
    "playCount": 34,
    "commentCount": 0,
    "bulletCommentCount": 0,
    "imageUrl": "http://i2.hdslb.com/bfs/archive/ca0833dc8a1f34e82bc05fd8ca3e6d2864d50718.jpg",
    "feedback": {
        "like": "0",
        "coin": "0",
        "star": "0",
        "share": "66"
    },
    "comments": [],
    "tags": [
        "守望先锋",
        "游戏",
        "电子竞技",
        "电子竞技",
        "实况攻略",
        "网络游戏",
        "实况解说",
        "电竞比赛",
        "Youtube搬运"
    ]
}