{
    "id": 10007570,
    "title": "Mental Omega 3.3.1 TY's Tournament BO5 其一",
    "abstract": "https://www.youtube.com/watch?v=J6OR5vdS8AE\n几天没出后续，我以为这个比赛就结束了，或者A居然没拿到虐菜冠军之类的。\n这次是BO5，一共4个视频，每个视频里面分2P。\n第一P正片，A视角。第二P我添加了OB视角，给有需要的看看OB视角吧。\n发这一系列视频的时候我也没来得及看内容，因为光下就下8个，还记得别搞混了，类似于之前的标题事件……\n所以后续几个PVP暂时不会有简介。\n反正今天是周末，大家慢慢看着玩吧。",
    "authorId": 2647081,
    "uploadTime": 1492831741.0,
    "playCount": 348,
    "commentCount": 5,
    "bulletCommentCount": 3,
    "imageUrl": "http://i0.hdslb.com/bfs/archive/1cc1e357a13259bf5c5b0635ccbba859ac3df40a.jpg",
    "feedback": {
        "like": "0",
        "coin": "0",
        "star": "2",
        "share": "86"
    },
    "comments": [
        "知名偶像",
        "这个封锁的手法还真像美国的作风"
    ],
    "tags": [
        "红色警戒",
        "游戏",
        "单机游戏",
        "心灵终结3",
        "PVP系列",
        "心灵终结 MENTAL OMEGA"
    ]
}