{
    "id": 10007547,
    "title": "【坦克音乐】这才是男人的浪漫，枪声音乐已经和我一样过气了",
    "abstract": "https://www.youtube.com/watch?v=EtbJW9OQoaE\n原作：WoT2.0- Tank Gun Sync Far Away #[5]",
    "authorId": 37260201,
    "uploadTime": 1492830233.0,
    "playCount": 2108,
    "commentCount": 13,
    "bulletCommentCount": 28,
    "imageUrl": "http://i2.hdslb.com/bfs/archive/416610b440e3a9123fad7e2f8be79b688f7d8e5d.jpg",
    "feedback": {
        "like": "16",
        "coin": "25",
        "star": "63",
        "share": "77"
    },
    "comments": [
        "收集萌新",
        "资深委员",
        "第4个",
        "男人专属的浪漫",
        "巨舰大炮才是男人的浪漫，用舰W的炮声更好（￣▽￣）"
    ],
    "tags": [
        "鬼畜调教",
        "鬼畜",
        "鬼畜",
        "鬼畜调教",
        "洗脑循环",
        "镇站之宝",
        "洗脑",
        "新人都是怪物",
        "新人向"
    ]
}