{
    "id": 10006818,
    "title": "LCK 決賽賽前訪問 SKT v KT 誰才是春季的王者!",
    "abstract": "https://www.youtube.com/watch?v=4ICipvsybf0\nLeague of Legends\n22日下午16点开始比赛\ns7总决赛预演  虽这么说但是今天中国队我莫名的对他们有信心",
    "authorId": 21056945,
    "uploadTime": 1492827294.0,
    "playCount": 2280,
    "commentCount": 6,
    "bulletCommentCount": 6,
    "imageUrl": "http://i2.hdslb.com/bfs/archive/3b6d96aa799d78bd6d98f99da76a52fc8866bd47.jpg",
    "feedback": {
        "like": "0",
        "coin": "0",
        "star": "11",
        "share": "76"
    },
    "comments": [
        "Skt三局3:0完胜KT",
        "0:3啊 mata脸好痛",
        "饭圈楷模",
        "饭圈楷模",
        "哪天开打？"
    ],
    "tags": [
        "英雄联盟",
        "游戏",
        "电子竞技",
        "电子竞技",
        "网络游戏",
        "游戏视频"
    ]
}