{
    "id": 10006830,
    "title": "联盟点滴61：茂凯改动 新动作 新技能预览",
    "abstract": "youtube\n联盟点滴61：茂凯改动 新动作 新技能预览",
    "authorId": 92654539,
    "uploadTime": 1492827786.0,
    "playCount": 251,
    "commentCount": 1,
    "bulletCommentCount": 1,
    "imageUrl": "http://i1.hdslb.com/bfs/archive/bcbdc827ca2c703ac7fe7bd64d27128416752b6c.jpg",
    "feedback": {
        "like": "0",
        "coin": "0",
        "star": "0",
        "share": "66"
    },
    "comments": [
        "这个w不如爬过去"
    ],
    "tags": [
        "英雄联盟",
        "游戏",
        "电子竞技",
        "电子竞技",
        "飞熊字幕组",
        "飞熊TV"
    ]
}