{
    "id": 10007489,
    "title": "方媛被曝怀男孩预产期11月，郭富城还奖了她88万",
    "abstract": "幸福传媒\n郭富成 方媛",
    "authorId": 28771626,
    "uploadTime": 1492830573.0,
    "playCount": 100,
    "commentCount": 0,
    "bulletCommentCount": 0,
    "imageUrl": "http://i1.hdslb.com/bfs/archive/cfcae373cc51156b970a8a8df1a2bc4ead616205.jpg",
    "feedback": {
        "like": "0",
        "coin": "1",
        "star": "0",
        "share": "72"
    },
    "comments": [],
    "tags": [
        "娱乐",
        "明星",
        "明星"
    ]
}