{
    "id": 10006972,
    "title": "锻刀大赛第三季E13 熟肉",
    "abstract": "转自Youtube沈飞的游戏台\n锻刀大赛第三季,转自Youtube沈飞的游戏台,熟肉",
    "authorId": 6981344,
    "uploadTime": 1492829844.0,
    "playCount": 42739,
    "commentCount": 16,
    "bulletCommentCount": 725,
    "imageUrl": "http://i2.hdslb.com/bfs/archive/a14bff867abd4d11b63dd3248b37a51011ba9fe5.jpg",
    "feedback": {
        "like": "34",
        "coin": "24",
        "star": "203",
        "share": "107"
    },
    "comments": [
        "收集萌新",
        "细节决定成败-  -",
        "圆月弯刀嘛",
        "很精彩",
        "哈啾哈啾"
    ],
    "tags": [
        "技术宅",
        "纪录片",
        "人文·历史",
        "纪录片",
        "历史频道"
    ]
}