{
    "id": 10007001,
    "title": "西安回民街",
    "abstract": "寒假无聊上街溜达拍的。。。",
    "authorId": 38808940,
    "uploadTime": 1492829216.0,
    "playCount": 280,
    "commentCount": 2,
    "bulletCommentCount": 0,
    "imageUrl": "http://i2.hdslb.com/bfs/archive/20e545f6af26c2c78e5f11601f1fe2328649cdba.jpg",
    "feedback": {
        "like": "2",
        "coin": "5",
        "star": "7",
        "share": "90"
    },
    "comments": [
        "up主推荐一下你们西安的美食呗",
        "第一啦"
    ],
    "tags": [
        "旅游",
        "生活",
        "日常",
        "生活",
        "自制",
        "论BGM的重要性",
        "日常"
    ]
}