{
    "id": 10006897,
    "title": "被霍金阻止，震撼全球的中国“天眼计划”，到底有多厉害？",
    "abstract": "http://www.toutiao.com/a6411484143179268610/\n霍金爷爷你好不厚道哦~\n群:682912470（不定期女装大佬福利）",
    "authorId": 8134391,
    "uploadTime": 1492827726.0,
    "playCount": 18831,
    "commentCount": 144,
    "bulletCommentCount": 138,
    "imageUrl": "http://i0.hdslb.com/bfs/archive/8072a95b0ca5cec2bafac5989492de3331411b0e.jpg",
    "feedback": {
        "like": "9",
        "coin": "12",
        "star": "138",
        "share": "91"
    },
    "comments": [
        "见习搬运工",
        "人理拯救者",
        "我只是去上个厕所，回来一楼就被抢了。什么鬼？",
        "大会员2018年度勋章",
        "大会员2018年度勋章"
    ],
    "tags": [
        "知识",
        "社科·法律·心理",
        "霍金",
        "趣味科普人文",
        "天眼计划"
    ]
}