{
    "id": 10006912,
    "title": "【书说CSGO】SK·Envyus·1#ca·巅峰联赛首轮@Book-Sir中文解说",
    "abstract": "CS_SUMMIT（巅峰联赛）首轮，SK vs Envyus，BO3-1，Cache，2017年4月21日凌晨于美国洛杉矶，Book-Sir中文解说。",
    "authorId": 66024599,
    "uploadTime": 1492828623.0,
    "playCount": 1590,
    "commentCount": 14,
    "bulletCommentCount": 37,
    "imageUrl": "http://i1.hdslb.com/bfs/archive/bcb01b5cf69a3a200e1f586889b63b7192f96b79.jpg",
    "feedback": {
        "like": "0",
        "coin": "71",
        "star": "9",
        "share": "71"
    },
    "comments": [
        "饭圈大佬",
        "饭圈楷模",
        "收集萌新",
        "envyus已经回家了(〜￣△￣)〜",
        "饭圈大佬"
    ],
    "tags": [
        "电竞赛事",
        "CS:GO",
        "游戏",
        "电子竞技",
        "游戏赛事",
        "电子竞技",
        "SK",
        "Envyus",
        "cache",
        "CS_Summit"
    ]
}