{
    "id": 10007215,
    "title": "【滴胶】琴谱夹制作过程",
    "abstract": "粉嫩嫩的琴谱夹制作，希望我的视频可以给大家带来一些帮助，觉得视频不错的小伙伴可以加璃墨的QQ2656163128，谢谢大家！",
    "authorId": 38298068,
    "uploadTime": 1492829230.0,
    "playCount": 671,
    "commentCount": 4,
    "bulletCommentCount": 2,
    "imageUrl": "http://i2.hdslb.com/bfs/archive/8ae8c304bc02c2a8f072b8ef4c28ccd71a75a6b4.jpg",
    "feedback": {
        "like": "1",
        "coin": "8",
        "star": "15",
        "share": "88"
    },
    "comments": [
        "不能用烘干美甲的那个机器码？",
        "第一，投个币"
    ],
    "tags": [
        "手工",
        "生活",
        "手工",
        "制作"
    ]
}