{
    "id": 10007687,
    "title": "无集武士道弓天彗6:58",
    "abstract": "打得不好，甚至忘记吃怪力种子，但是不知道为什么突然打进了7分钟。目标单区击杀。",
    "authorId": 213558,
    "uploadTime": 1492832358.0,
    "playCount": 4890,
    "commentCount": 93,
    "bulletCommentCount": 59,
    "imageUrl": "http://i1.hdslb.com/bfs/archive/525c4b39bd8a2640ab8af0cb9ce47fbbf61552cd.jpg",
    "feedback": {
        "like": "3",
        "coin": "132",
        "star": "14",
        "share": "103"
    },
    "comments": [
        "青铜殿堂",
        "黄金殿堂",
        "丸子你的天邪鬼呢？(╯°口°)╯(┴—┴",
        "大会员2018年度勋章",
        "收集萌新"
    ],
    "tags": [
        "游戏",
        "单机游戏",
        "怪物猎人XX",
        "天彗龙"
    ]
}