{
    "id": 10007700,
    "title": "UNO RUINS FRIENDSHIP | Uno  w/Mark|Bob|Wade",
    "abstract": "https://www.youtube.com/watch?v=Sugcj8dSNmU\nUNO",
    "authorId": 11666472,
    "uploadTime": 1492832444.0,
    "playCount": 210,
    "commentCount": 2,
    "bulletCommentCount": 2,
    "imageUrl": "http://i0.hdslb.com/bfs/archive/3ed746cf975d4bf79a9cdef598242ce03ae6db73.jpg",
    "feedback": {
        "like": "1",
        "coin": "2",
        "star": "4",
        "share": "95"
    },
    "comments": [
        "他们玩UNO啦啦啦啦啦",
        "Hhhhhhhhh好喜欢看他们玩uno"
    ],
    "tags": [
        "游戏",
        "桌游棋牌",
        "UNO",
        "Jacksepticeye",
        "友谊的小船说范就翻"
    ]
}