{
    "id": 10007160,
    "title": "Nike SB | Luan Oliveira, Yuri Facchini and Crew | Extras",
    "abstract": "Luan Oliveira\nNike SB | Luan Oliveira, Yuri Facchini and Crew | Extras",
    "authorId": 94222019,
    "uploadTime": 1492830017.0,
    "playCount": 390,
    "commentCount": 0,
    "bulletCommentCount": 0,
    "imageUrl": "http://i0.hdslb.com/bfs/archive/cdd664e8b0aa3648a300727c46d354dc640d9a36.jpg",
    "feedback": {
        "like": "1",
        "coin": "0",
        "star": "9",
        "share": "91"
    },
    "comments": [],
    "tags": [
        "滑板",
        "运动",
        "运动综合",
        "运动"
    ]
}