{
    "id": 10007593,
    "title": "【MMD舰C】lamb.【航空战队的航迹】(1917～1941&1941~1945)",
    "abstract": "P1 sm30398539  P2 sm30398554\n2017/01/09\n作者 柚鈴",
    "authorId": 1579983,
    "uploadTime": 1492830349.0,
    "playCount": 306,
    "commentCount": 1,
    "bulletCommentCount": 7,
    "imageUrl": "http://i0.hdslb.com/bfs/archive/74fcecbe71da82dbe0fc6b49306f375c1e7d2a3e.jpg",
    "feedback": {
        "like": "1",
        "coin": "6",
        "star": "36",
        "share": "91"
    },
    "comments": [
        "第一，走起(°∀°)ﾉ"
    ],
    "tags": [
        "动画",
        "MMD·3D",
        "海航史录",
        "历史解说",
        "Lamb.",
        "MMD舰C",
        "航空战队"
    ]
}