{
    "id": 10007775,
    "title": "【指弹 吉他】中川砂仁 - The Sprinter_高清",
    "abstract": "优酷扒来的\n第一次上传，有那么一点小激动",
    "authorId": 10942894,
    "uploadTime": 1492830448.0,
    "playCount": 37401,
    "commentCount": 70,
    "bulletCommentCount": 87,
    "imageUrl": "http://i0.hdslb.com/bfs/archive/c8bf70287a5ab02205b6e35f2ff40348bf863329.jpg",
    "feedback": {
        "like": "437",
        "coin": "156",
        "star": "953",
        "share": "807"
    },
    "comments": [
        "知名搬运工",
        "大会员2018年度勋章",
        "“他的一生如短跑者一般绚丽而又短暂”",
        "见习搬运工",
        "中川的很多曲子不难但是却很能打动人，像在述说某个故事一样"
    ],
    "tags": [
        "木吉他",
        "演奏",
        "音乐",
        "演奏",
        "指弹",
        "独奏"
    ]
}