{
    "id": 10007035,
    "title": "剑网三双人轻功之~秀歌花毒喵咩~",
    "abstract": "顺序：七秀 长歌 万花 五毒 明教 纯阳。这些都是自己和亲友的号，没有凑齐全门派。之前因为录制软件问题视频太卡了，这次换了录制软件重新录了一部分门派，稍微好些。",
    "authorId": 4727848,
    "uploadTime": 1492831818.0,
    "playCount": 10316,
    "commentCount": 80,
    "bulletCommentCount": 165,
    "imageUrl": "http://i0.hdslb.com/bfs/archive/d0ba9cdec17e9399cd966329674a7f84e63e1875.jpg",
    "feedback": {
        "like": "10",
        "coin": "78",
        "star": "140",
        "share": "183"
    },
    "comments": [
        "我还是觉得秀秀最美ε=ε=(ノ≧∇≦)ノ",
        "给up比心！终于不是ppt了23333  up辛苦啦 猴看！",
        "以后可以双开挖宝不用分开来飞了，美滋滋",
        "花花 : 我要让所有人知道，这片荷塘被你承包了",
        "悄咪咪的问一下用的什么录制软件(=・ω・=)"
    ],
    "tags": [
        "剑网3",
        "游戏",
        "网络游戏",
        "网络游戏",
        "剑网三",
        "明教",
        "七秀",
        "五毒",
        "长歌",
        "纯阳",
        "万花",
        "双飞",
        "双人轻功"
    ]
}