{
    "id": 10006796,
    "title": "具有鳍条驱动器的仿生物体",
    "abstract": "费斯托\n通过气动驱动，并在结构、外形与运动学方面参照其自然样板。通过四块气动肌腱可以进行S形运动以及尾部的灵活转向。当在侧方施压时，这一几何结构自主朝施压方向弯曲。由此与自然生物相同，可以在水中充分施展其鳍条转向力度。",
    "authorId": 11432431,
    "uploadTime": 1492827690.0,
    "playCount": 962,
    "commentCount": 0,
    "bulletCommentCount": 0,
    "imageUrl": "http://i0.hdslb.com/bfs/archive/fd7e685f9fa46dfc1238daf5296d0c53855d65aa.png",
    "feedback": {
        "like": "3",
        "coin": "2",
        "star": "28",
        "share": "77"
    },
    "comments": [],
    "tags": [
        "知识",
        "野生技能协会",
        "仿生学",
        "鳍条"
    ]
}