{
    "id": 10007733,
    "title": "内测游戏试玩 bong:高质量的放置类游戏！",
    "abstract": "少年我觉得你需要一点欧气！\nbong不仅是一款挂机游戏 同时他也是玄学游戏\n玄学在于开蛋的那一刻！",
    "authorId": 30902000,
    "uploadTime": 1492857196.0,
    "playCount": 1805,
    "commentCount": 6,
    "bulletCommentCount": 4,
    "imageUrl": "http://i1.hdslb.com/bfs/archive/334946f95b82e6cbf12b4d8ac4a885869039a0b3.jpg",
    "feedback": {
        "like": "1",
        "coin": "6",
        "star": "5",
        "share": "82"
    },
    "comments": [
        "收集萌新",
        "UP主。彩蛋还是迷蛋好？",
        "青铜殿堂",
        "惊现远古素材"
    ],
    "tags": [
        "游戏",
        "手机游戏",
        "手机游戏",
        "新人"
    ]
}