{
    "id": 10006779,
    "title": "蔚来EP9无人驾驶版（有字幕）",
    "abstract": "nio.com\n全球最快电动汽车\n257公里/小时\n全球最快无人驾驶汽车\n得州奥斯汀美洲赛道 2017年2月23日",
    "authorId": 39184703,
    "uploadTime": 1492827689.0,
    "playCount": 15600,
    "commentCount": 145,
    "bulletCommentCount": 92,
    "imageUrl": "http://i0.hdslb.com/bfs/archive/41e7a194b4768169f7b1b82e8c9ccf6b2996e479.jpg",
    "feedback": {
        "like": "30",
        "coin": "10",
        "star": "220",
        "share": "187"
    },
    "comments": [
        "EP9拥有四电机四轮独立变速箱，1360匹马力，外加电动机的先天优势，纽北圈速却比比700匹不到的埃文塔多还慢，这又怎么解释呢？这让我想起了之前看到的一个关于挑战者srt地狱猫和法拉利458的争论，超跑需要的不仅仅是要直线加速快，更需要过弯极限高。实际圈速表明EP9仅仅只是做到了直线加速快，过弯极限并不高，也就是说有了大马力但底盘**水平依旧很低。只有这种类似肌肉车的水平的“超跑”在国外是根本没有人接受的，不过在中国这种对性能的理解仅停留在以零百论英雄的国家炫耀一下已经足够了",
        "好人卡",
        "NIO蔚来EP9超跑在纽博格林的1080P高清视频。有朋友问，超跑的研发团队为什么在英国？蔚来Formula E和超跑团队都在英国，就如同奔驰的F1车队和SLR团队都在英国一样，那里有最好的赛车人才。可以放心的是，所有的知识产权和团队，都是属于蔚来汽车，这个全球人才视野的中国企业。 除了英国的赛车团队，蔚来汽车的造型设计团队在德国慕尼黑；科技和自动驾驶等团队在美国旧金山（并且拿到了加州上路的许可）；车辆工程、生产制造、电驱动等团队，在中国上海的总部。",
        "青铜殿堂",
        "电动机高速状态扭矩表现比较差，直接表现就是高速继续提速困难，且极速非常有限，难以继续提升。而内燃机正好相反。这大概就是某热评觉得EP9不如意的原因吧。  EP9确实跑圈还不如某些内燃机的超跑。但是你不去找原因，一味的嘲讽就有点过头了。毕竟，你又不会开这车，跟你又有什么关系？"
    ],
    "tags": [
        "跑车",
        "赛车",
        "机械",
        "汽车",
        "汽车",
        "汽车生活",
        "速度",
        "测试",
        "科技",
        "电动汽车",
        "无人车"
    ]
}