{
    "id": 10006672,
    "title": "【对比】全职高手bgm不变视频倒放",
    "abstract": "bgm不晓得\n素材来自腾讯视频\n爱剪辑的倒放效果感觉比pr好多了，决定了，下一个视频的bgm就是它了，老规矩求评价QAQ",
    "authorId": 11745230,
    "uploadTime": 1492826915.0,
    "playCount": 7488,
    "commentCount": 44,
    "bulletCommentCount": 87,
    "imageUrl": "http://i2.hdslb.com/bfs/archive/6ededf75ce8d818b09828881010c49752ac11096.jpg",
    "feedback": {
        "like": "2",
        "coin": "43",
        "star": "123",
        "share": "106"
    },
    "comments": [
        "除了那段往前走的别的都毫无违和感啊",
        "青铜殿堂",
        "毫无违和感，拿去骗同学（⌒▽⌒）",
        "大收藏家",
        "大会员2018年度勋章"
    ],
    "tags": [
        "国创",
        "国产原创相关",
        "全职高手",
        "燃曲",
        "同人",
        "BGM",
        "op倒放"
    ]
}