{
    "id": 10007320,
    "title": "一首最适合婚礼上新郎新娘对唱的情歌，好听哭了，气氛简直嗨到爆",
    "abstract": "我们春伊沙画（www.chunyi521.com）作为9年专业定制的沙画团队，包括：婚礼沙画、儿童沙画、寿宴沙画、生日沙画、企业沙画、沙画表演、沙画视频制作等等。我们一直坚信原创真挚的作品才能打动群众，平凡的故事演绎的不平凡，普通的画面变得唯美动人，沙画的美丽就是能给我们这样震撼人心的感受。\n咨询QQ：4000873876",
    "authorId": 57091057,
    "uploadTime": 1492831327.0,
    "playCount": 2651,
    "commentCount": 0,
    "bulletCommentCount": 1,
    "imageUrl": "http://i2.hdslb.com/bfs/archive/7c6b13509c71875b45ca22ffffd1b775647abdd3.jpg",
    "feedback": {
        "like": "0",
        "coin": "0",
        "star": "8",
        "share": "86"
    },
    "comments": [],
    "tags": [
        "生活",
        "日常",
        "音乐",
        "日常",
        "生活",
        "广告",
        "时尚",
        "涨姿势",
        "原创",
        "自制",
        "春伊沙画"
    ]
}