{
    "id": 10007064,
    "title": "【佐和子的早晨】2017年4月22日",
    "abstract": "miomio\n侵权删\n\nサワコの朝 guest: 夏目三久 朝の顔が見せない顔 170422\nフリーアナウンサー／夏目三久▽大学時代4年間やっていたフラメンコをスタジオで踊る！？夏目三久の新たな魅力にサワコが迫ります！\n\n因为有吉大师的原因对夏目的心情略复杂，以后应该不怎么会传关于她的节目。",
    "authorId": 6680522,
    "uploadTime": 1492828764.0,
    "playCount": 3423,
    "commentCount": 4,
    "bulletCommentCount": 8,
    "imageUrl": "http://i2.hdslb.com/bfs/archive/5a858f64d3ff12defb79afd2761f40068f9d64fa.jpg",
    "feedback": {
        "like": "6",
        "coin": "2",
        "star": "16",
        "share": "82"
    },
    "comments": [
        "档源找不到完整的就传了这个，该讲的差不多也都讲了。"
    ],
    "tags": [
        "日本综艺",
        "综艺",
        "娱乐",
        "综艺",
        "夏目三久",
        "阿川佐和子"
    ]
}