{
    "id": 10006930,
    "title": "【縩菜丶彩墨】初次剁手彩墨分装炸药包+玻璃笔——试色分享（内含15支彩墨！）",
    "abstract": "up微博@某菜的剁手日常\n\n第一次用玻璃笔不是很习惯，字本来写的也不好\n多多包涵啦\n重点是看颜色嘿嘿",
    "authorId": 11224945,
    "uploadTime": 1492828217.0,
    "playCount": 13429,
    "commentCount": 84,
    "bulletCommentCount": 125,
    "imageUrl": "http://i0.hdslb.com/bfs/archive/223412a808a28de35cc9edfeb69b99034487b9f5.jpg",
    "feedback": {
        "like": "3",
        "coin": "21",
        "star": "241",
        "share": "90"
    },
    "comments": [
        "青铜殿堂",
        "收集萌新",
        "我想在我们这里买玻璃笔，找了所有比较像样的文具店，都没有！哭！",
        "你洗笔的小杯杯，让我瞬间尴尬了",
        "bgm是troye sivan的fools！"
    ],
    "tags": [
        "手帐",
        "购物分享",
        "手工",
        "生活",
        "手工",
        "艺术"
    ]
}