{
    "id": 10007283,
    "title": "【星际2】突变模式：玄学之轮",
    "abstract": "哑巴 哑巴",
    "authorId": 1706280,
    "uploadTime": 1492829739.0,
    "playCount": 208,
    "commentCount": 5,
    "bulletCommentCount": 0,
    "imageUrl": "http://i0.hdslb.com/bfs/archive/349c84ca43e1979f1e0882a506f5818fc668fbd7.png",
    "feedback": {
        "like": "0",
        "coin": "10",
        "star": "2",
        "share": "80"
    },
    "comments": [
        "饭圈楷模",
        "高级搬运工",
        "职业选手画质",
        "咕咕（震惊！某up主在和神秘队友打完一局能使人变瞎的游戏后居然变成哑巴了！）",
        "咕咕咕咕咕咕咕咕咕咕咕咕咕咕咕咕咕咕"
    ],
    "tags": [
        "游戏",
        "电子竞技",
        "电子竞技",
        "星际2",
        "突变模式"
    ]
}