{
    "id": 10006793,
    "title": "【随心所欲mercy】报告舰长，前方发现史诗级崩坏现象，圣女已经躺下了。",
    "abstract": "modle by神帝宇\nstage  byまきがね\nmotion  by moka （大部分已被自改）\ncamer  by  Luyến Bảo Lộc（略有调整）\nMME  ray1.3.0  TK  AutoLuminous4   空中に漂う埃\n注意！这个只是个预告向的，原计划是弄三人版的但工程有点大，所以县弄的单人的\nK帧技术略渣，请不要在意，如果觉得还可以的话可以试试弄三人的。\n顺便宣传下朋友的舰团群282812321欢迎dalao参观",
    "authorId": 20614831,
    "uploadTime": 1492827556.0,
    "playCount": 22134,
    "commentCount": 142,
    "bulletCommentCount": 188,
    "imageUrl": "http://i0.hdslb.com/bfs/archive/513f1a32c6a52d2f39ead0997b15c7e7dcba6078.jpg",
    "feedback": {
        "like": "29",
        "coin": "418",
        "star": "1639",
        "share": "156"
    },
    "comments": [
        "白银殿堂",
        "看不下去了，琪亚娜，考试及格了吗？",
        "感觉背景太白了，和月光一起看不太清晰啊",
        "黄金殿堂",
        "大会员2018年度勋章"
    ],
    "tags": [
        "崩坏3",
        "动画",
        "MMD·3D",
        "手机游戏",
        "MMD.3D",
        "舞蹈MMD",
        "萌萌哒",
        "随心所欲Mercy",
        "没人看也要更系列"
    ]
}