{
    "id": 10007586,
    "title": "【HKT】来挑战深情对视5s 田岛芽瑠 17.4.22 755",
    "abstract": "755\n( ⊙ o ⊙ )啊！",
    "authorId": 6049045,
    "uploadTime": 1492830788.0,
    "playCount": 203,
    "commentCount": 2,
    "bulletCommentCount": 1,
    "imageUrl": "http://i2.hdslb.com/bfs/archive/5e4f8696a76bf7641aaea7b351f9c24c12e1a8f0.jpg",
    "feedback": {
        "like": "0",
        "coin": "1",
        "star": "8",
        "share": "65"
    },
    "comments": [
        "有谁知道一个外国金发美女盯着看很久，看我们能坚持多久的视频！！！！！知道的请和我说一下，非常感谢！！！！就是在B站看的！！！！",
        "血槽已空，怎么能这么可爱呢"
    ],
    "tags": [
        "HKT48",
        "AKB48",
        "娱乐",
        "明星",
        "明星",
        "田岛芽瑠"
    ]
}