{
    "id": 10007107,
    "title": "【战争雷霆】春季活动（四号F2）陆战全真",
    "abstract": "战争雷霆直播回放录像",
    "authorId": 23754961,
    "uploadTime": 1492829538.0,
    "playCount": 139,
    "commentCount": 4,
    "bulletCommentCount": 1,
    "imageUrl": "http://i0.hdslb.com/bfs/archive/fd63f5ac614c423070d67b435d4a90fd755b0881.png",
    "feedback": {
        "like": "2",
        "coin": "6",
        "star": "2",
        "share": "83"
    },
    "comments": [
        "饭圈楷模",
        "收集达人",
        "饭圈楷模"
    ],
    "tags": [
        "战争雷霆",
        "游戏",
        "单机游戏",
        "战争雷霆陆战全真"
    ]
}