{
    "id": 10007453,
    "title": "【Ciri实况】塞尔达传说荒野之息 神兽大象解谜 Part.9",
    "abstract": "【塞尔达传说-荒野之息】  900克罗古种子收集 120试练之祠解谜 \n番外篇-大象解谜 米法小姐姐美如画  \n莫名的有些伤感呢.....",
    "authorId": 10883620,
    "uploadTime": 1492910918.0,
    "playCount": 10305,
    "commentCount": 5,
    "bulletCommentCount": 7,
    "imageUrl": "http://i0.hdslb.com/bfs/archive/90b45d56ea4906646404fa1c33782fa59588f5eb.jpg",
    "feedback": {
        "like": "16",
        "coin": "21",
        "star": "22",
        "share": "100"
    },
    "comments": [
        "大会员2018年度勋章",
        "收集萌新"
    ],
    "tags": [
        "塞尔达传说",
        "游戏",
        "单机游戏",
        "塞尔达传说：荒野之息",
        "荒野之息"
    ]
}