{
    "id": 10006803,
    "title": "上南舞蹈培训",
    "abstract": "上南舞蹈培训\n上海DOSHOP舞蹈培训中心公众号Dos-hop",
    "authorId": 33963782,
    "uploadTime": 1492827527.0,
    "playCount": 10,
    "commentCount": 0,
    "bulletCommentCount": 0,
    "imageUrl": "http://i2.hdslb.com/bfs/archive/790582c81c35bd9e7c707d56a2c5572174c840c2.jpg",
    "feedback": {
        "like": "0",
        "coin": "0",
        "star": "1",
        "share": "70"
    },
    "comments": [],
    "tags": [
        "生活",
        "日常",
        "日常",
        "舞蹈培训中心",
        "doshop",
        "上南舞蹈培训"
    ]
}