{
    "id": 10007047,
    "title": "空岛生存 第一期",
    "abstract": "希望大家多多支持 这期我有点感冒 鼻音有点重 希望大家谅解",
    "authorId": 101330922,
    "uploadTime": 1492829085.0,
    "playCount": 54,
    "commentCount": 5,
    "bulletCommentCount": 6,
    "imageUrl": "http://i1.hdslb.com/bfs/archive/e6378da0868c8f7d4f3c1c28a77475e0019aecb5.jpg",
    "feedback": {
        "like": "0",
        "coin": "5",
        "star": "2",
        "share": "86"
    },
    "comments": [
        "做的不错，给你硬币！(=・ω・=)",
        "注意身体啊 早日康复",
        "在明天我会继续更新坏天使空岛生存",
        "谢谢 谢谢"
    ],
    "tags": [
        "我的世界",
        "单机游戏",
        "游戏",
        "手机游戏",
        "手机游戏",
        "游戏视频",
        "MINECRAFT",
        "空岛生存"
    ]
}