{
    "id": 10007216,
    "title": "朱婷拉西奇拦网探头集锦",
    "abstract": "朱婷拉西奇拦网探头集锦（今晚比赛一定要看）",
    "authorId": 14852286,
    "uploadTime": 1492829619.0,
    "playCount": 14358,
    "commentCount": 10,
    "bulletCommentCount": 85,
    "imageUrl": "http://i0.hdslb.com/bfs/archive/9341d3791e26a1dec101b6c989004acf03b02041.jpg",
    "feedback": {
        "like": "93",
        "coin": "41",
        "star": "215",
        "share": "94"
    },
    "comments": [
        "同步率赛高，可以去练跳水",
        "主攻朱婷副攻拉西奇接应博斯科维奇这三人是各个位置的王者毋庸置疑",
        "拉西奇真是个好球员",
        "青铜殿堂",
        "好喜欢的歌曲"
    ],
    "tags": [
        "朱婷",
        "运动",
        "竞技体育",
        "运动",
        "女排",
        "瓦基弗银行",
        "拉西奇"
    ]
}