{
    "id": 10006749,
    "title": "【生肉搬运-当顺妹妹】当顺妹妹-eating sound",
    "abstract": "https://www.youtube.com/watch?v=6bEdba9cREU\n【生肉搬运-当顺妹妹】当顺妹妹-eating sound",
    "authorId": 10639855,
    "uploadTime": 1492827486.0,
    "playCount": 12809,
    "commentCount": 30,
    "bulletCommentCount": 103,
    "imageUrl": "http://i0.hdslb.com/bfs/archive/f34e975c0c49157792c8a42affe070fc417d5540.jpg",
    "feedback": {
        "like": "1",
        "coin": "4",
        "star": "94",
        "share": "65"
    },
    "comments": [
        "知名搬运工",
        "吃饭跟大哥一样，长得跟二哥一样。。。",
        "妹妹胖了？",
        "吃播都好喜欢喝碳水饮料",
        "简称辣鸡面"
    ],
    "tags": [
        "美食侦探",
        "吃货",
        "美食",
        "美食",
        "美食侦探",
        "美食圈",
        "吃播",
        "美食视频",
        "eating sound",
        "当顺"
    ]
}