{
    "id": 10007335,
    "title": "【ASMR umino】手指刷麦 Touching Mic No Talking",
    "abstract": "https://www.youtube.com/watch?v=nZsYR7Zcrj4\n小哥自从用上这个新麦之后我感觉各种各样的尝试就多了，之前刷麦常用的牙刷也出镜没那么勤快了。可能因为麦的原因，这个触麦声音会有一点闷，感觉像装在某个容器里，小哥还偶尔会做一些比较“跳跃性”的动作，声音也比较“跳跃”，底噪我是觉得挺轻的。\n【侵权删】",
    "authorId": 1752628,
    "uploadTime": 1492873820.0,
    "playCount": 1146,
    "commentCount": 17,
    "bulletCommentCount": 1,
    "imageUrl": "http://i2.hdslb.com/bfs/archive/d64f41eb2cbbbca502cb1ce01b016b2222d1cc17.jpg",
    "feedback": {
        "like": "7",
        "coin": "6",
        "star": "72",
        "share": "78"
    },
    "comments": [
        "大会员2018年度勋章",
        "收集达人",
        "好酥糊啊(●￣(ｴ)￣●)楼下帮我关一下灯蟹蟹",
        "饭圈萌新",
        "最新欢听的时候先看up的简介 每个视频都喜欢～"
    ],
    "tags": [
        "无人声",
        "搬运",
        "音乐选集"
    ]
}