{
    "id": 10007404,
    "title": "【Ciri实况】塞尔达传说荒野之息 全种子收集/试炼之祠解谜 Part.5",
    "abstract": "【塞尔达传说-荒野之息】  900克罗古种子收集 120试练之祠解谜",
    "authorId": 10883620,
    "uploadTime": 1492831388.0,
    "playCount": 323,
    "commentCount": 0,
    "bulletCommentCount": 1,
    "imageUrl": "http://i2.hdslb.com/bfs/archive/3af1906980b5ef5667d23a4503a798d6643ac403.jpg",
    "feedback": {
        "like": "0",
        "coin": "4",
        "star": "6",
        "share": "74"
    },
    "comments": [],
    "tags": [
        "塞尔达传说",
        "游戏",
        "单机游戏",
        "塞尔达传说：荒野之息",
        "荒野之息"
    ]
}