{
    "id": 10007279,
    "title": "洗脑神曲PPAP恶搞绘画版",
    "abstract": "自制视频\n让洗脑神曲PPAP再次洗脑你吧",
    "authorId": 24866322,
    "uploadTime": 1492829195.0,
    "playCount": 54,
    "commentCount": 0,
    "bulletCommentCount": 0,
    "imageUrl": "http://i1.hdslb.com/bfs/archive/ea71443aa8b30f30066133a45078a5b26a5663fe.jpg",
    "feedback": {
        "like": "3",
        "coin": "3",
        "star": "0",
        "share": "76"
    },
    "comments": [],
    "tags": [
        "搞笑",
        "生活",
        "搞笑",
        "搞笑视频",
        "ppap洗脑神曲"
    ]
}