{
    "id": 10006679,
    "title": "【陈长生×徐有容】 cut",
    "abstract": "有容和长生官配cut\n\n\n不拉真人cp",
    "authorId": 19400051,
    "uploadTime": 1492831635.0,
    "playCount": 2374,
    "commentCount": 7,
    "bulletCommentCount": 6,
    "imageUrl": "http://i0.hdslb.com/bfs/archive/2a649d1df61ee11f5a53e50667e42ec67fdf1461.jpg",
    "feedback": {
        "like": "4",
        "coin": "6",
        "star": "14",
        "share": "97"
    },
    "comments": [
        "女主演技很好啊",
        "第一个",
        "没有人进的来 嗖 尴尬不尴尬",
        "从我用这个软件来存的硬币，这几天全贡献给果奶了，唯爱果奶啊！！！！！表白官配！！！(⌒▽⌒)(⌒▽⌒)",
        "喜欢这对"
    ],
    "tags": [
        "古力娜扎",
        "鹿晗",
        "影视",
        "影视剪辑",
        "鹿晗择天记",
        "古力娜扎择天记"
    ]
}