{
    "id": 10006942,
    "title": "【予告】20170505 关8 The莫扎特 音乐王NO.1决定战",
    "abstract": "虽然我团在予告里一个都没露脸，但依旧期待！\n関ジャニ∞の村上信五くん・安田章大くん・大倉忠義くん担任MC。",
    "authorId": 4168575,
    "uploadTime": 1492828136.0,
    "playCount": 1334,
    "commentCount": 4,
    "bulletCommentCount": 3,
    "imageUrl": "http://i2.hdslb.com/bfs/archive/5ede3b0963efac42f6defc9987396ad3efe551e9.jpg",
    "feedback": {
        "like": "1",
        "coin": "0",
        "star": "8",
        "share": "73"
    },
    "comments": [
        "前回的字幕版：關8比賽中-20170201(台播)/20160930(日播)關8比賽中-20170201(台播)/20160930(日播)",
        "这个企划以前有吗？第三回？",
        "平野绫都快认不出来了……"
    ],
    "tags": [
        "安田章大",
        "大仓忠义",
        "村上信五",
        "关8",
        "综艺",
        "娱乐",
        "综艺",
        "関ジャニ∞"
    ]
}