{
    "id": 10006917,
    "title": "【开箱】51单片机测试板开箱（Ydhxx出品）",
    "abstract": "教练我想学单片机原理，不要问我为什么",
    "authorId": 10975415,
    "uploadTime": 1492828018.0,
    "playCount": 528,
    "commentCount": 13,
    "bulletCommentCount": 4,
    "imageUrl": "http://i0.hdslb.com/bfs/archive/6eb3d1f85a20ed093e4b8cad9960f7296296ee8d.jpg",
    "feedback": {
        "like": "2",
        "coin": "4",
        "star": "4",
        "share": "77"
    },
    "comments": [
        "饭圈楷模",
        "第一啊",
        "时隔三年，再次点开你的视频终于能看懂了",
        "风纪元老",
        "具体啥型号的单片机？多少钱？"
    ],
    "tags": [
        "编程",
        "野生技术协会",
        "技术宅",
        "知识",
        "野生技能协会",
        "教练我想学",
        "学习",
        "制作",
        "演示",
        "Ydhxx出品",
        "暗黑精灵z"
    ]
}