{
    "id": 10007671,
    "title": "【耳机推荐】 伊ヶ崎绫香 生放送17.4.21【双声道】",
    "abstract": "自录,qq群：222306813，欢迎大家一起来玩耍（gj）,求赞助\n扫右上方二维码加群，欢迎萌新",
    "authorId": 1761965,
    "uploadTime": 1492830543.0,
    "playCount": 3087,
    "commentCount": 20,
    "bulletCommentCount": 1,
    "imageUrl": "http://i1.hdslb.com/bfs/archive/b6cbd621a887afa32e52e251f28dbadef1861516.jpg",
    "feedback": {
        "like": "5",
        "coin": "56",
        "star": "77",
        "share": "82"
    },
    "comments": [
        "资深委员",
        "饭圈大佬",
        "大收藏家",
        "饭圈萌新",
        "大会员2018年度勋章"
    ],
    "tags": [
        "耳搔",
        "伊ヶ崎绫香",
        "同人音声",
        "音乐选集",
        "二声の人妻"
    ]
}