{
    "id": 10007747,
    "title": "【游侠训练营】#15 枪火游侠大自然的守护格鲁",
    "abstract": "城市船夫出品《枪火游侠》英雄教学视频【游侠训练营】#15 枪火游侠大自然的守护格鲁",
    "authorId": 40360186,
    "uploadTime": 1492831009.0,
    "playCount": 907,
    "commentCount": 10,
    "bulletCommentCount": 1,
    "imageUrl": "http://i0.hdslb.com/bfs/archive/70a8d3268cf5beefe3923d131ce790b1fb575970.jpg",
    "feedback": {
        "like": "4",
        "coin": "9",
        "star": "7",
        "share": "74"
    },
    "comments": [
        "饭圈萌新",
        "收集萌新"
    ],
    "tags": [
        "游戏",
        "电子竞技",
        "电子竞技",
        "网络游戏",
        "教学",
        "攻略",
        "格鲁",
        "枪火游侠",
        "城市船夫解说",
        "游戏训练营"
    ]
}