{
    "id": 10007413,
    "title": "【Ciri实况】塞尔达传说荒野之息 人马之战/进击神兽大象 Part.8",
    "abstract": "【塞尔达传说-荒野之息】  900克罗古种子收集 120试练之祠解谜 \n番外-雷兽山人马之战 和 佐拉王子携手进击神兽大象",
    "authorId": 10883620,
    "uploadTime": 1492907255.0,
    "playCount": 3830,
    "commentCount": 9,
    "bulletCommentCount": 6,
    "imageUrl": "http://i2.hdslb.com/bfs/archive/37bab6610da6a4af154ecdda720119d9b7ebebbf.jpg",
    "feedback": {
        "like": "4",
        "coin": "10",
        "star": "25",
        "share": "73"
    },
    "comments": [
        "大会员2018年度勋章",
        "大会员2018年度勋章",
        "鱼人套装在那买啊？找不到商店",
        "风纪元老"
    ],
    "tags": [
        "塞尔达传说",
        "游戏",
        "单机游戏",
        "塞尔达传说：荒野之息",
        "荒野之息"
    ]
}