{
    "id": 10006827,
    "title": "东方神灵庙E难度初通",
    "abstract": "新人渣作  第一次E难度初通留个纪念 音质有点渣见谅",
    "authorId": 23047513,
    "uploadTime": 1492828497.0,
    "playCount": 25,
    "commentCount": 0,
    "bulletCommentCount": 0,
    "imageUrl": "http://i0.hdslb.com/bfs/archive/c4e824e96a9cff8ae88a7851bb68f34166fc13d5.png",
    "feedback": {
        "like": "0",
        "coin": "3",
        "star": "0",
        "share": "82"
    },
    "comments": [],
    "tags": [
        "东方",
        "游戏",
        "单机游戏"
    ]
}