{
    "id": 10007765,
    "title": "WORKFLOW (full) /法国埃特勒塔（Etretat）海岸风光摄影全程",
    "abstract": "https://www.youtube.com/watch?v=fHaKAOuJ_KI\nit's great to see the whole workflow from the beginning up to the print on the wall.",
    "authorId": 17251491,
    "uploadTime": 1492831228.0,
    "playCount": 491,
    "commentCount": 0,
    "bulletCommentCount": 1,
    "imageUrl": "http://i1.hdslb.com/bfs/archive/55240761fe9319b525fe2710383982d9bc6b32ac.jpg",
    "feedback": {
        "like": "5",
        "coin": "3",
        "star": "14",
        "share": "89"
    },
    "comments": [],
    "tags": [
        "摄影",
        "知识",
        "社科·法律·心理",
        "趣味科普人文",
        "中画幅",
        "工作流程",
        "飞思PhaseOne"
    ]
}