{
    "id": 10007343,
    "title": "一个手残源氏的日常……",
    "abstract": "rt",
    "authorId": 20924018,
    "uploadTime": 1492829031.0,
    "playCount": 69,
    "commentCount": 3,
    "bulletCommentCount": 1,
    "imageUrl": "http://i1.hdslb.com/bfs/archive/a43605b59d10f54e899f3be367e2c208c27994d9.jpg",
    "feedback": {
        "like": "0",
        "coin": "4",
        "star": "0",
        "share": "71"
    },
    "comments": [
        "大会员2018年度勋章",
        "大会员2018年度勋章",
        "青铜殿堂"
    ],
    "tags": [
        "守望先锋",
        "游戏",
        "电子竞技",
        "电子竞技",
        "网络游戏",
        "自己家的源氏"
    ]
}