{
    "id": 10007708,
    "title": "邓超孙俪被曝在海里互换泳裤，这眼神尴尬极了",
    "abstract": "幸福时刻\n邓超孙俪",
    "authorId": 28771626,
    "uploadTime": 1492833215.0,
    "playCount": 491818,
    "commentCount": 128,
    "bulletCommentCount": 172,
    "imageUrl": "http://i2.hdslb.com/bfs/archive/c4145f202ada315d058f294fda63376d61c6791c.jpg",
    "feedback": {
        "like": "556",
        "coin": "18",
        "star": "328",
        "share": "121"
    },
    "comments": [
        "搞不懂你们，人家是夫妻，用得着你们抱走？在梦里抱吗？",
        "一楼无语。。那。。抱走我俪，你们随意呗",
        "热评的三位大兄弟是要打起来嘛…(°ー°〃)",
        "抱走我超，你们随意",
        "被热评笑死"
    ],
    "tags": [
        "娱乐",
        "明星",
        "明星"
    ]
}