{
    "id": 10007527,
    "title": "日本山寨大百科，日本山寨过的照相机系列",
    "abstract": "http://www.56.com/u94/v_MTM3MDA3NjM1.html\n日本カメラそっくり大百科 【パクリ?】 Copycat Camera",
    "authorId": 588265,
    "uploadTime": 1492830825.0,
    "playCount": 786,
    "commentCount": 1,
    "bulletCommentCount": 3,
    "imageUrl": "http://i0.hdslb.com/bfs/archive/7aea97564b9dab7d477fc0df44347da2726aeda4.jpg",
    "feedback": {
        "like": "11",
        "coin": "9",
        "star": "46",
        "share": "80"
    },
    "comments": [
        "收集达人"
    ],
    "tags": [
        "日本",
        "知识",
        "社科·法律·心理",
        "尼康",
        "索尼",
        "趣味科普人文",
        "照相机",
        "抄袭",
        "山寨",
        "莱卡"
    ]
}