{
    "id": 10007649,
    "title": "【恶魔在身边】2-1“以后你们就是姐弟了，要好好相处哦！”“请多指教啊，姐姐。”",
    "abstract": "转载自网络\n哈哈哈，小悦和阿猛变姐弟了~",
    "authorId": 16596335,
    "uploadTime": 1492833361.0,
    "playCount": 42152,
    "commentCount": 22,
    "bulletCommentCount": 615,
    "imageUrl": "http://i1.hdslb.com/bfs/archive/6738b7a0941e950313453dadc197db56612ce0c0.jpg",
    "feedback": {
        "like": "231",
        "coin": "31",
        "star": "289",
        "share": "95"
    },
    "comments": [
        "阿猛就是现在的小狼狗吧",
        "妈妈的老公→理事长悦悦的老公→李荣浩",
        "播放量跟评论。。。",
        "收集达人",
        "感恩up主！！！！！"
    ],
    "tags": [
        "杨丞琳",
        "影视",
        "影视剪辑",
        "贺军翔",
        "恶魔在身边",
        "我的淘气王子",
        "江猛齐悦"
    ]
}