{
    "id": 10007134,
    "title": "【血舞Crazy】我的世界地下空岛7 征服沙漠",
    "abstract": "技能系统，BOSS系统，成就系统，装备系统，应有尽有，好玩不伤身！",
    "authorId": 9200046,
    "uploadTime": 1492829777.0,
    "playCount": 716,
    "commentCount": 3,
    "bulletCommentCount": 34,
    "imageUrl": "http://i1.hdslb.com/bfs/archive/c2291329a282544ad5f33a4d2e7321ad24490743.jpg",
    "feedback": {
        "like": "22",
        "coin": "4",
        "star": "6",
        "share": "70"
    },
    "comments": [
        "钉钉时代前来考古",
        "2020年前来考古",
        "风纪精英"
    ],
    "tags": [
        "我的世界",
        "游戏",
        "单机游戏",
        "生存",
        "Minecraft",
        "地下",
        "血舞",
        "mc"
    ]
}