{
    "id": 10007270,
    "title": "狒【杂谈向】",
    "abstract": "这个视频，是一部杂谈\n\n所谓的杂谈，也就是什么都可以谈\n\n本视频将不定期且长期更新。欢迎大佬打赏我哦",
    "authorId": 3321890,
    "uploadTime": 1492830963.0,
    "playCount": 84,
    "commentCount": 7,
    "bulletCommentCount": 4,
    "imageUrl": "http://i0.hdslb.com/bfs/archive/6d48e8c31a11cb4ce63231a1e126988884435af1.png",
    "feedback": {
        "like": "1",
        "coin": "8",
        "star": "0",
        "share": "81"
    },
    "comments": [
        "见习偶像",
        "狒狒你好厉害哦",
        "第一！！！"
    ],
    "tags": [
        "生活",
        "日常",
        "杂谈",
        "UP主口齿不清",
        "大狒子",
        "都能说",
        "各种各样的东西"
    ]
}