{
    "id": 10007625,
    "title": "三角星球第一季05：人是猴子变的？",
    "abstract": "新西兰遗传学家但顿在《出现危机的理论：进化论》一书中坦白地说：“达尔文的进化论是二十世纪最大的谎言。”",
    "authorId": 98081444,
    "uploadTime": 1492829872.0,
    "playCount": 237,
    "commentCount": 1,
    "bulletCommentCount": 0,
    "imageUrl": "http://i1.hdslb.com/bfs/archive/c51d07423f89f4e8fd0430d915331ea654642472.jpg",
    "feedback": {
        "like": "0",
        "coin": "0",
        "star": "2",
        "share": "77"
    },
    "comments": [
        "根据科学研究表明，鲨鱼和猪最可能是早期人类"
    ],
    "tags": [
        "搞笑",
        "生活",
        "搞笑",
        "搞笑视频"
    ]
}