{
    "id": 10006740,
    "title": "安福桑",
    "abstract": "sm30664438\n原标题：安福さん\n原作者：mega(目が)\n这是我第一次戳进安福桑发现作者不是味噌煮。",
    "authorId": 4622162,
    "uploadTime": 1492827400.0,
    "playCount": 407,
    "commentCount": 7,
    "bulletCommentCount": 0,
    "imageUrl": "http://i1.hdslb.com/bfs/archive/536706c329db4ad7f05144fc8c29e15b68d38e38.png",
    "feedback": {
        "like": "2",
        "coin": "2",
        "star": "21",
        "share": "78"
    },
    "comments": [
        "一排安福桑以为啥问题",
        "多听几遍有点感到…… 精 神 污 染（doge）",
        "见习搬运工",
        "***"
    ],
    "tags": [
        "鬼畜",
        "鬼畜",
        "音MAD",
        "天才麻将少女",
        "音MAD",
        "安福莉子",
        "咲-Saki-",
        "Oshama Scramble!",
        "安福さん誕生祭'17",
        "安福桑封面统一",
        "安福桑"
    ]
}