{
    "id": 10007696,
    "title": "守望先锋，世界五大火影源氏海鸥seaguall",
    "abstract": "喜欢UP主视频的可以点一下 关注 粉一下哈~\n每天都会更新各种 游戏，黑科技，科学，揭秘 等 热门视频 \nUP主QQ；413834385 喜欢的话硬币收藏冲个电啦",
    "authorId": 100831035,
    "uploadTime": 1492830448.0,
    "playCount": 298,
    "commentCount": 0,
    "bulletCommentCount": 0,
    "imageUrl": "http://i0.hdslb.com/bfs/archive/2a202c3efdc0156d2519356aa9eaaaa0749be617.jpg",
    "feedback": {
        "like": "0",
        "coin": "0",
        "star": "0",
        "share": "88"
    },
    "comments": [],
    "tags": [
        "守望先锋",
        "游戏",
        "电子竞技",
        "电子竞技"
    ]
}