{
    "id": 10007119,
    "title": "[310]尼尔机械纪元全剧情娱乐流程解说06",
    "abstract": "三周目全剧情+全支线任务+全结局，普通难度，中文字幕，合集地址av9222746，欢迎订阅与收藏。视频与解说有不足之处请在评论中指出，关于游戏方面的问题可以发私信讨论，涉及剧透的弹幕烦请举报，谢谢。\n感谢Bulba822对字幕翻译的协力，高清下载链接会在微博@hyun310中发布。",
    "authorId": 379922,
    "uploadTime": 1492829843.0,
    "playCount": 10408,
    "commentCount": 199,
    "bulletCommentCount": 1274,
    "imageUrl": "http://i1.hdslb.com/bfs/archive/2eb1309364672a0a431419da4b04f344c273ae7f.jpg",
    "feedback": {
        "like": "28",
        "coin": "756",
        "star": "99",
        "share": "75"
    },
    "comments": [
        "知名偶像",
        "转眼间六年就这么过去了( ´_ゝ｀)",
        "大会员2018年度勋章",
        "大会员2018年度勋章",
        "过气主播还行，不要啊"
    ],
    "tags": [
        "尼尔机械纪元",
        "游戏",
        "单机游戏",
        "HYUN310",
        "NieR Automata"
    ]
}