{
    "id": 10007379,
    "title": "[TopFights] 叫你丫得瑟！MMA综合格斗傻缺集锦",
    "abstract": "https://www.youtube.com/watch?v=yH9ca-wxpUM\n叫你丫得瑟！MMA综合格斗傻缺集锦",
    "authorId": 7720301,
    "uploadTime": 1492829971.0,
    "playCount": 101521,
    "commentCount": 70,
    "bulletCommentCount": 698,
    "imageUrl": "http://i1.hdslb.com/bfs/archive/b4806e8da96881bcafbb809859f324a5112f55f1.jpg",
    "feedback": {
        "like": "509",
        "coin": "51",
        "star": "762",
        "share": "320"
    },
    "comments": [
        "以为有皮肤就厉害了？",
        "红毛全场最强，扛下两记重拳还能反击致胜",
        "倒地之后，他痛苦的说道，带错符文了。以为是力敏符文，哪知道却是减伤的。没卵用啊，倒地就输啊…",
        "蜘蛛装逼成功的多，失败了后果比较严重",
        "还是低调做人来的好啊！蜘蛛可谓是ufc的装逼大神，但是本身很有实力的那种，不过还是有玩砸的时候。他断腿的那场比赛至今还记忆犹新。"
    ],
    "tags": [
        "拳击",
        "格斗",
        "体育",
        "运动",
        "竞技体育",
        "傻缺",
        "MMA",
        "运动"
    ]
}