{
    "id": 10007280,
    "title": "文森特直播录像 2017-04-21 小号组排",
    "abstract": "没有介绍",
    "authorId": 8149203,
    "uploadTime": 1492830278.0,
    "playCount": 3817,
    "commentCount": 15,
    "bulletCommentCount": 53,
    "imageUrl": "http://i1.hdslb.com/bfs/archive/5a807fe26992a6c0df5eea3df2dac1ada61652fa.png",
    "feedback": {
        "like": "2",
        "coin": "10",
        "star": "14",
        "share": "86"
    },
    "comments": [
        "科普文森特是国服最早一批LOL玩家，文森特最开始是在电信6区玩，S3时期被小漠找到，做了一期国服第一文森特视频，由于其过人的实力和暴力观赏性，让文森特迅速火了起来。当时和他一起出道的国服第一蛮王八路奶粉，现在人气完全不能和文森特相提并论，文森特让德莱文成为国服独特的风景线，同时德莱文这个英雄也成就了今天的文森特文森特在成名后进入当时的YY直播，曾经是YY战队U4的成员，后来出了自己干，名气越来越大的文森特，受到了广泛的关注，小漠于是在S4又做了一期国服第一德莱文视频，文森特毫无疑问已经成德莱文这个英雄的符号。伴随着人气爆棚，更由于2014年年底的游戏直播行业兴起，文森特在今年年初和斗鱼签下了1年300W的超级豪约，成功演绎了现实版的x丝逆袭。2015年5月底，文森特和斗鱼由于合约问题闹翻，最终来到了战旗TV，一年的时间连续换了3个东家，因此文森特也被称为电竞吕布。",
        "几年前，我在一个地方上网，旁边做了个染着黄毛的小孩，非常能玩，他说他攒了一个月的钱要买瑞文，我趁他去卖鸡腿的功夫给他买了个德莱文，当时他哭的死去活来，还要找人打我，我于心不忍，就教给他一些德莱文的技巧，他才肯让我走，临走时，我问他叫什么名字，他说他叫鲍飞，也不知道这孩子现在咋样了，德莱文练会了没有！哈哈哈",
        "b站LOL主播真不如其他各大平台，",
        "收集萌新",
        "(〜￣△￣)〜"
    ],
    "tags": [
        "文森特",
        "游戏",
        "网络游戏"
    ]
}