{
    "id": 10007554,
    "title": "【知时】游梦症1",
    "abstract": "这里是游戏区新人阿婆主知时，游梦症第一p有很多不完善的地方....我以为是全屏结果...下一次，下一次会更好的...大概...谢谢民呐~",
    "authorId": 106292147,
    "uploadTime": 1492831575.0,
    "playCount": 18,
    "commentCount": 0,
    "bulletCommentCount": 0,
    "imageUrl": "http://i0.hdslb.com/bfs/archive/55e360dbf7eb7fe608c1a7062ad6d68eea367c05.jpg",
    "feedback": {
        "like": "5",
        "coin": "0",
        "star": "0",
        "share": "80"
    },
    "comments": [],
    "tags": [
        "RPG",
        "游戏解说",
        "单机游戏",
        "游戏",
        "单机游戏",
        "实况攻略",
        "原创",
        "新人",
        "实况解说",
        "娱乐",
        "娱乐解说",
        "新人向"
    ]
}