{
    "id": 10007741,
    "title": "【群星STELLARIS】触手帝国的崛起14（完结篇）——尘埃落定",
    "abstract": "天下无不散之筵席，历时将近一年，触手帝国系列也终于完结了。番外篇《天下大同》正在制作中。接下来大家想看什么游戏呢？可以在评论和弹幕中告诉我\n  [简介]在地球的深海中，生活着一种神秘的生物，他们是海员的噩梦，是人类的天敌，是魔法少女的好朋友，他们——就是触手！我们的故事，就从地球的主宰者，触手怪开始。",
    "authorId": 546549,
    "uploadTime": 1492832592.0,
    "playCount": 2088,
    "commentCount": 25,
    "bulletCommentCount": 17,
    "imageUrl": "http://i1.hdslb.com/bfs/archive/21562364bdd08438cfa3188372b0a7e0d1c9ec0c.jpg",
    "feedback": {
        "like": "15",
        "coin": "32",
        "star": "9",
        "share": "97"
    },
    "comments": [
        "钢铁雄心4，可以试试",
        "女装山脉",
        "大会员2018年度勋章",
        "大会员2018年度勋章",
        "饭圈楷模"
    ],
    "tags": [
        "游戏",
        "单机游戏",
        "实况攻略",
        "触手",
        "单口相声",
        "实况解说",
        "群星",
        "娱乐",
        "STELLARIS群星",
        "群星STELLARIS"
    ]
}