{
    "id": 10006775,
    "title": "【ASMR】我差不多已经是只废喵了",
    "abstract": "youtube\n原标题：Cat log | 노묘들의일상 old Cats daily life\n原作者：Suzevi ASMR\n视频地址：https://www.youtube.com/watch?v=hApl_ji9QwM\n度君零食铺：https://shop439180069.taobao.com",
    "authorId": 3359427,
    "uploadTime": 1492827558.0,
    "playCount": 3494,
    "commentCount": 19,
    "bulletCommentCount": 23,
    "imageUrl": "http://i2.hdslb.com/bfs/archive/051ba1d4ffbc35f1aa4fdad026db95f7a1c04648.jpg",
    "feedback": {
        "like": "1",
        "coin": "6",
        "star": "59",
        "share": "87"
    },
    "comments": [
        "up主竟然公然放mao片，这只怕是，，，",
        "知名搬运工",
        "见习偶像",
        "我知道了，这三只猫一个叫屁.股，一个叫痘痘，一个叫油米(°∀°)ﾉ",
        "恩  第6  这数不错(°∀°)ﾉ"
    ],
    "tags": [
        "耳机",
        "YOUTUBE",
        "安眠向",
        "YOUTUBE搬运",
        "同人音声",
        "萌",
        "音乐选集"
    ]
}