{
    "id": 10007240,
    "title": "【板绘】给自己撸个头像",
    "abstract": "还是我，一个逗比的up主妍。\n给自己肝了一张头像，算是一个简单的厚涂教程，\n中途视频有许多停顿【不知道是哪个逗逼去哪浪了……】\nbgm：\n恋与净土的八重樱\nザ ドールハウス!\n光るなら\n青空のラプソディ\n梦灯笼\n\nhttps://www.pixiv.net/member_illust.php?mode=medium&illust_id=62516599\n这是什么，不戳别想拿到大图！",
    "authorId": 29313348,
    "uploadTime": 1492829460.0,
    "playCount": 11630,
    "commentCount": 49,
    "bulletCommentCount": 180,
    "imageUrl": "http://i2.hdslb.com/bfs/archive/4f680cafaa344e8d146a20c12abe967345d2bcc1.jpg",
    "feedback": {
        "like": "50",
        "coin": "163",
        "star": "1194",
        "share": "101"
    },
    "comments": [
        "其实这应该算是半厚涂吧（￣▽￣）",
        "风纪元老",
        "up✋打扰了，想问一下厚涂一般怎么分图层呢~以及最后背景“明暗”是起什么作用啊（就辣个bingling~的特效是咋做的……）",
        "青铜殿堂",
        "本人英文名lisa，名字结尾是妍(ﾟДﾟ≡ﾟдﾟ)!?"
    ],
    "tags": [
        "SAI",
        "插画",
        "板绘",
        "绘画",
        "生活",
        "绘画",
        "绘画过程",
        "新手向",
        "教程",
        "厚涂教程",
        "板绘教程",
        "sai教程"
    ]
}