{
    "id": 10007458,
    "title": "元首的公司倒闭啦",
    "abstract": "那啥，之前学校比赛做了个视频，现在想起来投到B站上来娱乐娱乐，希望大家会喜欢，反正无所谓啦。",
    "authorId": 8157280,
    "uploadTime": 1492830494.0,
    "playCount": 686,
    "commentCount": 5,
    "bulletCommentCount": 17,
    "imageUrl": "http://i2.hdslb.com/bfs/archive/5ab09812097c243add3fa22063d3d821df0fa5bb.png",
    "feedback": {
        "like": "8",
        "coin": "9",
        "star": "7",
        "share": "77"
    },
    "comments": [
        "万能德语（￣▽￣）",
        "(〜￣△￣)〜",
        "哇 淦",
        "大爷你竟然更新了！你终于记得你的B站号了",
        "二楼(〜￣△￣)〜"
    ],
    "tags": [
        "鬼畜",
        "生活",
        "搞笑",
        "元首",
        "万能的德语"
    ]
}