{
    "id": 10007136,
    "title": "PC真三国无双7猛将传 吴传 P2",
    "abstract": "吴郡平定战 周瑜 主武器：斧钺 暴风 连击 乱击 神速 引雷 副武器：旋风 斩击 引爆 引雷 神速 凯歌\n小霸王惨祸 周泰 主武器：斧钺 旋风 斩击 神速 引雷 引爆 副武器：旋风 斩击 引爆 引雷 神速 凯歌\n上期我说吴传没有拿得出手的人物，我说错了，三国第一美人周公瑾就是一个不可小觑的强力角色，攻击范围大，攻速快，输出安全，而且丧心病狂的带多段属性，无双也是强的一逼，以前没怎么玩过这个角色，误判了。周泰也很强，攻击范围较大，无双也不错。",
    "authorId": 32739913,
    "uploadTime": 1492829605.0,
    "playCount": 193,
    "commentCount": 0,
    "bulletCommentCount": 16,
    "imageUrl": "http://i0.hdslb.com/bfs/archive/cc355e165b8e871abbbee7b6dacbcd91301f6e2d.jpg",
    "feedback": {
        "like": "0",
        "coin": "0",
        "star": "2",
        "share": "73"
    },
    "comments": [],
    "tags": [
        "单机游戏",
        "游戏",
        "单机游戏",
        "真三国无双7猛将传"
    ]
}