{
    "id": 10007564,
    "title": "《尼尔：自动人形/机械纪元》剧情解析：生命的价值 [C]omplete 背景分析【1080P】",
    "abstract": "https://www.youtube.com/watch?v=fmVYYw5GAqo&t=15s\n转载自YouTube，原作者的话：「我們活著，是為了去探求真理，為了去拯救他人。」\n\n包含劇情帶過的完整版，怕雷者請萬分注意！",
    "authorId": 2025332,
    "uploadTime": 1492831666.0,
    "playCount": 3132,
    "commentCount": 10,
    "bulletCommentCount": 11,
    "imageUrl": "http://i0.hdslb.com/bfs/archive/c84a9362aa498f4545a4ac196ec713af182a5db5.png",
    "feedback": {
        "like": "19",
        "coin": "21",
        "star": "81",
        "share": "109"
    },
    "comments": [
        "根本就没玩懂剧情还出视频，多翻翻攻略再说吧，打脸。",
        "没人快点抢个沙发",
        "大会员2018年度勋章",
        "学生卡",
        "我不是来听哲学的0.0"
    ],
    "tags": [
        "尼尔机械纪元",
        "PS4",
        "单机游戏",
        "游戏",
        "单机游戏",
        "剧情解析",
        "自动人形",
        "尼尔",
        "2B",
        "背景分析"
    ]
}