{
    "id": 10007290,
    "title": "重播 木下4月18日 -4月21日",
    "abstract": "youtube\n木下 乌冬 面包 关东煮 咖喱",
    "authorId": 25103480,
    "uploadTime": 1492829479.0,
    "playCount": 1451,
    "commentCount": 4,
    "bulletCommentCount": 13,
    "imageUrl": "http://i1.hdslb.com/bfs/archive/b2f0276d871a39b9720f90f8608224cec16be322.jpg",
    "feedback": {
        "like": "0",
        "coin": "1",
        "star": "6",
        "share": "72"
    },
    "comments": [
        "好能吃的女人",
        "关东煮？",
        "收集萌新",
        "收集萌新"
    ],
    "tags": [
        "吃货",
        "美食",
        "美食",
        "美食测评",
        "美食圈",
        "天生吃货"
    ]
}