{
    "id": 10007130,
    "title": "爱剪辑-Everytime you kissed me",
    "abstract": "转载自酷狗音乐 节选自酷狗音乐",
    "authorId": 46467525,
    "uploadTime": 1492828903.0,
    "playCount": 708,
    "commentCount": 3,
    "bulletCommentCount": 0,
    "imageUrl": "http://i2.hdslb.com/bfs/archive/3b84c0e8856b4aa1677d8e814596393228a9f864.png",
    "feedback": {
        "like": "26",
        "coin": "3",
        "star": "16",
        "share": "72"
    },
    "comments": [
        "收集萌新",
        "饭圈楷模",
        "很棒"
    ],
    "tags": [
        "音乐",
        "音乐综合",
        "ACG音乐",
        "潘多拉之心"
    ]
}