{
    "id": 10006885,
    "title": "自制游戏机操作盘",
    "abstract": "网络 自制游戏机操作盘",
    "authorId": 31098106,
    "uploadTime": 1492830536.0,
    "playCount": 337,
    "commentCount": 3,
    "bulletCommentCount": 3,
    "imageUrl": "http://i1.hdslb.com/bfs/archive/ef5919b621f21fe002ea6c47da236eb576a0d0b0.jpg",
    "feedback": {
        "like": "2",
        "coin": "1",
        "star": "3",
        "share": "77"
    },
    "comments": [
        "浪费这块木可以做双打了",
        "收集达人",
        "资深委员"
    ],
    "tags": [
        "知识",
        "野生技能协会",
        "游戏机"
    ]
}