{
    "id": 10006714,
    "title": "【ASMR】绿茶巧克力",
    "abstract": "youtube\n原标题：노토킹 ASMR MOCHI 떡초콜릿 치로루초코녹차모찌 이팅사운드 수입과자 쫄깃쫀득 초콜렛 먹방 Green tea Chewy Chocolate Eating sounds mukbang\n原作者：ASMR ORANGE 오렌지\n视频地址：https://www.youtube.com/watch?v=1eGA4b8GEJU\n度君零食铺：https://shop439180069.taobao.com",
    "authorId": 3359427,
    "uploadTime": 1492827605.0,
    "playCount": 6032,
    "commentCount": 70,
    "bulletCommentCount": 55,
    "imageUrl": "http://i0.hdslb.com/bfs/archive/4640b564378ee764ca5d027973a418e8afadab51.jpg",
    "feedback": {
        "like": "5",
        "coin": "13",
        "star": "211",
        "share": "75"
    },
    "comments": [
        "收集达人",
        "不是绿茶婊能吃绿茶巧克力吗？",
        "开始一瞬间包装看成抹茶老子→_→",
        "我要表白5楼",
        "巧克力:当然是原谅它呀"
    ],
    "tags": [
        "萌妹子",
        "安眠向",
        "咀嚼音",
        "YOUTUBE",
        "耳朵怀孕",
        "耳机",
        "同人音声",
        "音乐选集",
        "Youtube搬运"
    ]
}