{
    "id": 10007298,
    "title": "魏如萱waa“末路小狂花”北京演唱会 live版+现场照",
    "abstract": "魏如萱waa“末路小狂花”北京演唱会 live版+现场照\n地点：疆进酒OMNI SPACE\n时间：2017年4月21日20：00",
    "authorId": 761752,
    "uploadTime": 1492829033.0,
    "playCount": 522,
    "commentCount": 2,
    "bulletCommentCount": 4,
    "imageUrl": "http://i1.hdslb.com/bfs/archive/f0e117bc8525b0f48f076bc1612f6a687198aaa7.jpg",
    "feedback": {
        "like": "3",
        "coin": "11",
        "star": "8",
        "share": "82"
    },
    "comments": [
        "谢谢????",
        "谢谢up主"
    ],
    "tags": [
        "音乐",
        "音乐现场",
        "音乐现场",
        "北京演唱会",
        "现场版",
        "音乐选集",
        "魏如萱",
        "小鱼",
        "live",
        "末路小狂花",
        "娃娃waa",
        "晚安晚安"
    ]
}