{
    "id": 10007524,
    "title": "【まふまふ×SILVANA】林檎花火とソーダの海",
    "abstract": "まふまふ sm24408079｜av1504771\nSILVANA sm24501971｜av1543160\nIA sm24205476｜av1398224",
    "authorId": 26274057,
    "uploadTime": 1492829982.0,
    "playCount": 177,
    "commentCount": 2,
    "bulletCommentCount": 3,
    "imageUrl": "http://i1.hdslb.com/bfs/archive/5604c1e6bdf1fb3df7572210e3751bf8b5e7523b.jpg",
    "feedback": {
        "like": "5",
        "coin": "2",
        "star": "9",
        "share": "77"
    },
    "comments": [
        "超级想下载啊啊啊啊啊",
        "我是勇者-勇气"
    ],
    "tags": [
        "翻唱",
        "音乐",
        "翻唱",
        "歌ってみた"
    ]
}