{
    "id": 10007314,
    "title": "【沙包承阳子与触手】喂猫喂鸟残机落，吟风吟月两鬓疏",
    "abstract": "封面id=40774737\n殿N梦A混关接力，题目下联为唐代李昭象先生《山中寄崔谏议》中诗句（\n一，五，六面：CYXHY\n二，三，四面：REPAY",
    "authorId": 23249300,
    "uploadTime": 1492830543.0,
    "playCount": 73,
    "commentCount": 2,
    "bulletCommentCount": 0,
    "imageUrl": "http://i2.hdslb.com/bfs/archive/186cedc7e96604901004f87edfc3aca53f3f6a73.jpg",
    "feedback": {
        "like": "0",
        "coin": "0",
        "star": "2",
        "share": "84"
    },
    "comments": [
        "支持(=・ω・=)"
    ],
    "tags": [
        "博丽灵梦",
        "东方",
        "游戏",
        "单机游戏",
        "东方PROJECT",
        "作死",
        "接力",
        "八云紫",
        "东方地灵殿",
        "东方project",
        "渣技术",
        "混关",
        "N难度",
        "抱B"
    ]
}