{
    "id": 10006744,
    "title": "【战舰少女r】提尔比茨70到75#改造实录#【升级的乐趣#1】",
    "abstract": "自制：新系列\n         用时1h25分钟改造完成\n         看着她从5星到6星一脸开心\n         观众想看谁改造，如果有的话，在评论里发出来，我会录下一期\n         请点波关注，求硬币",
    "authorId": 12033252,
    "uploadTime": 1492828044.0,
    "playCount": 831,
    "commentCount": 16,
    "bulletCommentCount": 22,
    "imageUrl": "http://i2.hdslb.com/bfs/archive/6449be355306eb18e31eaabb84ab603c521bf930.jpg",
    "feedback": {
        "like": "6",
        "coin": "9",
        "star": "2",
        "share": "66"
    },
    "comments": [
        "Up带宁海啊(〜￣△￣)〜(〜￣△￣)〜",
        "2015鬼畜大赏-鬼畜王",
        "求封面",
        "收集萌新",
        "收集萌新"
    ],
    "tags": [
        "单机游戏",
        "游戏",
        "手机游戏",
        "手机游戏",
        "手残",
        "娱乐",
        "战舰少女r",
        "提尔比茨爆肝实录"
    ]
}