{
    "id": 10006919,
    "title": "【初音ミク】春与雨 Piano Ver.【波海】【av188136字幕组】",
    "abstract": "字幕自制：sm31026265\n时间轴：バカ·笨蛋  歌词翻译：弓野篤禎  压制/校对：低概率划水羊  \n春と雨Piano Ver.です。ピアノは一切弾けませんので\nそれっぽいアレンジになってます。同じくVocalはミクです。\n雨粒を数えて悲しくなるばかり  誰かに届くことを願ってます。\nWords,PianoArrange,波海  Singer 初音ミク",
    "authorId": 797614,
    "uploadTime": 1492827884.0,
    "playCount": 2858,
    "commentCount": 49,
    "bulletCommentCount": 24,
    "imageUrl": "http://i2.hdslb.com/bfs/archive/171d3ed1e37aae22b02f66393cc231cac148e335.jpg",
    "feedback": {
        "like": "9",
        "coin": "60",
        "star": "546",
        "share": "89"
    },
    "comments": [
        "大会员2018年度勋章",
        "我一直在公主殿下身边♡",
        "好棒O！",
        "能听懂了歌，觉得果然好美呐，",
        "感谢字幕~~"
    ],
    "tags": [
        "初音未来",
        "VOCALOID",
        "虚拟歌手",
        "音乐",
        "VOCALOID·UTAU",
        "初音ミク",
        "波海",
        "av188136字幕组"
    ]
}