{
    "id": 10007264,
    "title": "lol p66",
    "abstract": "lol",
    "authorId": 37291062,
    "uploadTime": 1492829377.0,
    "playCount": 16,
    "commentCount": 0,
    "bulletCommentCount": 0,
    "imageUrl": "http://i2.hdslb.com/bfs/archive/82110ad98754edc00898da5904312eeb9135618f.png",
    "feedback": {
        "like": "0",
        "coin": "0",
        "star": "0",
        "share": "83"
    },
    "comments": [],
    "tags": [
        "游戏",
        "网络游戏",
        "lol"
    ]
}