{
    "id": 10007275,
    "title": "抢劫犯半路拦下小学生，结果竟然一分钱都没要？",
    "abstract": "现在的小学生，走在路上要小心。。",
    "authorId": 102564201,
    "uploadTime": 1492829185.0,
    "playCount": 1239,
    "commentCount": 1,
    "bulletCommentCount": 0,
    "imageUrl": "http://i2.hdslb.com/bfs/archive/498dfdef830fbab5c6324a77921a0be68dea7661.jpg",
    "feedback": {
        "like": "2",
        "coin": "0",
        "star": "0",
        "share": "95"
    },
    "comments": [
        "饭圈萌新"
    ],
    "tags": [
        "搞笑",
        "生活",
        "搞笑",
        "逗比",
        "爆笑",
        "作死小能手",
        "搞笑视频",
        "恶作剧"
    ]
}