{
    "id": 10006791,
    "title": "陈奕迅、张学友合唱了一首《每天爱你多一些》",
    "abstract": "今日头条 陈奕迅、张学友合唱了一首《每天爱你多一些》",
    "authorId": 36066638,
    "uploadTime": 1492827445.0,
    "playCount": 82872,
    "commentCount": 101,
    "bulletCommentCount": 315,
    "imageUrl": "http://i2.hdslb.com/bfs/archive/45467d565e4a1ed17ca59bbdb29fbd32d2f58e29.jpg",
    "feedback": {
        "like": "830",
        "coin": "202",
        "star": "1111",
        "share": "783"
    },
    "comments": [
        "饭圈大佬",
        "歌神这是在跑步被eason抓过来了吗。。233333",
        "Eason成功给我们指明一条追偶像的成功之路( ´_ゝ｀)",
        "卧槽，医生gay里gay气的，把歌神都带坏了",
        "Eason以前说过，香港四大天王的专辑他只买张学友的。"
    ],
    "tags": [
        "张学友",
        "陈奕迅",
        "音乐",
        "音乐综合",
        "每天爱你多一些"
    ]
}