{
    "id": 10007296,
    "title": "99爱吃饭的妹子  泰国菜外景吃播～咖喱面包鸡＋柠檬蒸鲈鱼＋炭烤猪颈肉＋印度飞饼＋千层糕＋海鲜菠萝炒饭",
    "abstract": "还是＃1、＃186 两楼送鱼饼吃哈～\n\n微博：爱吃饭的妹子-mathilda\n淘宝：爱吃饭的妹子",
    "authorId": 13807284,
    "uploadTime": 1492869918.0,
    "playCount": 82220,
    "commentCount": 571,
    "bulletCommentCount": 1571,
    "imageUrl": "http://i0.hdslb.com/bfs/archive/c98582678e537e03eaf46f3a153c95bef5a9b5cf.jpg",
    "feedback": {
        "like": "117",
        "coin": "495",
        "star": "88",
        "share": "107"
    },
    "comments": [
        "啦啦啦啦～",
        "哇是蓝朋友吗！",
        "倩倩大王！",
        "“你继续吃啊我吃不完的”哈哈哈。这是我听到倩倩说的最搞笑的笑话。    全世界都充斥着恋爱的酸臭味，只有我一个人散发出了单身狗的清香",
        "这期弹幕好多都带有恶意啊，你们过得是有多不幸，做个善良的人不好吗？"
    ],
    "tags": [
        "吃货",
        "吃播",
        "吃播剪说话",
        "吃饭",
        "中国吃播",
        "吃播爱吃饭的妹子",
        "爱吃饭的妹子",
        "吃播秀",
        "吃秀"
    ]
}