{
    "id": 10007016,
    "title": "珍妃",
    "abstract": "自割大腿肉。",
    "authorId": 15363632,
    "uploadTime": 1492828195.0,
    "playCount": 66069,
    "commentCount": 49,
    "bulletCommentCount": 240,
    "imageUrl": "http://i0.hdslb.com/bfs/archive/c231284fef5f7c1d0317dc76d4c456b5d3186a90.jpg",
    "feedback": {
        "like": "127",
        "coin": "10",
        "star": "121",
        "share": "86"
    },
    "comments": [
        "珍妃其实真不是因为光绪宠她慈禧就厌恶他，主要是珍妃心眼儿太活，一个女人敢插手太多事儿了，慈禧怕他坏事儿只能搞掉",
        "我本以为如懿传会是这个画风😣",
        "皇后笨拙，珍妃机敏，慈禧本来不喜欢皇后而喜欢珍妃的，只是珍妃后来把自己作死了。顺便一提，演慈禧的是一个日本演员，气质和演技都很好",
        "张檬这个时期美得像将熟未熟的水蜜桃，惹人怜啊",
        "为什么韩国人演古装剧就看着别扭？这个日本人引起慈禧这这看着好贴近。"
    ],
    "tags": [
        "影视",
        "影视剪辑",
        "田中裕子",
        "苍穹之昴",
        "剧评杂谈",
        "慈禧cut"
    ]
}