{
    "id": 10007498,
    "title": "3D重制版 洛克人X6 无限水蚤关卡",
    "abstract": "https://www.youtube.com/watch?v=RwefS5TBebs\n2017年3月13日在youtube由X MaverickHunter发布的3D动画，重制了洛克人X6无限水蚤关卡，洛家飕飕搬运：\nhttp://www.rockmanlab.net/forum.php?mod=viewthread&tid=4656",
    "authorId": 2505015,
    "uploadTime": 1492831169.0,
    "playCount": 22077,
    "commentCount": 90,
    "bulletCommentCount": 66,
    "imageUrl": "http://i2.hdslb.com/bfs/archive/83fd9cb39ce7396e8bdb0f65410e30790d176c24.jpg",
    "feedback": {
        "like": "123",
        "coin": "32",
        "star": "143",
        "share": "136"
    },
    "comments": [
        "收集萌新",
        "现在手机上能不能玩到洛克人X系列的，求解",
        "同人作品真的很棒啊XD 期待改进..",
        "看了简介我发现 这应该只是个动画 并没有做成游戏",
        "大会员2018年度勋章"
    ],
    "tags": [
        "游戏",
        "单机游戏",
        "洛克人",
        "洛克人X",
        "洛克人我的家"
    ]
}