{
    "id": 10006936,
    "title": "霸王别姬",
    "abstract": "使用到的音频：牵丝戏【西瓜JUN&王胖子】\n所剪辑电影：霸王别姬\n剪辑有误请多多包涵\n致心中的张国荣",
    "authorId": 10986875,
    "uploadTime": 1492829199.0,
    "playCount": 396,
    "commentCount": 3,
    "bulletCommentCount": 1,
    "imageUrl": "http://i0.hdslb.com/bfs/archive/5e6b5094c949e7d9184672c8f9d2463cf87cb6d0.jpg",
    "feedback": {
        "like": "2",
        "coin": "6",
        "star": "5",
        "share": "76"
    },
    "comments": [
        "饭圈楷模",
        "哦呼噗(･∀･)",
        "很好看，我之前就收藏了。现在再来看一遍。"
    ],
    "tags": [
        "霸王别姬",
        "张国荣",
        "影视",
        "影视剪辑",
        "回忆",
        "MV",
        "剪辑",
        "片段剪辑",
        "哥哥"
    ]
}