{
    "id": 10006787,
    "title": "【北洋与GOT7】教智障室友认搞基（持更，第三弹已更）",
    "abstract": "♢教智障室友认wuli搞基\n♢室友圈名 \n南洵 微博@Nannxuun 是二次元喜欢Lovelive\n梨绘 “爸爸”有圈名啦！同是喜欢lovelive\n♢哎，第三弹更了之后，不一定会有下一弹。但持更的标志不会取消，万一哪天我就逼南洵认了呢(ﾉ*･ω･)ﾉ",
    "authorId": 38107735,
    "uploadTime": 1492828869.0,
    "playCount": 1510,
    "commentCount": 8,
    "bulletCommentCount": 11,
    "imageUrl": "http://i0.hdslb.com/bfs/archive/f4daabd014a5bb011e2d6d3767298570358bf455.jpg",
    "feedback": {
        "like": "3",
        "coin": "6",
        "star": "6",
        "share": "74"
    },
    "comments": [
        "段宜恩，段宜恩，段宜恩.......",
        "这里cn南洵♡加我1638195512扩列吖",
        "青铜殿堂",
        "段宜恩段宜恩段宜恩",
        "饭圈大佬"
    ],
    "tags": [
        "崔荣宰",
        "金有谦",
        "林在范",
        "朴珍荣",
        "段宜恩",
        "王嘉尔",
        "娱乐",
        "明星",
        "明星",
        "GOT 7",
        "bambam"
    ]
}