{
    "id": 10007504,
    "title": "NDS【THE密室脱出】话说这真的是攻略流程解说吗 第四期",
    "abstract": "感谢收看。",
    "authorId": 860999,
    "uploadTime": 1492831634.0,
    "playCount": 203,
    "commentCount": 0,
    "bulletCommentCount": 0,
    "imageUrl": "http://i0.hdslb.com/bfs/archive/95175e2c64fff6ea46ccacba6c43b0d93a211795.jpg",
    "feedback": {
        "like": "1",
        "coin": "6",
        "star": "3",
        "share": "95"
    },
    "comments": [],
    "tags": [
        "单机游戏",
        "游戏",
        "单机游戏",
        "机神卡比",
        "密室脱出",
        "nds"
    ]
}