{
    "id": 10006681,
    "title": "【速度与激情全系列剪辑回顾】飙车不？骚年？！",
    "abstract": "https://www.youtube.com/watch?v=eTwMmJblc_g\n原作：Bassnectar Speakerbox ft.Lafa Taylor - INTO THE SUN (Fast and Furious edit video)",
    "authorId": 37260201,
    "uploadTime": 1492828015.0,
    "playCount": 986,
    "commentCount": 2,
    "bulletCommentCount": 4,
    "imageUrl": "http://i2.hdslb.com/bfs/archive/e322cdea6e2fa659a688d3df675b4b0815a24772.jpg",
    "feedback": {
        "like": "0",
        "coin": "2",
        "star": "20",
        "share": "85"
    },
    "comments": [
        "沙发。",
        "炫酷。"
    ],
    "tags": [
        "影视",
        "影视剪辑",
        "电影剪辑",
        "预告片",
        "老司机",
        "剪辑",
        "灵车漂移",
        "然",
        "速度与激情8"
    ]
}