{
    "id": 10007121,
    "title": "铠甲勇士刑天英文主题曲（新手AE字幕制作）",
    "abstract": "视频来自youtube，Armor Hero XT Theme Song - Official English Clip 本人只加了字幕而已。\n第一次用AE做视频，不喜勿喷！",
    "authorId": 24635537,
    "uploadTime": 1492828754.0,
    "playCount": 4363,
    "commentCount": 9,
    "bulletCommentCount": 24,
    "imageUrl": "http://i1.hdslb.com/bfs/archive/41946058b0d7fc786a5438ebe2cdec0db47afc18.jpg",
    "feedback": {
        "like": "12",
        "coin": "4",
        "star": "49",
        "share": "89"
    },
    "comments": [
        "青铜殿堂",
        "饭圈萌新",
        "up主那里搞到的1080p的画质？",
        "....up翻译得有一些不对啦",
        "可以，up主"
    ],
    "tags": [
        "影视",
        "预告·资讯",
        "铠甲勇士刑天",
        "新人up主求支持"
    ]
}