{
    "id": 10006776,
    "title": "【微动画•口袋部队的故事】",
    "abstract": "(ಡωಡ)hiahiahia ，也是发现了动画貌似更有“收视率”，就大胆尝试了一下～\n新人报道，请多多关照(ง •̀_•́)ง",
    "authorId": 96473504,
    "uploadTime": 1492827560.0,
    "playCount": 535,
    "commentCount": 0,
    "bulletCommentCount": 5,
    "imageUrl": "http://i0.hdslb.com/bfs/archive/bb503cfa1cd6fbcb233ba0eb00f34c002aa047c6.jpg",
    "feedback": {
        "like": "3",
        "coin": "3",
        "star": "5",
        "share": "63"
    },
    "comments": [],
    "tags": [
        "搞笑",
        "动画",
        "综合",
        "新人",
        "Q版人物"
    ]
}