{
    "id": 10006933,
    "title": "KAKIGORI白巧克力草莓刨冰",
    "abstract": "Youtube\nKAKIGORI Japanese shaved ice\n作者 Pornsak Sisirunthorn\n标题 KAKIGORI WHITE CHOCOLATE STRAWBERRY draft1\n地址 https://www.youtube.com/watch?v=ipg96_OAJ9w",
    "authorId": 14325149,
    "uploadTime": 1492831806.0,
    "playCount": 3518,
    "commentCount": 17,
    "bulletCommentCount": 9,
    "imageUrl": "http://i1.hdslb.com/bfs/archive/e55cbcb6463825177eea3da79e774bd02e649258.jpg",
    "feedback": {
        "like": "1",
        "coin": "3",
        "star": "51",
        "share": "97"
    },
    "comments": [
        "up主，你已经不爱冰淇淋卷了吗？",
        "up你变了，你再也不是以前那个只爱冰激凌卷的up了(〜￣△￣)〜",
        "饭圈萌新",
        "饭圈楷模",
        "夏天啊"
    ],
    "tags": [
        "吃货",
        "美食",
        "美食",
        "美食测评",
        "搬运",
        "美食圈"
    ]
}