{
    "id": 10007276,
    "title": "Top 10 Questions  Puzzles To Test Your Intelligence",
    "abstract": "https://www.youtube.com/watch?v=K6LXNUju89k \nBe Amazed",
    "authorId": 5954622,
    "uploadTime": 1492829169.0,
    "playCount": 229,
    "commentCount": 2,
    "bulletCommentCount": 1,
    "imageUrl": "http://i0.hdslb.com/bfs/archive/9bc95248075c58a273583be8b15deda3a8ae127a.jpg",
    "feedback": {
        "like": "0",
        "coin": "2",
        "star": "4",
        "share": "92"
    },
    "comments": [
        "大会员2018年度勋章",
        "第一   …"
    ],
    "tags": [
        "知识",
        "社科·法律·心理",
        "Be Amazed"
    ]
}