{
    "id": 10007018,
    "title": "美国人民帮警察 警民鱼水情",
    "abstract": "YouTube转载\n美国警察",
    "authorId": 21345077,
    "uploadTime": 1492856407.0,
    "playCount": 426,
    "commentCount": 0,
    "bulletCommentCount": 0,
    "imageUrl": "http://i0.hdslb.com/bfs/archive/0de143b6319a0b36dbfdaa1ac3350cf3c5f2fb50.jpg",
    "feedback": {
        "like": "2",
        "coin": "0",
        "star": "5",
        "share": "87"
    },
    "comments": [],
    "tags": [
        "综艺",
        "搞笑",
        "娱乐",
        "综艺",
        "生肉",
        "搞笑视频",
        "娱乐",
        "音乐",
        "国外综艺",
        "真人秀",
        "YOUTUBE搬运工",
        "YOUTUBE"
    ]
}