{
    "id": 10007127,
    "title": "【Travis Atreo& Lenachka】History - Olivia Holt（懒散的呜呜）",
    "abstract": "つ I used to love him, he used to love meつ  还以为是一个平淡的翻唱，开口并没有让我多么惊艳，慢慢的忽然喜欢上了这个调调。\n演唱者：Travis Atreo\n油管：https://youtu.be/k3F2nU2cKl0\nSupport his Patreon! http://Patreon.com/TravisAtreo\nBuy this cover: coming soon!",
    "authorId": 3676801,
    "uploadTime": 1492831869.0,
    "playCount": 300,
    "commentCount": 10,
    "bulletCommentCount": 0,
    "imageUrl": "http://i2.hdslb.com/bfs/archive/2bbb0c6a07ebc447e15ff2bc11bf20ef13b45c11.jpg",
    "feedback": {
        "like": "2",
        "coin": "6",
        "star": "8",
        "share": "77"
    },
    "comments": [
        "好棒哇哇哇",
        "好听  感谢up",
        "第五条弹幕",
        "男神！",
        "饭圈楷模"
    ],
    "tags": [
        "英文翻唱",
        "翻唱",
        "音乐",
        "翻唱",
        "外语翻唱",
        "YOUTUBE搬运",
        "TRAVIS ATREO"
    ]
}