{
    "id": 10007452,
    "title": "【FNAF】（SFM+翻译）丨行动丨Move By: MercyMe [Collab W/ PixelCaptian132]",
    "abstract": "★【转自YouTube】视频原地址：https://www.youtube.com/watch?v=MerPonzkfxc\n★【视频原作者】FoxyFactions72&PixelCaptian132（又一情侣狗QwQ）\n★【up主的话】终于，一上午近2个小时的努力，没有白费！完成了（顺便把封面也做了下XD）喜欢的话就投个币吧(｀・ω・´)",
    "authorId": 66616575,
    "uploadTime": 1492829755.0,
    "playCount": 2441,
    "commentCount": 11,
    "bulletCommentCount": 1,
    "imageUrl": "http://i2.hdslb.com/bfs/archive/9ef1214affe3b6a16d4c42479434621a5bc1ebf0.jpg",
    "feedback": {
        "like": "22",
        "coin": "10",
        "star": "71",
        "share": "86"
    },
    "comments": [
        "高级搬运工",
        "见习搬运工",
        "大会员2018年度勋章",
        "高级搬运工",
        "高级搬运工"
    ],
    "tags": [
        "同人音乐",
        "玩具熊的五夜后宫",
        "音乐",
        "音乐综合",
        "音乐选集",
        "FNaF系列"
    ]
}