{
    "id": 10007201,
    "title": "【恐怖猎奇剧场】13岁少女带你逃离精神病医院  Performer P4",
    "abstract": "游戏名：Performer\n嗯没数错的话这是第四期QWQ\n我想想要说什么。。。。\n祝大家食用愉快(◑▽◐)",
    "authorId": 26547881,
    "uploadTime": 1492829764.0,
    "playCount": 644,
    "commentCount": 12,
    "bulletCommentCount": 8,
    "imageUrl": "http://i0.hdslb.com/bfs/archive/acebb3b01419db32816907e39962837952c59e47.jpg",
    "feedback": {
        "like": "4",
        "coin": "13",
        "star": "2",
        "share": "90"
    },
    "comments": [
        "大会员2018年度勋章",
        "就很气",
        "大会员2018年度勋章",
        "第。。。。第九",
        "把自己的声音调大一点可能会好些哦"
    ],
    "tags": [
        "RPG",
        "恐怖游戏",
        "游戏",
        "单机游戏",
        "恐怖",
        "恐怖解谜",
        "实况",
        "游戏",
        "萝莉音",
        "华九游戏实况",
        "Performer"
    ]
}