{
    "id": 10007667,
    "title": "66万的奔驰GLC后杠被拆下时，当时就惊了！拆解GLC（上）",
    "abstract": "如果单从防撞梁上看，GLC并没有显示出更多的诚意，要知道同价位的沃尔沃S90的前后防撞梁都是铝合金。\n买车拆解测试，我们只说真话。\n下期预告：奔驰GLC拆车（中）",
    "authorId": 97503781,
    "uploadTime": 1492831634.0,
    "playCount": 31099,
    "commentCount": 144,
    "bulletCommentCount": 103,
    "imageUrl": "http://i0.hdslb.com/bfs/archive/d2d38feec69952ea820f1520012b9580a8390d94.jpg",
    "feedback": {
        "like": "35",
        "coin": "38",
        "star": "44",
        "share": "104"
    },
    "comments": [
        "本来就是这种配置，值多少钱就是多少钱。普通的钢铁值几百吧，那么一点点，而且是大批量拿货，能不便宜嘛。",
        "懂行的人說一下裝個（防滾動架）要多少錢？",
        "我从来没见过汽车上有那么大一个雷达",
        "大会员2018年度勋章",
        "我不懂，一个保险杠需要什么工艺，是不是要三层复合式装甲才够啊？那你承载式车身有能支撑他扛冲击的能力吗？"
    ],
    "tags": [
        "机械",
        "汽车",
        "汽车",
        "汽车文化"
    ]
}