{
    "id": 10006883,
    "title": "LAST NIGHT-THE VAMP",
    "abstract": "终于弄完了，太不容易，开始准备期末作业吧。",
    "authorId": 38808940,
    "uploadTime": 1492827703.0,
    "playCount": 122,
    "commentCount": 1,
    "bulletCommentCount": 0,
    "imageUrl": "http://i2.hdslb.com/bfs/archive/52ea650601f258bfe616353d072e12ab68cd535b.jpg",
    "feedback": {
        "like": "4",
        "coin": "2",
        "star": "1",
        "share": "77"
    },
    "comments": [
        "第一个"
    ],
    "tags": [
        "欧美音乐",
        "音乐",
        "MV",
        "MV",
        "原创"
    ]
}