{
    "id": 10007701,
    "title": "【搬运】Legend of the Harbinger - Episode 5 [Minecraft Animated Series]",
    "abstract": "https://youtu.be/gXjUfMJADzY\n原地址：https://youtu.be/gXjUfMJADzY\n原作者：Ironwave Studios\n搬运自YouTube",
    "authorId": 12088508,
    "uploadTime": 1492830853.0,
    "playCount": 134,
    "commentCount": 5,
    "bulletCommentCount": 0,
    "imageUrl": "http://i0.hdslb.com/bfs/archive/ea1eff43531b78151c7e9971c706121f68cd6b42.jpg",
    "feedback": {
        "like": "3",
        "coin": "1",
        "star": "8",
        "share": "75"
    },
    "comments": [
        "知名偶像",
        "出道偶像",
        "我的天啊终于看到这个动画系列的搬运了！大手子系列 感谢W触的搬运！话说我好像来的太晚了这是4月搬来的。。",
        "知名偶像",
        "(￣3￣)最后一个了"
    ],
    "tags": [
        "我的世界",
        "动画",
        "综合",
        "我的世界动画",
        "中世纪",
        "搬运",
        "动画",
        "minecraft",
        "YouTube",
        "MINE IMATOR",
        "Ironwave Studios"
    ]
}