{
    "id": 10006823,
    "title": "我与女友的王者荣耀日常",
    "abstract": "我与女友的王者荣耀日常",
    "authorId": 95511128,
    "uploadTime": 1492827805.0,
    "playCount": 1470,
    "commentCount": 5,
    "bulletCommentCount": 15,
    "imageUrl": "http://i2.hdslb.com/bfs/archive/ef31086d1b0bce676c2b1e558045844b94edaaf2.jpg",
    "feedback": {
        "like": "4",
        "coin": "4",
        "star": "3",
        "share": "72"
    },
    "comments": [
        "收集萌新",
        "喜欢魔镜（￣▽￣）",
        "哈哈(｀・ω・´)",
        "额……",
        "大会员2018年度勋章"
    ],
    "tags": [
        "王者荣耀",
        "生活",
        "日常",
        "电子竞技",
        "日常",
        "原创",
        "女朋友男朋友",
        "日常系列"
    ]
}