{
    "id": 10007521,
    "title": "【刘昊然x董子健】Crazy In Love",
    "abstract": "一个脑洞 瞎剪 瞎开车\n黑化昊然dd x 傻白甜小董\n剧情大概是昊然dd一直暗恋小董 经常跟踪小董 有一天被小董发现了 黑化的昊然dd在小董的咖啡里下了药 然后就！！！ 小董醒来后发现昊然dd不见了 就去找他 然后找到了还没黑化正常的昊然dd 结果小董最后发现这只是他脑补的一个梦 昊然dd就在他身边",
    "authorId": 23240852,
    "uploadTime": 1492830929.0,
    "playCount": 1170,
    "commentCount": 7,
    "bulletCommentCount": 3,
    "imageUrl": "http://i0.hdslb.com/bfs/archive/f77dcb1e88c8d41e645491fb82192d33d57a4c26.jpg",
    "feedback": {
        "like": "5",
        "coin": "7",
        "star": "24",
        "share": "81"
    },
    "comments": [
        "饭圈楷模",
        "可以的表白up主",
        "最后那一段强烈支持 加油"
    ],
    "tags": [
        "刘昊然",
        "娱乐",
        "明星",
        "明星",
        "董子健",
        "昊健",
        "刘昊然x董子健"
    ]
}