{
    "id": 10006880,
    "title": "《择天记》鹿晗边闯江湖边恋爱",
    "abstract": "幸福传媒\n择天记",
    "authorId": 28771626,
    "uploadTime": 1492828793.0,
    "playCount": 66,
    "commentCount": 0,
    "bulletCommentCount": 0,
    "imageUrl": "http://i0.hdslb.com/bfs/archive/3839bbb3781d6d8a7f9868d467d45d0c1810bda5.jpg",
    "feedback": {
        "like": "0",
        "coin": "0",
        "star": "1",
        "share": "87"
    },
    "comments": [],
    "tags": [
        "影视",
        "影视剪辑",
        "国产"
    ]
}