{
    "id": 10007509,
    "title": "余罪（作者：常书欣）第117集",
    "abstract": "余罪（作者：常书欣）第117集",
    "authorId": 30780211,
    "uploadTime": 1492831410.0,
    "playCount": 201,
    "commentCount": 0,
    "bulletCommentCount": 0,
    "imageUrl": "http://i1.hdslb.com/bfs/archive/26227f1856675e64a467f9e1ac7bdb9d370f6f2f.jpg",
    "feedback": {
        "like": "2",
        "coin": "0",
        "star": "5",
        "share": "65"
    },
    "comments": [],
    "tags": [
        "生活",
        "日常",
        "悬疑",
        "日常",
        "警匪",
        "余罪",
        "常书欣",
        "呆小朵"
    ]
}