{
    "id": 10007449,
    "title": "【Project DIVA EDIT】孩子气的战争 KAITO, RIN & LEN",
    "abstract": "转自 YouTube\n编辑自 Project Diva F 2nd \n作曲：ギガP  \n作词：れをる \n编曲：ギガP",
    "authorId": 78361318,
    "uploadTime": 1492829934.0,
    "playCount": 1039,
    "commentCount": 25,
    "bulletCommentCount": 27,
    "imageUrl": "http://i0.hdslb.com/bfs/archive/22be67d94ba4e653d72cd6379aa3c2b89bd09bd1.jpg",
    "feedback": {
        "like": "8",
        "coin": "11",
        "star": "75",
        "share": "84"
    },
    "comments": [
        "大哥果然是V家战斗力不低却唯一一个没有战斗意志的",
        "都好可爱啊~~~由头笑到尾~~~第一集管家在和稀泥....第二集管家直接上手揍了...不愧是铃啊~~~（￣▽￣）",
        "笑飞了（￣▽￣）冰蕉橘蕉都赛高！橘冰蕉也赛高！",
        "p2貘先生人设全崩了哈哈哈",
        "双子冰 ! ! !哇唔啊啊超有爱超好吃ε=ε=(ノ≧∇≦)ノ"
    ],
    "tags": [
        "KAITO",
        "歌姬计划",
        "VOCALOID",
        "虚拟歌手",
        "音乐",
        "VOCALOID·UTAU",
        "音乐游戏",
        "镜音铃",
        "镜音连",
        "孩子气的战争",
        "おこちゃま戦争",
        "Project Diva F 2nd"
    ]
}