{
    "id": 10006951,
    "title": "安福桑",
    "abstract": "sm17937554\n原标题：安福さん\n原作者：感想\n这么少的素材，这么棒的疾走感，这才是最骚的。",
    "authorId": 4622162,
    "uploadTime": 1492827892.0,
    "playCount": 188,
    "commentCount": 2,
    "bulletCommentCount": 0,
    "imageUrl": "http://i1.hdslb.com/bfs/archive/a94477c7bea3ce1bd5bbe59e30de29ab59a35ec3.jpg",
    "feedback": {
        "like": "1",
        "coin": "1",
        "star": "9",
        "share": "79"
    },
    "comments": [
        "收集萌新",
        "见习搬运工"
    ],
    "tags": [
        "鬼畜",
        "鬼畜",
        "音MAD",
        "天才麻将少女",
        "音MAD",
        "安福莉子",
        "深刻的素材不足",
        "咲-Saki-",
        "安福桑封面统一",
        "安福桑",
        "安福さん"
    ]
}