{
    "id": 10007243,
    "title": "【mlg】守望先锋 末日铁拳",
    "abstract": "youtube\n转载至youtube\nOverwatch MLG Trailer",
    "authorId": 50756785,
    "uploadTime": 1492828970.0,
    "playCount": 1899,
    "commentCount": 5,
    "bulletCommentCount": 9,
    "imageUrl": "http://i0.hdslb.com/bfs/archive/a908a2c5a71983d569c051ea427ab89ebb71ce30.jpg",
    "feedback": {
        "like": "5",
        "coin": "5",
        "star": "26",
        "share": "86"
    },
    "comments": [
        "知名偶像",
        "1444播放量。。。",
        "我爱mlg",
        "ε=ε=(ノ≧∇≦)ノ",
        "知名偶像"
    ],
    "tags": [
        "守望先锋",
        "搞笑",
        "游戏",
        "电子竞技",
        "电子竞技",
        "YOUTUBE",
        "mlg"
    ]
}