{
    "id": 10007488,
    "title": "【行走的荷尔蒙】去做按摩时，你都遇到过哪些尴尬事儿？",
    "abstract": "【行走的荷尔蒙】你平时去做过“大宝剑”吗？都遇到过哪些尴尬事儿？对店面这么熟，一看就是老司机啊！",
    "authorId": 28272952,
    "uploadTime": 1492830120.0,
    "playCount": 258,
    "commentCount": 0,
    "bulletCommentCount": 1,
    "imageUrl": "http://i0.hdslb.com/bfs/archive/784907db3e95ec3fa7b6d312b658ccd40eca5916.jpg",
    "feedback": {
        "like": "0",
        "coin": "0",
        "star": "0",
        "share": "60"
    },
    "comments": [],
    "tags": [
        "搞笑",
        "搞笑视频",
        "高能",
        "恶搞",
        "吐槽"
    ]
}