{
    "id": 10006761,
    "title": "Blu[音乐强推第十五期:于心不忍]",
    "abstract": "曲名:Blu (封面是专辑的)\n作者:MitiS,MaHi\n喜欢的话投币,收藏,关注我 ( ´_ゝ｀)\n不定时不定量更新(可能数量为0 _(:з」∠)_ )\n补充:各位可以私信一些音乐给我啊 :)\n[本视频仅供交流与欣赏,音乐版权归原作者所有,暂不提供下载 눈_눈 ]",
    "authorId": 5742133,
    "uploadTime": 1492827420.0,
    "playCount": 81,
    "commentCount": 2,
    "bulletCommentCount": 0,
    "imageUrl": "http://i1.hdslb.com/bfs/archive/e6701d24ee4efe5f1264ee6ee79cff1e90e18d9c.jpg",
    "feedback": {
        "like": "1",
        "coin": "2",
        "star": "1",
        "share": "76"
    },
    "comments": [
        "up主，你觉得T-Swizzle DJ PRS这个歌怎么样(°∀°)ﾉ",
        "更新啦( ´_ゝ｀)"
    ],
    "tags": [
        "音乐",
        "音乐综合",
        "循环",
        "音乐",
        "BGM",
        "音乐选集"
    ]
}