{
    "id": 10007250,
    "title": "[魔鬼恋人]DIABOLIK LOVERS LOST EDEN KINO 三结局",
    "abstract": "乙女游戏l里禁黑!禁腐! 请大家文明观看，谢谢。\n\n直播会比录播快很多，等不住录播的姑娘尽量去看直播，直播和录播不行的请去买正版卡带和psv\n\n直播Q群：465755295 \n\n欢迎喜欢乙女游戏的姑娘加入。\n\n充电，投币，收藏，关注，分享。谢谢各位姑娘的支持，我会尽力更新直播实况的。\n\n传送门：全员序章:av9039781  KINO开篇av9795845  KINO Dark章：av9909242  Maniac章:av9952616\n\n Ecstasy章：av9970885",
    "authorId": 36634270,
    "uploadTime": 1492829928.0,
    "playCount": 37855,
    "commentCount": 97,
    "bulletCommentCount": 1003,
    "imageUrl": "http://i2.hdslb.com/bfs/archive/635a6b9c7d580bad2f8024280bc153c8b48f6df7.jpg",
    "feedback": {
        "like": "262",
        "coin": "142",
        "star": "1264",
        "share": "127"
    },
    "comments": [
        "当初和同学渣乙女游戏，我玩失忆症她玩魔鬼恋人，别说了过程****",
        "收集萌新",
        "一路跟过来ಥ_ಥkino这孩子真的太好了也太可怜了……感觉他对唯妹子的依赖性比谁都明确，对be里唯死去的事实接受的也更快ಥ_ಥ心疼啊啊啊",
        "收集达人",
        "这里一只半会半不会的字幕君来翻译了系列orz但是并不是专业的外加高中狗所以翻译贼慢orz不过后半部分会慢慢补上的前面的翻译最多只能做到大概不会影响剧情(？)"
    ],
    "tags": [
        "游戏",
        "单机游戏",
        "小森唯",
        "DIABOLIK LOVERS",
        "魔鬼恋人",
        "前野智昭",
        "虐狗",
        "魔鬼恋人 LOST EDEN",
        "KINO",
        "PSV乙女游戏",
        "大菠萝又来圈钱了",
        "乙女游戏实况",
        "Rejet",
        "LOST EDEN"
    ]
}