{
    "id": 10007363,
    "title": "真正的虚拟现实：游戏的未来可能会是这样的",
    "abstract": "视频源来自原土豆网\nThe future of gaming（游戏的未来），与虚拟现实相结合的黑科技",
    "authorId": 3916010,
    "uploadTime": 1492830839.0,
    "playCount": 230,
    "commentCount": 2,
    "bulletCommentCount": 0,
    "imageUrl": "http://i1.hdslb.com/bfs/archive/e01bb23f840e0634f4a78dbc534d57d43a4056da.jpg",
    "feedback": {
        "like": "2",
        "coin": "1",
        "star": "3",
        "share": "83"
    },
    "comments": [
        "vr全景lol这可以╮(￣▽￣)╭"
    ],
    "tags": [
        "游戏",
        "单机游戏",
        "教学",
        "剧场",
        "游戏",
        "演示",
        "节目"
    ]
}