{
    "id": 10007118,
    "title": "【生肉搬运-宵夜哥】宵夜哥-深夜来吃寿司大餐吧",
    "abstract": "https://www.youtube.com/channel/UCsNVs68quFJMaDmR6frfUsQ/videos\n【生肉搬运-宵夜哥】宵夜哥-深夜来吃寿司大餐吧",
    "authorId": 10639855,
    "uploadTime": 1492828920.0,
    "playCount": 5229,
    "commentCount": 13,
    "bulletCommentCount": 24,
    "imageUrl": "http://i0.hdslb.com/bfs/archive/15a4c62f0a0da6f80fb988465eb2eabae2f07b05.jpg",
    "feedback": {
        "like": "0",
        "coin": "4",
        "star": "29",
        "share": "69"
    },
    "comments": [
        "这货总是吃不完",
        "一分多钟这小哥把面插在碗里面。。。。  按照中国封建习俗的话我这样子会被我爸妈骂死的  毕竟插在碗里面就等于再给人拜神。。。。",
        "看韩国吃播听到最多的就是“嗯”(-_-#)",
        "憔悴不少啊",
        "香蕉奶奶没来"
    ],
    "tags": [
        "日本料理",
        "美食侦探",
        "吃货",
        "美食",
        "美食",
        "美食侦探",
        "深夜",
        "美食圈",
        "吃播",
        "美食视频",
        "宵夜哥"
    ]
}