{
    "id": 10007195,
    "title": "Cristian Măcelaru und Emanuel Ax",
    "abstract": "转自br-klassik，感谢！ \nSergej Prokofjew, \"Symphonie classique\" op. 25\nWolfgang Amadeus Mozart, Klavierkonzert Es-Dur, KV 482\nDmitri Schostakowitsch, Symphonie Nr.1 f-Moll, op. 10",
    "authorId": 23461332,
    "uploadTime": 1492829837.0,
    "playCount": 149,
    "commentCount": 1,
    "bulletCommentCount": 0,
    "imageUrl": "http://i2.hdslb.com/bfs/archive/f8b7a2b8a7e1aafa9c00937c33f3e2cd20ce9d3e.jpg",
    "feedback": {
        "like": "2",
        "coin": "0",
        "star": "14",
        "share": "78"
    },
    "comments": [
        "知名搬运工"
    ],
    "tags": [
        "音乐",
        "音乐综合",
        "莫扎特",
        "普罗科菲耶夫",
        "BRSO",
        "肖斯塔科维奇",
        "Shostakovich",
        "Mozart",
        "Prokofiev",
        "Emanuel Ax",
        "Cristian Macelaru"
    ]
}