{
    "id": 10006870,
    "title": "如果在驾校被教练性骚扰，姑娘，你会怎么办？",
    "abstract": "如果在驾校被教练性骚扰，姑娘，你会怎么办？",
    "authorId": 49266223,
    "uploadTime": 1492828604.0,
    "playCount": 791,
    "commentCount": 3,
    "bulletCommentCount": 0,
    "imageUrl": "http://i2.hdslb.com/bfs/archive/d7067e64b0b088d568344043f57f04361ed7d0c2.jpg",
    "feedback": {
        "like": "1",
        "coin": "0",
        "star": "1",
        "share": "71"
    },
    "comments": [
        "收集萌新",
        "考古队队长到临，号令天下考古队队员，良辰已至，待吾辈攻下天都，兄弟们便能享尽荣华富贵，一辈子衣食无忧，冲啊！！！",
        "你要问也要问美女啊 这些不具代表意义"
    ],
    "tags": [
        "搞笑",
        "生活",
        "搞笑",
        "街访",
        "女司机",
        "驾校学车"
    ]
}