{
    "id": 10007534,
    "title": "自制 龙tory的美好",
    "abstract": "龙tory一生推又名权志龙给胜利的情书 情书是我抄的但我对你的爱是真的",
    "authorId": 33402804,
    "uploadTime": 1492830833.0,
    "playCount": 267,
    "commentCount": 1,
    "bulletCommentCount": 0,
    "imageUrl": "http://i1.hdslb.com/bfs/archive/96e18cef44111f8cc6243a2b783cb909e66e4c0e.jpg",
    "feedback": {
        "like": "0",
        "coin": "2",
        "star": "2",
        "share": "70"
    },
    "comments": [
        "进度条好评(o^^o)"
    ],
    "tags": [
        "娱乐",
        "明星",
        "明星",
        "龙TORY GRI"
    ]
}