{
    "id": 10007388,
    "title": "【谁都波澜爆笑】170416 中川家",
    "abstract": "自录。誰だって波瀾爆笑 中川家…少年時代の貧乏エピソード&礼二の娘登場&自宅も公開! 2017年4月16日放送\n【番組内容】\n中川家…貧しかった少年時代の爆笑エピソード連発!兄弟で同じ女性を…恋愛秘話!礼二の娘登場&自宅も公開!仕事場に密着…財布の中身は?　　　\n【出演者】\n中川家 堀尾正明 溝端淳平 岡田結実 小峠英二（バイキング）",
    "authorId": 1832499,
    "uploadTime": 1492831700.0,
    "playCount": 3645,
    "commentCount": 7,
    "bulletCommentCount": 39,
    "imageUrl": "http://i2.hdslb.com/bfs/archive/f33c82a1406f94f96c7004abb30d0c98010cb6ae.jpg",
    "feedback": {
        "like": "11",
        "coin": "15",
        "star": "77",
        "share": "65"
    },
    "comments": [
        "么么哒",
        "跟お兄ちゃん的书里写的一样www",
        "饭圈楷模",
        "真是把伤心的往事当成梗来说了",
        "封面两位太帅了"
    ],
    "tags": [
        "日本综艺",
        "综艺",
        "娱乐",
        "综艺",
        "誰だって波瀾爆笑",
        "中川家",
        "溝端淳平",
        "堀尾正明",
        "岡田結実"
    ]
}