{
    "id": 10007511,
    "title": "【耻辱2】外国大神是这么玩耻辱2的 第二十一期",
    "abstract": "Youtube-Dishonored 2 _ Epic Kills",
    "authorId": 6472663,
    "uploadTime": 1492831440.0,
    "playCount": 44448,
    "commentCount": 176,
    "bulletCommentCount": 297,
    "imageUrl": "http://i2.hdslb.com/bfs/archive/53bf1a9a7c91c6633d801b550edeeab2811814fc.jpg",
    "feedback": {
        "like": "95",
        "coin": "95",
        "star": "341",
        "share": "198"
    },
    "comments": [
        "封面的界外魔好萌啊(｀・ω・´)",
        "所以科尔沃才是界外魔真爱吗233",
        "大收藏家",
        "哦，嘿，科尔氵。。。哦，是妳。。。",
        "大神玩的是耻辱，我们玩是耻辱( ´_ゝ｀)"
    ],
    "tags": [
        "游戏集锦",
        "游戏",
        "单机游戏",
        "高玩",
        "耻辱"
    ]
}