{
    "id": 10007630,
    "title": "Arduino 入门课程",
    "abstract": "如果你是一位 Arduino 初学者，这套视频非常适合你。至于 Arduino 已经熟悉的同学，可以看看总论部分，或许你会有一些共鸣。",
    "authorId": 8660437,
    "uploadTime": 1492830563.0,
    "playCount": 337433,
    "commentCount": 1122,
    "bulletCommentCount": 4749,
    "imageUrl": "http://i2.hdslb.com/bfs/archive/f00d80d45abab863941ce7db87cb6a66ad3d482f.png",
    "feedback": {
        "like": "5636",
        "coin": "5950",
        "star": "1.9万",
        "share": "3399"
    },
    "comments": [
        "第四节用while更好写嗷！   noTone(7)；  while(digitalRead(10)==LOW)  {    tone(7,2093);    }   while(digitalRead(9)==LOW)  {    tone(7,2349);    }   while(digitalRead(8)==LOW)  {    tone(7,2637);    }亲测有效",
        "收集萌新",
        "见习搬运工",
        "/*4th arduino pro*/void setup(){  pinMode(8, INPUT);  digitalWrite(8, HIGH);  pinMode(9, INPUT);  digitalWrite(9, HIGH);  pinMode(10, INPUT);  digitalWrite(10, HIGH);  pinMode(11, OUTPUT);  pinMode(12, OUTPUT);  pinMode(13, OUTPUT);}void loop(){  if(digitalRead(10)==LOW||digitalRead(9)==LOW||digitalRead(8)==LOW)  {     if(digitalRead(10)==LOW)  {    tone(7, 2093);    digitalWrite(13, HIGH);      // statement  } else {    digitalWrite(13, LOW);      // statement  }  if(digitalRead(9)==LOW)  {    tone(7, 2349);    digitalWrite(12, HIGH);      // statement  } else {    digitalWrite(12, LOW);      // statement  }  if(digitalRead(8)==LOW)  {    tone(7, 2637);    digitalWrite(11, HIGH);      // statement  } else {     digitalWrite(11, LOW);      // statement  }} else {      noTone(7);      digitalWrite(11, LOW);      digitalWrite(12, LOW);      digitalWrite(13, LOW);  }}",
        "感谢UP主，收获很大哦(°∀°)ﾉ"
    ],
    "tags": [
        "编程",
        "技术宅",
        "知识",
        "校园学习",
        "创客",
        "科技传播坊",
        "Arduino",
        "单片机",
        "Arduino Uno"
    ]
}