{
    "id": 10006948,
    "title": "[1080p][60FPS]坦克世界闪电战 东仁港地图BUG",
    "abstract": "其实这个BUG一般情况下并没有啥卵用 无非实在…进去躲个修车费\n原标Wot Blitz -- Yamato Harbor map new Glitch [1080p][60FPS]\n原址https://m.youtube.com/watch?v=Ji-RrVcKz7E",
    "authorId": 53574568,
    "uploadTime": 1492828323.0,
    "playCount": 3829,
    "commentCount": 32,
    "bulletCommentCount": 28,
    "imageUrl": "http://i1.hdslb.com/bfs/archive/7c13ae4d32aa4a8c8af02f3ee098416db4f17db6.jpg",
    "feedback": {
        "like": "18",
        "coin": "1",
        "star": "38",
        "share": "97"
    },
    "comments": [
        "见习搬运工",
        "收集萌新",
        "在哪能下啊求助",
        "青铜殿堂",
        "所以说进去就出不来了么#滑稽"
    ],
    "tags": [
        "坦克世界闪电战",
        "游戏",
        "网络游戏",
        "坦克世界闪击战",
        "BUG的胜利"
    ]
}