{
    "id": 10007323,
    "title": "安福桑",
    "abstract": "sm30379138\n原标题：安福さん\n原作者：mega(目が)\n打个啥麻将啊，来来来跟我学数学，然后和空白一样用数学难题打倒对方",
    "authorId": 4622162,
    "uploadTime": 1492829216.0,
    "playCount": 270,
    "commentCount": 12,
    "bulletCommentCount": 1,
    "imageUrl": "http://i1.hdslb.com/bfs/archive/536706c329db4ad7f05144fc8c29e15b68d38e38.png",
    "feedback": {
        "like": "0",
        "coin": "2",
        "star": "14",
        "share": "65"
    },
    "comments": [
        "还以为是抽了，仔细看才发现是封面统一型……",
        "高级搬运工",
        "太强了。。。。。。",
        "安封面统一",
        "安福面统一"
    ],
    "tags": [
        "鬼畜",
        "鬼畜",
        "音MAD",
        "天才麻将少女",
        "チルノのパーフェクトさんすう教室",
        "安福莉子",
        "深刻的素材不足",
        "琪露诺的算术教室",
        "咲-Saki-",
        "安福桑",
        "安福桑封面统一",
        "安福さん"
    ]
}