{
    "id": 10007662,
    "title": "【欧美】【气质】掰弯合集 略燃",
    "abstract": "（素材来自音悦台 内容自剪辑自配乐=￣ω￣=）\n其实有炒鸡多有气质的总攻小姐姐╰_╯ 有的记不住名字啊就只剪了这么多╰_╯",
    "authorId": 41664736,
    "uploadTime": 1492831686.0,
    "playCount": 247,
    "commentCount": 0,
    "bulletCommentCount": 4,
    "imageUrl": "http://i0.hdslb.com/bfs/archive/c2557e3d33f5a215c7402db290999d1c6c54996a.jpg",
    "feedback": {
        "like": "2",
        "coin": "1",
        "star": "0",
        "share": "66"
    },
    "comments": [],
    "tags": [
        "秀场",
        "时尚",
        "风尚标",
        "音乐",
        "小姐姐",
        "女神",
        "时尚",
        "总攻",
        "资讯",
        "野性",
        "掰弯",
        "冒险时间",
        "潮流趋势"
    ]
}