{
    "id": 10007515,
    "title": "【SNH48】【张怡】恭喜栗子《代号XII》神龙达成",
    "abstract": "恭喜栗子神龙达成！！\nunit：她和她 + Love Letter + 初吻练习曲 + 都不会 + 自以为 + Lay Down",
    "authorId": 230328,
    "uploadTime": 1492832290.0,
    "playCount": 525,
    "commentCount": 9,
    "bulletCommentCount": 9,
    "imageUrl": "http://i0.hdslb.com/bfs/archive/18cabf5cb50d7e1f991e7d47a11c8712e21faa49.jpg",
    "feedback": {
        "like": "3",
        "coin": "15",
        "star": "17",
        "share": "83"
    },
    "comments": [
        "神龙了",
        "栗子外务多，神龙不容易",
        "栗子！",
        "大会员2018年度勋章",
        "恭喜栗子"
    ],
    "tags": [
        "SNH48",
        "娱乐",
        "明星",
        "明星",
        "塞纳河",
        "张怡",
        "公演",
        "栗子",
        "SNH48张怡"
    ]
}