{
    "id": 10007693,
    "title": "csgo竞技比赛，当我看到己方和对方的等级差点哭了。",
    "abstract": "up主技术不好，所以玩的菜别喷，我自己也是炸了，这个等级这个技术来打竞技，诶妈卖批。求关注",
    "authorId": 34942380,
    "uploadTime": 1492830811.0,
    "playCount": 593,
    "commentCount": 1,
    "bulletCommentCount": 5,
    "imageUrl": "http://i1.hdslb.com/bfs/archive/67ef934c4607b6f6fbec1ed951117a070a837934.jpg",
    "feedback": {
        "like": "1",
        "coin": "1",
        "star": "1",
        "share": "77"
    },
    "comments": [
        "见习搬运工"
    ],
    "tags": [
        "游戏",
        "电子竞技",
        "电子竞技",
        "网络游戏",
        "第一视角",
        "实况",
        "直播录像"
    ]
}