{
    "id": 10006785,
    "title": "西安拜金女被甩，验证了金钱不是爱情！",
    "abstract": "西安拜金女被甩，验证了金钱不是爱情！",
    "authorId": 28164272,
    "uploadTime": 1492828184.0,
    "playCount": 1584,
    "commentCount": 6,
    "bulletCommentCount": 4,
    "imageUrl": "http://i2.hdslb.com/bfs/archive/8b1a45567acbf3ef778adb9a1a19f3855157efd1.jpg",
    "feedback": {
        "like": "0",
        "coin": "6",
        "star": "3",
        "share": "80"
    },
    "comments": [
        "666",
        "大收藏家",
        "饭圈楷模",
        "第三~",
        "饭圈楷模"
    ],
    "tags": [
        "搞笑",
        "生活",
        "搞笑",
        "搞笑视频",
        "爆笑"
    ]
}