{
    "id": 10006878,
    "title": "安福桑",
    "abstract": "sm17927473\n原标题：安福さん\n原作者：感想\n元凶是吧？请开始你的表演。",
    "authorId": 4622162,
    "uploadTime": 1492827558.0,
    "playCount": 545,
    "commentCount": 8,
    "bulletCommentCount": 2,
    "imageUrl": "http://i0.hdslb.com/bfs/archive/ad21ac58fe04ef60309bc5eeeff933761dd9101d.jpg",
    "feedback": {
        "like": "3",
        "coin": "1",
        "star": "30",
        "share": "76"
    },
    "comments": [
        "2016鬼畜大赏纪念勋章",
        "知名搬运工",
        "青铜殿堂",
        "***"
    ],
    "tags": [
        "鬼畜",
        "鬼畜",
        "音MAD",
        "天才麻将少女",
        "音MAD",
        "安福莉子",
        "○○のウエライド",
        "一切的元凶",
        "咲-Saki-",
        "安福桑",
        "安福桑封面统一"
    ]
}