{
    "id": 10007057,
    "title": "【血舞Crazy】我的世界地下空岛6 意外之财",
    "abstract": "技能系统，BOSS系统，成就系统，装备系统，应有尽有，好玩不伤身！",
    "authorId": 9200046,
    "uploadTime": 1492829467.0,
    "playCount": 813,
    "commentCount": 3,
    "bulletCommentCount": 62,
    "imageUrl": "http://i1.hdslb.com/bfs/archive/9de9b919fd2b0dca0e7aaae944890864dad4eb70.jpg",
    "feedback": {
        "like": "22",
        "coin": "8",
        "star": "11",
        "share": "77"
    },
    "comments": [
        "啊啊想看15年的我的世界那些rpg 求搬",
        "钉钉时代前来考古",
        "…开场声音太大了吧(￣3￣)"
    ],
    "tags": [
        "我的世界",
        "游戏",
        "单机游戏",
        "生存",
        "Minecraft",
        "地下",
        "血舞",
        "mc"
    ]
}