{
    "id": 10006837,
    "title": "[缤纷食谱]+如何制作美味可爱的吐司早餐",
    "abstract": "小猪吐司早餐，所需材料：吐司，烤面包机，花生酱或者巧克力酱，坚果等",
    "authorId": 52101240,
    "uploadTime": 1492827474.0,
    "playCount": 1146,
    "commentCount": 1,
    "bulletCommentCount": 5,
    "imageUrl": "http://i1.hdslb.com/bfs/archive/d2a0109c801e9342ee95f1a462006d25b9904f43.jpg",
    "feedback": {
        "like": "0",
        "coin": "2",
        "star": "4",
        "share": "82"
    },
    "comments": [
        "这个花生酱真像花生的排泄物"
    ],
    "tags": [
        "吃货",
        "美食",
        "美食",
        "美食制作",
        "自制",
        "美食圈",
        "制作教程",
        "美食视频",
        "早餐"
    ]
}