{
    "id": 10006741,
    "title": "血源诅咒 圣剑打法血虐半血迷宫深度5亚弥达拉",
    "abstract": "记得没错的话力敏60多，符文3爪印，宝石三个27.2",
    "authorId": 29087994,
    "uploadTime": 1492827564.0,
    "playCount": 1917,
    "commentCount": 1,
    "bulletCommentCount": 3,
    "imageUrl": "http://i0.hdslb.com/bfs/archive/3e5f000f7ed0c51cf863a540a4450dd59a89e7d7.jpg",
    "feedback": {
        "like": "8",
        "coin": "4",
        "star": "9",
        "share": "73"
    },
    "comments": [
        "资深委员"
    ],
    "tags": [
        "血源诅咒",
        "PS4",
        "单机游戏",
        "游戏",
        "单机游戏",
        "教学",
        "游戏",
        "亚弥达拉"
    ]
}