{
    "id": 10007258,
    "title": "【Splatoon】記一次神奇的雙排.....",
    "abstract": "昨晚的雙排，遇到了網絡延遲，而且還是個神奇的網絡延遲...",
    "authorId": 2672203,
    "uploadTime": 1492829593.0,
    "playCount": 92,
    "commentCount": 3,
    "bulletCommentCount": 12,
    "imageUrl": "http://i2.hdslb.com/bfs/archive/ba31e1eb5fd89d309f8bb08210260ef397481c88.jpg",
    "feedback": {
        "like": "0",
        "coin": "8",
        "star": "0",
        "share": "61"
    },
    "comments": [
        "（￣▽￣）哇，新挂吖，热评",
        "饭圈萌新",
        "饭圈楷模"
    ],
    "tags": [
        "游戏",
        "单机游戏",
        "Splatoon"
    ]
}