{
    "id": 10007004,
    "title": "【牛人与傻缺】各种牛人与傻缺集锦",
    "abstract": "http://www.toutiao.com/a6294056325420679682/\n群；628912470",
    "authorId": 8134391,
    "uploadTime": 1492828584.0,
    "playCount": 776,
    "commentCount": 1,
    "bulletCommentCount": 8,
    "imageUrl": "http://i1.hdslb.com/bfs/archive/da48eaabdc06f3cece7022db2b8f5cf1acf69f75.jpg",
    "feedback": {
        "like": "1",
        "coin": "6",
        "star": "10",
        "share": "65"
    },
    "comments": [
        "第一咩～"
    ],
    "tags": [
        "搞笑",
        "生活",
        "搞笑",
        "爆笑",
        "悲剧碉堡傻缺",
        "奇葩",
        "牛人"
    ]
}