{
    "id": 10007628,
    "title": "（是时候出个Flash相关了）Flash的遮罩层的运用",
    "abstract": "这一期是Flash的相关教程\n遮罩层的运用方法及效果演示",
    "authorId": 13721938,
    "uploadTime": 1492830536.0,
    "playCount": 4490,
    "commentCount": 18,
    "bulletCommentCount": 39,
    "imageUrl": "http://i0.hdslb.com/bfs/archive/85aeddaf1fcb713924f993788801f069f1c85bc2.jpg",
    "feedback": {
        "like": "44",
        "coin": "18",
        "star": "85",
        "share": "99"
    },
    "comments": [
        "支持UP主",
        "青铜殿堂",
        "高级搬运工",
        "出道偶像",
        "(°∀°)ﾉ"
    ],
    "tags": [
        "野生技术协会",
        "知识",
        "野生技能协会",
        "演示",
        "教程",
        "FLASH教程",
        "演示视频",
        "新人up主求支持"
    ]
}