{
    "id": 10006815,
    "title": "世界各地网友整人集锦3",
    "abstract": "https://www.youtube.com/watch?v=oMlw34ehVJM\n转自https://www.youtube.com/watch?v=oMlw34ehVJM",
    "authorId": 10784175,
    "uploadTime": 1492828498.0,
    "playCount": 22892,
    "commentCount": 13,
    "bulletCommentCount": 84,
    "imageUrl": "http://i2.hdslb.com/bfs/archive/4392de18f5acf622d6fe50be1a13d27f23521801.jpg",
    "feedback": {
        "like": "0",
        "coin": "7",
        "star": "73",
        "share": "94"
    },
    "comments": [
        "真正的粉丝看了标题就发现车弯了！",
        "饭圈大佬",
        "大会员2018年度勋章",
        "饭圈楷模",
        "V字仇杀队诶(°∀°)ﾉ"
    ],
    "tags": [
        "搞笑",
        "生活",
        "搞笑",
        "恶作剧"
    ]
}