{
    "id": 10006864,
    "title": "【介绍日本】午夜世界的帅哥蛇——牛郎 【No.10-2】",
    "abstract": "我们微信公众号是［介绍日本］\n\n牛郎是指，接待女性客人的男性服务员。华丽的西装、夸张的发型、混身装备着奢侈品，十分容易判断。新宿・歌舞伎町是有名的牛郎集中地，那里的牛郎俱乐部的竞争十分激烈。\n\n牛郎的类型从好口才到半强势，再到可爱弟弟等，多种多样。如果成为一流牛郎，一晚卖出数百万也并非难事。然而他们虽然有可观的收入，但不规则的生活、大量饮酒都会对身体造成很大的影响。\n\n官方博客: https://intro-japan.com/introjapan-host/",
    "authorId": 72256910,
    "uploadTime": 1492828894.0,
    "playCount": 1766,
    "commentCount": 9,
    "bulletCommentCount": 12,
    "imageUrl": "http://i2.hdslb.com/bfs/archive/be08a73dcdc312eed62be697821a7ad73ca61456.jpg",
    "feedback": {
        "like": "3",
        "coin": "6",
        "star": "16",
        "share": "83"
    },
    "comments": [
        "想知道日本的各种传说(=・ω・=)",
        "解释的好详细，提到“香槟call”，我脑海里只有木村和56的短剧。。。印象太深了",
        "现在好像日本有个电视剧叫《昼颜》?好像知道这部剧所反应的日本的社会现象。。。",
        "哈哈哈哈好可爱  你不说一下吗"
    ],
    "tags": [
        "日语",
        "搞笑",
        "生活",
        "搞笑",
        "牛郎店",
        "日本文化",
        "日常",
        "新宿",
        "日本工作"
    ]
}