{
    "id": 10007597,
    "title": "【凹凸世界】嘉德罗斯性转",
    "abstract": "这里是新人第一次投稿，最近特别喜欢凹凸世界所以就心血来潮想来投稿，\n本人画画并不如很多大佬啦如果有问题还请各位路过大佬轻喷，本视频看的乐呵就好。",
    "authorId": 7406646,
    "uploadTime": 1492830329.0,
    "playCount": 1804,
    "commentCount": 11,
    "bulletCommentCount": 10,
    "imageUrl": "http://i2.hdslb.com/bfs/archive/f8aee5cab5bde97efecaf478dfd6156e847db5f8.jpg",
    "feedback": {
        "like": "15",
        "coin": "22",
        "star": "47",
        "share": "87"
    },
    "comments": [
        "这个嘉德罗斯，好凶好凶Σ(|||▽||| )",
        "好好看ε=ε=(ノ≧∇≦)ノ",
        "收集萌新",
        "螺丝啊~你都变成这样了就不要这么拽了，小心被扑倒~(=・ω・=)",
        "好可爱好可爱w"
    ],
    "tags": [
        "嘉德罗斯",
        "板绘",
        "野生技术协会",
        "绘画",
        "知识",
        "野生技能协会",
        "绘画过程",
        "性转",
        "Procreate"
    ]
}