{
    "id": 10007770,
    "title": "[油管转载]守望先锋太平洋职业锦标赛 M17 vs BLK - W1D2 Match 1 - OPC S1",
    "abstract": "https://gaming.youtube.com/channel/UC4pKt7WmuYEsfssbKdr_bLg#tab=2\n游戏：守望先锋\nyoutube台湾游戏解说",
    "authorId": 15989106,
    "uploadTime": 1492831472.0,
    "playCount": 63,
    "commentCount": 1,
    "bulletCommentCount": 0,
    "imageUrl": "http://i1.hdslb.com/bfs/archive/7fda25f80db313b75bfb7e5c8f825744dd3d8f75.jpg",
    "feedback": {
        "like": "2",
        "coin": "0",
        "star": "0",
        "share": "86"
    },
    "comments": [
        "大会员2018年度勋章"
    ],
    "tags": [
        "守望先锋",
        "游戏",
        "电子竞技",
        "实况攻略",
        "电子竞技",
        "网络游戏",
        "实况解说",
        "电竞比赛",
        "Youtube搬运"
    ]
}