{
    "id": 10007222,
    "title": "【国人原创】音乐MV  听得我都要哭了，感动",
    "abstract": "转载自  网易云音乐\n这首歌似乎说出了我们的人生，每个人都很平凡，都走着平凡的路，但平凡的路上总会发生不平凡的事，走下去，会找到你想要的  歌明为平凡之路",
    "authorId": 105339184,
    "uploadTime": 1492828895.0,
    "playCount": 207,
    "commentCount": 0,
    "bulletCommentCount": 1,
    "imageUrl": "http://i1.hdslb.com/bfs/archive/63185dd4660dfcf907e4bfd66523d891b11eb1d3.jpg",
    "feedback": {
        "like": "6",
        "coin": "0",
        "star": "5",
        "share": "78"
    },
    "comments": [],
    "tags": [
        "原创歌曲",
        "音乐",
        "MV",
        "原创",
        "原创音乐",
        "国人原创",
        "MV"
    ]
}