{
    "id": 10007780,
    "title": "a-cho 圣灵之心 録画対戦会①（2017.4.8）",
    "abstract": "YouTube\n转自YouTube GAMEacho。https://www.youtube.com/watch?v=lSiGLKTRKMQ",
    "authorId": 31020187,
    "uploadTime": 1492832926.0,
    "playCount": 132,
    "commentCount": 0,
    "bulletCommentCount": 0,
    "imageUrl": "http://i1.hdslb.com/bfs/archive/7f4e506968036e1c57973ee5550cff35b7e381b0.jpg",
    "feedback": {
        "like": "0",
        "coin": "0",
        "star": "0",
        "share": "85"
    },
    "comments": [],
    "tags": [
        "游戏",
        "单机游戏",
        "圣灵之心"
    ]
}