{
    "id": 10006778,
    "title": "TVB《溏心风暴3》在豪宅开机，演员阵容强大",
    "abstract": "今日头条 TVB《溏心风暴3》在豪宅开机，演员阵容强大",
    "authorId": 36066638,
    "uploadTime": 1492828770.0,
    "playCount": 2124,
    "commentCount": 0,
    "bulletCommentCount": 2,
    "imageUrl": "http://i1.hdslb.com/bfs/archive/bc515fc81460b5101cb7f14833e3b45fcdd92af3.jpg",
    "feedback": {
        "like": "0",
        "coin": "2",
        "star": "15",
        "share": "80"
    },
    "comments": [],
    "tags": [
        "娱乐",
        "明星",
        "tvb",
        "溏心风暴3"
    ]
}