{
    "id": 10006905,
    "title": "感受田馥甄的音色（19分钟听不完田馥甄）",
    "abstract": "都没看到10几分钟听完田馥甄的视频 我就做啦 虽然还是听不完....",
    "authorId": 87594519,
    "uploadTime": 1492827889.0,
    "playCount": 43464,
    "commentCount": 55,
    "bulletCommentCount": 1848,
    "imageUrl": "http://i2.hdslb.com/bfs/archive/b54e1d4614d0800ecce1dda676a99a2474c4072b.jpg",
    "feedback": {
        "like": "293",
        "coin": "320",
        "star": "1839",
        "share": "217"
    },
    "comments": [
        "表白up主表白甄哥田馥甄安利向田馥甄忘词全记录AV：1311183田馥甄之搞笑大杂烩全记录AV：1511347田馥甄团内外魅力之各路人马评价AV：1924890田馥甄大杂烩第二波AV：2681686田馥甄IF如果演唱会AV：7501087欢迎大家(･∀･)",
        "歌好听人也美√",
        "这颜值好多女演员都比不上她吧",
        "啊啊啊，本来就是觉着长得不错歌也不错……看完完全爱上，我要粉喜碧…",
        "大会员2018年度勋章"
    ],
    "tags": [
        "田馥甄",
        "音乐",
        "音乐综合",
        "音乐选集"
    ]
}