{
    "id": 10007622,
    "title": "【生肉搬运-印度老奶奶】印度老奶奶做各种好吃的，只有你想不到没有印度人民做不到的（持续更新）",
    "abstract": "https://www.youtube.com/channel/UCIQqTkKEgbsXxEA5agNEleg\n印度老奶奶做各种好吃的，只有你想不到没有印度人民做不到的（持续更新）\n最后更新时间：2017/4/25",
    "authorId": 10639855,
    "uploadTime": 1492830371.0,
    "playCount": 15759,
    "commentCount": 17,
    "bulletCommentCount": 745,
    "imageUrl": "http://i0.hdslb.com/bfs/archive/3c135bd9debff63a318802517d1a4c5b61fde160.jpg",
    "feedback": {
        "like": "38",
        "coin": "29",
        "star": "244",
        "share": "117"
    },
    "comments": [
        "红粉黄粉是啥",
        "下次弄个黑椒墨鱼炖中国boy",
        "饭圈楷模",
        "这样的刀(-_-#)具，严重影响效率",
        "超喜欢奶奶"
    ],
    "tags": [
        "印度美食",
        "厨艺",
        "美食",
        "美食",
        "美食制作",
        "美食视频",
        "厨艺大师",
        "料理",
        "美食圈",
        "印度老奶奶"
    ]
}