{
    "id": 10007749,
    "title": "林依晨谈胡歌留学，被逼到墙角惹人心疼",
    "abstract": "幸福传媒\n胡歌",
    "authorId": 28771626,
    "uploadTime": 1492833194.0,
    "playCount": 5906,
    "commentCount": 0,
    "bulletCommentCount": 0,
    "imageUrl": "http://i1.hdslb.com/bfs/archive/9110e6a912f2ea55fa3c941aa320ea026e12728d.jpg",
    "feedback": {
        "like": "6",
        "coin": "0",
        "star": "9",
        "share": "78"
    },
    "comments": [],
    "tags": [
        "娱乐",
        "明星",
        "明星"
    ]
}