{
    "id": 10007072,
    "title": "中国正在建设又一海上超级工程_工程规模浩大_2024年完工_mda-hdwsc8cz3zfuvx4z",
    "abstract": "百度视频\nhttps://rc.mbd.baidu.com/j1gimj7",
    "authorId": 96858706,
    "uploadTime": 1492828219.0,
    "playCount": 26733,
    "commentCount": 353,
    "bulletCommentCount": 160,
    "imageUrl": "http://i1.hdslb.com/bfs/archive/12db87a8ddc2288261ac8d5ecc0d9b05317a9d28.jpg",
    "feedback": {
        "like": "1",
        "coin": "21",
        "star": "181",
        "share": "114"
    },
    "comments": [
        "别特么动不动老百姓的钱，请问美分交过个人所得税没有",
        "收集达人",
        "大会员2018年度勋章",
        "大会员2018年度勋章",
        "十年大会员"
    ],
    "tags": [
        "科技",
        "工业·工程·机械",
        "涨姿势",
        "中国",
        "工程",
        "趣味科普人文"
    ]
}