{
    "id": 10006950,
    "title": "我的世界整合包p5",
    "abstract": "自制希望大家能喜欢",
    "authorId": 21587668,
    "uploadTime": 1492828961.0,
    "playCount": 71,
    "commentCount": 1,
    "bulletCommentCount": 1,
    "imageUrl": "http://i2.hdslb.com/bfs/archive/387fc7c7b274956dd489c54edc66d9595d6ad913.jpg",
    "feedback": {
        "like": "0",
        "coin": "0",
        "star": "2",
        "share": "76"
    },
    "comments": [
        "来啦 ≡ \\(　˙-˙ )/"
    ],
    "tags": [
        "我的世界",
        "游戏",
        "单机游戏",
        "解说",
        "实况",
        "MINECRAFT",
        "手残",
        "minecraft"
    ]
}