{
    "id": 10006673,
    "title": "守望狂鼠五杀yy",
    "abstract": "狂鼠天降正义",
    "authorId": 36748458,
    "uploadTime": 1492827391.0,
    "playCount": 45,
    "commentCount": 0,
    "bulletCommentCount": 0,
    "imageUrl": "http://i1.hdslb.com/bfs/archive/206410d5d648990e5ce4f729eecc83178fd73799.jpg",
    "feedback": {
        "like": "1",
        "coin": "0",
        "star": "0",
        "share": "81"
    },
    "comments": [],
    "tags": [
        "守望先锋",
        "游戏",
        "电子竞技",
        "电子竞技",
        "网络游戏"
    ]
}