{
    "id": 10007439,
    "title": "东西军旅行团（熊本天草VS岩手平泉）",
    "abstract": "东西军旅行团\n东西军旅行团",
    "authorId": 56702052,
    "uploadTime": 1492831273.0,
    "playCount": 502,
    "commentCount": 0,
    "bulletCommentCount": 0,
    "imageUrl": "http://i0.hdslb.com/bfs/archive/a94e43d73e461331502397d66d7efcd7f7140063.jpg",
    "feedback": {
        "like": "0",
        "coin": "0",
        "star": "10",
        "share": "79"
    },
    "comments": [],
    "tags": [
        "美食",
        "美食",
        "美食侦探",
        "日常",
        "美食圈"
    ]
}