{
    "id": 10007185,
    "title": "【TOP10】十大PS3独占游戏销量排行榜",
    "abstract": "https://www.youtube.com/watch?v=gWYsnCABDQU&index=34&list=WL&t=60s\n视频转自Youtube/电玩宅速配\n盘点ps3上销量最好的10款独占游戏",
    "authorId": 14064336,
    "uploadTime": 1492829516.0,
    "playCount": 10351,
    "commentCount": 11,
    "bulletCommentCount": 50,
    "imageUrl": "http://i1.hdslb.com/bfs/archive/f3534d157db44b7148c3933d7c2dde461ab7bb4c.jpg",
    "feedback": {
        "like": "43",
        "coin": "7",
        "star": "113",
        "share": "85"
    },
    "comments": [
        "好嘛，顽皮狗占了半壁江山",
        "啊啊啊啊嗚",
        "前来考古",
        "看错了，原来是独占",
        "其实gta4和gta5销量很高，肯定进榜"
    ],
    "tags": [
        "PS3",
        "PS4",
        "单机游戏",
        "游戏",
        "单机游戏",
        "独占"
    ]
}