{
    "id": 10007624,
    "title": "CenCal Standoff 2017- UMVC3 Top 8 (2p)",
    "abstract": "https://www.youtube.com/watch?v=RrhGnSNDaEc\n1",
    "authorId": 95254709,
    "uploadTime": 1492832659.0,
    "playCount": 264,
    "commentCount": 0,
    "bulletCommentCount": 0,
    "imageUrl": "http://i2.hdslb.com/bfs/archive/a38389d55c1dcc8b8ee55241e169085388ed2ede.jpg",
    "feedback": {
        "like": "1",
        "coin": "1",
        "star": "4",
        "share": "73"
    },
    "comments": [],
    "tags": [
        "金刚狼",
        "维吉尔",
        "漫威",
        "超级英雄",
        "游戏",
        "单机游戏",
        "万磁王",
        "但丁",
        "卡普空",
        "豪鬼",
        "格斗游戏",
        "marvel",
        "capcom"
    ]
}