{
    "id": 10007602,
    "title": "【罪熊实况】晶体管P2    一，二，三，笑~~~",
    "abstract": "拍照要用什么姿势呢？",
    "authorId": 8293833,
    "uploadTime": 1492831948.0,
    "playCount": 36,
    "commentCount": 0,
    "bulletCommentCount": 0,
    "imageUrl": "http://i0.hdslb.com/bfs/archive/74f057c6eea57eb64aa71d60488b5f48f490f068.jpg",
    "feedback": {
        "like": "0",
        "coin": "0",
        "star": "0",
        "share": "82"
    },
    "comments": [],
    "tags": [
        "单机游戏",
        "游戏",
        "单机游戏",
        "实况攻略",
        "手残",
        "娱乐解说",
        "实况解说"
    ]
}