{
    "id": 10007079,
    "title": "【雷军】把你变基佬 Turn you be a gay",
    "abstract": "失踪人口诈尸系列~ 磨了一周，希望喜欢啦！BGM: One fine day",
    "authorId": 6171645,
    "uploadTime": 1492828339.0,
    "playCount": 637811,
    "commentCount": 1831,
    "bulletCommentCount": 4752,
    "imageUrl": "http://i1.hdslb.com/bfs/archive/372a5f12aed5b3c446f536b7df6ba4007e1758d2.png",
    "feedback": {
        "like": "2544",
        "coin": "3.9万",
        "star": "2.1万",
        "share": "7514"
    },
    "comments": [
        "2018百大UP主",
        "白银殿堂",
        "黄金殿堂",
        "黄绿合战",
        "青铜殿堂"
    ],
    "tags": [
        "动感视频",
        "雷军",
        "鬼畜调教",
        "鬼畜",
        "鬼畜",
        "鬼畜调教",
        "失踪人口回归",
        "OELoop",
        "音乐区亮剑吧",
        "雷总演唱会",
        "蜜汁好听",
        "rap",
        "燃向",
        "节奏爆炸"
    ]
}