{
    "id": 10006908,
    "title": "丝芙兰剁手购物分享 | 超值套装 | Sephora Haul | 跟我一起买买买！",
    "abstract": "Sephora一年两次的春季折扣开始啦！！这次是85折，力度不大所以我没有买特别多，但也是值得一看的哦~~有彩妆，护肤品，还有超值礼盒~~不要错过哦~~\n\n请大家忽略我拙劣的丸子头哈哈哈",
    "authorId": 51988676,
    "uploadTime": 1492829017.0,
    "playCount": 7645,
    "commentCount": 30,
    "bulletCommentCount": 58,
    "imageUrl": "http://i1.hdslb.com/bfs/archive/f7bb5ee92e3cbdd034bf8dfd93e7a05b2c3acaf6.jpg",
    "feedback": {
        "like": "4",
        "coin": "20",
        "star": "70",
        "share": "88"
    },
    "comments": [
        "光。太亮了",
        "怎么在微博搜索:坤仔要努力并没有搜到阿婆主的微博呢，不开心嘤嘤嘤????",
        "所以国内要怎么买（￣▽￣）",
        "不错，加油(￣3￣)",
        "丝芙兰是专柜还是网站？如果是专柜的话有没有广州的小伙伴私信我天河区有没有专柜？在哪里？"
    ],
    "tags": [
        "化妆品",
        "购物分享",
        "种草",
        "美妆",
        "时尚",
        "美妆",
        "护肤品",
        "美妆博主",
        "丝芙兰购物分享",
        "shopping haul",
        "坤仔"
    ]
}