{
    "id": 10007091,
    "title": "【郭子凡|舞蹈】《大鱼》合并版BY一只小号",
    "abstract": "20170402上海演唱会，郭子凡舞蹈《大鱼》官方&饭拍合并版，制作BY一只小号。",
    "authorId": 2987821,
    "uploadTime": 1492830877.0,
    "playCount": 3661,
    "commentCount": 8,
    "bulletCommentCount": 30,
    "imageUrl": "http://i2.hdslb.com/bfs/archive/96049fb884a16e3fdd53b45e66eb24ea90c7a809.jpg",
    "feedback": {
        "like": "47",
        "coin": "69",
        "star": "177",
        "share": "134"
    },
    "comments": [
        "最喜欢的一版",
        "凡凡的表情都好到位啊",
        "青铜殿堂",
        "跳的好好，(=・ω・=)",
        "在首页看到进来打卡（￣▽￣）"
    ],
    "tags": [
        "郭子凡",
        "X玖少年团",
        "娱乐",
        "明星",
        "舞蹈",
        "大鱼",
        "明星"
    ]
}