{
    "id": 10007545,
    "title": "坦克世界超燃cg 胜利属于我们！",
    "abstract": "https://www.youtube.com/watch?v=MBQt4g8xOCw bgm two steps from hell \n",
    "authorId": 13558933,
    "uploadTime": 1492829730.0,
    "playCount": 693,
    "commentCount": 0,
    "bulletCommentCount": 4,
    "imageUrl": "http://i0.hdslb.com/bfs/archive/5346499b5275dce3160d6697dc0ded00ad370f69.png",
    "feedback": {
        "like": "3",
        "coin": "0",
        "star": "10",
        "share": "77"
    },
    "comments": [],
    "tags": [
        "坦克世界",
        "游戏",
        "GMV",
        "宣传片",
        "bgm",
        "cg"
    ]
}