{
    "id": 10007614,
    "title": "【纪念用】50天攒咸鱼之路 秒6",
    "abstract": "随录，纪念用 电脑录的 有点炸 听说荒川加强了就立马求了",
    "authorId": 478301,
    "uploadTime": 1492829929.0,
    "playCount": 145,
    "commentCount": 2,
    "bulletCommentCount": 1,
    "imageUrl": "http://i0.hdslb.com/bfs/archive/8cb7a009bcea742dd806d36e63c8bb625a2e49a0.jpg",
    "feedback": {
        "like": "0",
        "coin": "0",
        "star": "2",
        "share": "78"
    },
    "comments": [
        "饭圈大佬",
        "厉害了。up和我一样也是咸鱼真爱党啊"
    ],
    "tags": [
        "阴阳师",
        "游戏",
        "手机游戏",
        "手机游戏"
    ]
}