{
    "id": 10007384,
    "title": "[ 守望先锋 大神 ] 海鸥输出式和尚，45杀 51助攻！",
    "abstract": "https://www.youtube.com/watch?v=-N_UXVH11iE\n[ 守望先锋 大神 ] 海鸥输出式和尚，45杀 51助攻！",
    "authorId": 31974736,
    "uploadTime": 1492829825.0,
    "playCount": 4121,
    "commentCount": 15,
    "bulletCommentCount": 124,
    "imageUrl": "http://i1.hdslb.com/bfs/archive/28a5c32498386da77266dbb40893079151a58b55.jpg",
    "feedback": {
        "like": "2",
        "coin": "6",
        "star": "24",
        "share": "99"
    },
    "comments": [
        "大会员2018年度勋章",
        "大会员2018年度勋章",
        "大会员2018年度勋章",
        "饭圈楷模",
        "以后出一期战斗天使吧"
    ],
    "tags": [
        "电竞赛事",
        "游戏集锦",
        "守望先锋",
        "游戏",
        "电子竞技",
        "电子竞技",
        "游戏赛事",
        "第一视角"
    ]
}