{
    "id": 10007778,
    "title": "[GFriend]小提琴版指尖",
    "abstract": "CR:YouTube\n很好听的哦~很久很久不更新啦~我又回来啦~",
    "authorId": 19061770,
    "uploadTime": 1492830996.0,
    "playCount": 580,
    "commentCount": 5,
    "bulletCommentCount": 5,
    "imageUrl": "http://i1.hdslb.com/bfs/archive/fc88c7b622bf3273ef5feef1949ba7f2ecae2ae5.jpg",
    "feedback": {
        "like": "5",
        "coin": "8",
        "star": "19",
        "share": "85"
    },
    "comments": [
        "加油  很棒",
        "超级棒的小姐姐！表白女友们",
        "真的好厉害(°∀°)ﾉ",
        "收集萌新",
        "收集萌新"
    ],
    "tags": [
        "金艺源",
        "金韶情",
        "黄恩妃",
        "崔俞娜",
        "丁恩妃",
        "郑艺琳",
        "Korea相关",
        "娱乐",
        "明星",
        "gfriend",
        "小提琴版FINGERTIP"
    ]
}