{
    "id": 10007635,
    "title": "傅园慧2017青岛全国游泳冠军赛采访视频合辑",
    "abstract": "QTV CCTV5 腾讯体育 以及群访视频数则\n傅园慧2017青岛全国游泳冠军赛预赛采访视频\n【整理.yoyo】",
    "authorId": 106288324,
    "uploadTime": 1492830348.0,
    "playCount": 1061,
    "commentCount": 0,
    "bulletCommentCount": 1,
    "imageUrl": "http://i2.hdslb.com/bfs/archive/9149211d6218535108ec5a230f4d21b0202b92c7.jpg",
    "feedback": {
        "like": "0",
        "coin": "1",
        "star": "16",
        "share": "83"
    },
    "comments": [],
    "tags": [
        "运动",
        "竞技体育",
        "运动",
        "傅园慧",
        "采访视频",
        "全国游泳冠军赛",
        "2017青岛游泳冠军赛"
    ]
}