{
    "id": 10006961,
    "title": "TGP饥荒联机版朋友联机 第五集 大海狸",
    "abstract": "我是在TGP是买的，想看更多去优酷，名字love石头解说n(*≧▽≦*)n",
    "authorId": 14755820,
    "uploadTime": 1492828960.0,
    "playCount": 206,
    "commentCount": 0,
    "bulletCommentCount": 0,
    "imageUrl": "http://i2.hdslb.com/bfs/archive/98dd7bf32e6654ee195ccf237a2aa42a4ff72a24.png",
    "feedback": {
        "like": "0",
        "coin": "0",
        "star": "3",
        "share": "80"
    },
    "comments": [],
    "tags": [
        "游戏",
        "单机游戏",
        "饥荒联机版"
    ]
}