{
    "id": 10006969,
    "title": "大和号战列舰超该改航母，注意不是信浓号！真够辣眼睛的",
    "abstract": "https://www.youtube.com/watch?v=1Eo0CcTK8hA\n大和号居然像伊势号那样暴该起来",
    "authorId": 105313650,
    "uploadTime": 1492828123.0,
    "playCount": 8272,
    "commentCount": 29,
    "bulletCommentCount": 30,
    "imageUrl": "http://i2.hdslb.com/bfs/archive/ff9304f4899380f6b8e3dab9d2bae0e1f1e1e653.jpg",
    "feedback": {
        "like": "44",
        "coin": "9",
        "star": "86",
        "share": "113"
    },
    "comments": [
        "大会员2018年度勋章",
        "诶，实际上历史上真有将大和改装成航空战列舰的方案及计划存在哦",
        "不容易_(:з」∠)_",
        "校长我来了",
        "大会员2018年度勋章"
    ],
    "tags": [
        "模型制作",
        "模型",
        "手工",
        "生活",
        "手工",
        "魔性",
        "创意",
        "Youtube搬运"
    ]
}