{
    "id": 10007517,
    "title": "【GOT7】珍荣对水獭七展露的温柔（心疼有谦米）",
    "abstract": "cr:logo\n想念我们七\n笔哥后院起火系列",
    "authorId": 16469504,
    "uploadTime": 1492830868.0,
    "playCount": 15703,
    "commentCount": 10,
    "bulletCommentCount": 49,
    "imageUrl": "http://i2.hdslb.com/bfs/archive/601b6ff6d4daad8406066a3b04a33975a2a10b02.jpg",
    "feedback": {
        "like": "114",
        "coin": "11",
        "star": "417",
        "share": "97"
    },
    "comments": [
        "荣荣一直都很宠小七的！！",
        "笔歌的后宫",
        "宠小七的珍荣和听珍荣话的小七",
        "想你【崔荣宰     小七】",
        "迪迪长大了，有的要打有的要宠"
    ],
    "tags": [
        "崔荣宰",
        "朴珍荣",
        "Korea相关",
        "娱乐",
        "明星",
        "GOT 7"
    ]
}