{
    "id": 10007727,
    "title": "CS_GO - When PROS CLUTCH 1v5 (FRAGMOVIE)",
    "abstract": "CS_GO - When PROS CLUTCH 1v5 (FRAGMOVIE)",
    "authorId": 631383,
    "uploadTime": 1492830802.0,
    "playCount": 29,
    "commentCount": 0,
    "bulletCommentCount": 0,
    "imageUrl": "http://i2.hdslb.com/bfs/archive/7eb1e79c5dd93274678e434f2a4a90b5b27e2549.jpg",
    "feedback": {
        "like": "0",
        "coin": "1",
        "star": "0",
        "share": "87"
    },
    "comments": [],
    "tags": [
        "CS:GO",
        "游戏",
        "网络游戏",
        "电子竞技"
    ]
}