{
    "id": 10007028,
    "title": "【音淼实况】iphone乙女游戏 NORN9 VAR COMMONS［结賀 驱］Chapter3",
    "abstract": "如果此视频出现在b站以外，请在那个视频网站立即举报，up主的权益由各位粉丝们保护，谢谢！\n粉丝群号：392708465 \n游戏：NORN9 VAR COMMONS（手机游戏）\n发行商：idea factory\n后期：音淼",
    "authorId": 9080215,
    "uploadTime": 1492831815.0,
    "playCount": 406,
    "commentCount": 6,
    "bulletCommentCount": 1,
    "imageUrl": "http://i2.hdslb.com/bfs/archive/c08187c308d0c2a21f0f971a81fa0ae9e6123c0e.jpg",
    "feedback": {
        "like": "0",
        "coin": "4",
        "star": "4",
        "share": "90"
    },
    "comments": [
        "饭圈大佬",
        "挖个坟来问问阿婆主(´；ω；`)这个游戏是不是简单的看各种剧情啊（/TДT)/日语废表示超无力",
        "饭圈萌新",
        "收集萌新",
        "(･∀･)"
    ],
    "tags": [
        "游戏",
        "手机游戏",
        "手机游戏",
        "命运九重奏",
        "乙女游戏",
        "手游",
        "梶裕貴",
        "NORN 9",
        "乙女游戏实况",
        "NORN NONET",
        "NORN9 命运九重奏"
    ]
}