{
    "id": 10007109,
    "title": "狐妖小红娘抖腿系列鬼畜调教，魔性的停不下来",
    "abstract": "秒拍\n心疼wuli小苏苏。。。哈哈。。。。抖腿高能鬼畜~一定要看完哦",
    "authorId": 49737359,
    "uploadTime": 1492828452.0,
    "playCount": 3993,
    "commentCount": 9,
    "bulletCommentCount": 67,
    "imageUrl": "http://i1.hdslb.com/bfs/archive/00c9805f5859ff68a1308f16df48c029c16f54ce.jpg",
    "feedback": {
        "like": "12",
        "coin": "26",
        "star": "48",
        "share": "106"
    },
    "comments": [
        "第一。。。。。。",
        "up主是要干大事的人啊",
        "up是个干大事的人",
        "收集萌新",
        "up这个视频b站有哦"
    ],
    "tags": [
        "鬼畜调教",
        "鬼畜",
        "鬼畜",
        "鬼畜调教",
        "洗脑",
        "抖腿向"
    ]
}