{
    "id": 10007466,
    "title": "【MUGEN手操】当八神庵遇到绿巨人~",
    "abstract": "http://wmypzs.lofter.com/ 个人博客~里面有本人的人物以及背景故事观看",
    "authorId": 3387368,
    "uploadTime": 1492829590.0,
    "playCount": 10693,
    "commentCount": 84,
    "bulletCommentCount": 46,
    "imageUrl": "http://i2.hdslb.com/bfs/archive/f8af7fb766659a3c72fba2e5674de62ef00a9652.jpg",
    "feedback": {
        "like": "1",
        "coin": "36",
        "star": "22",
        "share": "92"
    },
    "comments": [
        "收集达人",
        "说浩克一拳秒八神的笑了，八神也是打过不完整的盖亚的人啊，八神没有游戏里表现出来那么弱。",
        "收集萌新",
        "不是，请原谅我，我第一眼看到封面右上角的那个操，然后看到了**简介里本人的人物，我直接看成了本子。。。。我想我没救了",
        "感觉这俩人都是铁头娃啊，都不怎么防啊，玩个格斗游戏不拉后和咸鱼有什么区别(=・ω・=)"
    ],
    "tags": [
        "游戏",
        "Mugen",
        "mugen",
        "手操",
        "凶级",
        "Mugen",
        "绿巨人浩克",
        "八神庵"
    ]
}