{
    "id": 10007097,
    "title": "张睿·圣诞结",
    "abstract": "2015年12月25日，\n测试第一次与我们见面，\n还记得当年唱的是陈奕迅的《圣诞结》",
    "authorId": 46383216,
    "uploadTime": 1492829604.0,
    "playCount": 536,
    "commentCount": 1,
    "bulletCommentCount": 1,
    "imageUrl": "http://i2.hdslb.com/bfs/archive/03a24923ed649a09603b30f3d185d25bb63f2b6a.jpg",
    "feedback": {
        "like": "10",
        "coin": "6",
        "star": "11",
        "share": "71"
    },
    "comments": [
        "好听耶！"
    ],
    "tags": [
        "娱乐",
        "明星",
        "明星",
        "圣诞结",
        "张睿"
    ]
}