{
    "id": 10007500,
    "title": "【奥义联盟】小耶试玩",
    "abstract": "奥义联盟圈http://qq.100bt.com/224/\n官方入口http://www.100bt.com/aoyi/",
    "authorId": 37880245,
    "uploadTime": 1492829997.0,
    "playCount": 578,
    "commentCount": 2,
    "bulletCommentCount": 2,
    "imageUrl": "http://i0.hdslb.com/bfs/archive/6026ac279eab2732cc2a8da7cb2c7909619e61ef.jpg",
    "feedback": {
        "like": "0",
        "coin": "0",
        "star": "0",
        "share": "68"
    },
    "comments": [
        "饭圈萌新",
        "（￣▽￣）"
    ],
    "tags": [
        "游戏",
        "网络游戏",
        "百田",
        "内测试玩",
        "奥义联盟"
    ]
}