{
    "id": 10006798,
    "title": "【金所炫闪光站】雅兰是洗手的魔法师中字（洗手宣传片）",
    "abstract": "Naver\n【金所炫闪光站】雅兰是洗手的魔法师中字（洗手宣传片）",
    "authorId": 67083041,
    "uploadTime": 1492828061.0,
    "playCount": 585,
    "commentCount": 2,
    "bulletCommentCount": 19,
    "imageUrl": "http://i2.hdslb.com/bfs/archive/8f5ebcd03ab2745c0561009307db989ef6cb0ec3.jpg",
    "feedback": {
        "like": "5",
        "coin": "2",
        "star": "18",
        "share": "73"
    },
    "comments": [
        "好可爱啊(=・ω・=)",
        "好小只的所炫"
    ],
    "tags": [
        "金所炫",
        "Korea相关",
        "娱乐",
        "明星",
        "早期"
    ]
}