{
    "id": 10007470,
    "title": "【囚】网瘾少年大战杨教授",
    "abstract": "学生作品，讲述一位网瘾少年大战网瘾治疗中心教授的故事，主角被邪恶的教授关在治疗室，准备接受电疗。突然主角穿越到异次元，在这个次元有很多的小富有魔法的道具，主角决定利用这些道具击败教授，离开这个凶险之地。在经过几番惊险的斗争之后，男主以为他击败了教授，却未料到这一切只是一场梦。",
    "authorId": 8690492,
    "uploadTime": 1492831868.0,
    "playCount": 548,
    "commentCount": 7,
    "bulletCommentCount": 15,
    "imageUrl": "http://i1.hdslb.com/bfs/archive/6dca551531235dc4258826f0852fcb7357db8984.jpg",
    "feedback": {
        "like": "5",
        "coin": "21",
        "star": "9",
        "share": "107"
    },
    "comments": [
        "加油阿婆，你会成为网红的。",
        "厉害厉害，期待你下一次的作品（⌒▽⌒）",
        "青铜殿堂",
        "厉害了厉害了",
        "瓦！做的太好了，史诗级后期，大片级演技，看到少年对杨教授无声的抵抗时，我流下了眼泪"
    ],
    "tags": [
        "短片",
        "搞笑",
        "影视",
        "短片",
        "特效",
        "学生作品",
        "网瘾少年",
        "电疗狂魔"
    ]
}