{
    "id": 10007305,
    "title": "【东星】傻星逛街日常",
    "abstract": "⁄(⁄ ⁄•⁄ω⁄•⁄ ⁄)⁄日常瞎逛",
    "authorId": 29640443,
    "uploadTime": 1492832017.0,
    "playCount": 227,
    "commentCount": 1,
    "bulletCommentCount": 6,
    "imageUrl": "http://i0.hdslb.com/bfs/archive/8f9cf403fc06b4d9b18753c2faddfd04da2980a8.jpg",
    "feedback": {
        "like": "5",
        "coin": "1",
        "star": "2",
        "share": "67"
    },
    "comments": [
        "饭圈大佬"
    ],
    "tags": [
        "游戏",
        "网络游戏",
        "枪神纪英雄觉醒"
    ]
}