{
    "id": 10006701,
    "title": "沙溪足球联赛 第四轮:鼎溪 VS 泰西村",
    "abstract": "太仓市沙溪镇全民健身七人制足球联赛",
    "authorId": 32980703,
    "uploadTime": 1492827727.0,
    "playCount": 39,
    "commentCount": 0,
    "bulletCommentCount": 0,
    "imageUrl": "http://i2.hdslb.com/bfs/archive/1e8f751b029e8a8c2ab0bbb3bf0425a4929494c7.jpg",
    "feedback": {
        "like": "1",
        "coin": "1",
        "star": "0",
        "share": "93"
    },
    "comments": [],
    "tags": [
        "足球",
        "体育",
        "运动",
        "篮球·足球",
        "运动"
    ]
}