{
    "id": 10006874,
    "title": "【群星实况】进行“友好”的交流",
    "abstract": "群星1.5.1。\n我的优酷主页地址：https://i.youku.com/bpbdqpdqb\n我的微博：http://weibo.com/bpbdqpdqb\n赶快关注我，投币、和收藏此视频吧！\n美化mod：https://tieba.baidu.com/p/4922339752",
    "authorId": 5928152,
    "uploadTime": 1492831740.0,
    "playCount": 442,
    "commentCount": 11,
    "bulletCommentCount": 4,
    "imageUrl": "http://i2.hdslb.com/bfs/archive/c7af77aa328bdc73ea2139718f838378314e01a1.jpg",
    "feedback": {
        "like": "1",
        "coin": "14",
        "star": "6",
        "share": "68"
    },
    "comments": [
        "别紧张(･ิϖ･ิ)っ说话一样想起来什么说什么就行了",
        "问下UP主，统治者和科学家可以多个技能是哪个MOD？",
        "风纪元老",
        "向大佬学习(=・ω・=)",
        "收集达人"
    ],
    "tags": [
        "单机游戏",
        "游戏",
        "单机游戏",
        "实况攻略",
        "手残",
        "实况解说",
        "游戏视频",
        "游戏",
        "群星",
        "娱乐解说",
        "stellaris",
        "bpbd"
    ]
}