{
    "id": 10007219,
    "title": "【冰上的基佬&冰上的妖精】冰上的尤里〖性感〗片尾曲",
    "abstract": "冰上的尤里\n冰上的尤里是一个非常好的耽美漫，非常喜欢，剧情也很好，人物设定也很美，帅。\n当然其实维克托是最美的，勇利最性感，尤里性感小天使。\n希望下一季快点出来，也同样希望冰上的尤里永远连载下去。",
    "authorId": 87137835,
    "uploadTime": 1492831985.0,
    "playCount": 803,
    "commentCount": 3,
    "bulletCommentCount": 3,
    "imageUrl": "http://i2.hdslb.com/bfs/archive/22e9699b86bdb6956bbb18f8d8f3ca754ad9a44e.jpg",
    "feedback": {
        "like": "13",
        "coin": "3",
        "star": "29",
        "share": "93"
    },
    "comments": [
        "收集达人",
        "第一，赞",
        "第三，赞"
    ],
    "tags": [
        "动画",
        "综合",
        "尤里",
        "日本动画",
        "冰上的尤里",
        "维克托",
        "勇利",
        "维克托X勇利",
        "维克托x尤里奥",
        "冰上的尤里片尾曲"
    ]
}