{
    "id": 10007287,
    "title": "Agent_Terry的《使命召唤13：无尽战争》老兵难度主线剧情实况 大结局",
    "abstract": "我们的战舰和从敌方抢夺的航母一起坠毁在了火星，剩下的幸存者将集结起来一起徒步进攻敌人的轨道船坞。这是最终决战，我们将尽力摧毁敌人的要塞。战争打来打去，改变的只是作战方式，士兵的本质是不会变的。COD13实况到此完结，接下来本UP会发合集",
    "authorId": 17090244,
    "uploadTime": 1492830181.0,
    "playCount": 353,
    "commentCount": 5,
    "bulletCommentCount": 1,
    "imageUrl": "http://i2.hdslb.com/bfs/archive/cfd84eee172296375f5aa2d3a656f9e944444758.jpg",
    "feedback": {
        "like": "1",
        "coin": "9",
        "star": "2",
        "share": "69"
    },
    "comments": [
        "收集萌新",
        "上首页啦",
        "(=・ω・=)下期做什么呢？",
        "终于更新了（￣▽￣）"
    ],
    "tags": [
        "使命召唤",
        "游戏",
        "单机游戏",
        "高产似那啥",
        "经费燃烧系列",
        "老兵难度",
        "使命召唤13"
    ]
}