{
    "id": 10007518,
    "title": "爆燃-数码宝贝-3D双声道",
    "abstract": "数码宝贝3D双声道，同年向",
    "authorId": 18080361,
    "uploadTime": 1492830240.0,
    "playCount": 642,
    "commentCount": 11,
    "bulletCommentCount": 6,
    "imageUrl": "http://i2.hdslb.com/bfs/archive/2f47c4973bbb7c51af086e15360617984419a128.jpg",
    "feedback": {
        "like": "6",
        "coin": "22",
        "star": "12",
        "share": "75"
    },
    "comments": [
        "这么好听为什么不火",
        "(｀・ω・´)",
        "饭圈楷模",
        "饭圈大佬",
        "饭圈楷模"
    ],
    "tags": [
        "音乐",
        "音乐综合",
        "耳机必备",
        "动漫音乐",
        "燃曲",
        "听歌",
        "高音质",
        "音乐选集"
    ]
}