{
    "id": 10007548,
    "title": "【科普向】1990年至2017年排名前100的最强冠单一览~你认识多少？",
    "abstract": "这次是将av9690482中的三个十年做个集合 选出最强的100首冠单\n1、是截止到2017年4月22日的，黄老板、烟鬼等目前还在榜的冠单肯定还会继续攀升，不是即时，但已经是最新~\n2、原稿人说了是严格按照官网的规矩来排序的，大致我也看了下，应该是按照点数和比例来排的，比如Hello首周2000+点数尽管后劲不好可也排得很靠前。除了部分歌曲，大部分排名还是挺客观的，也有一定参考性\n3、问某某歌为什么不在的，这是美国单曲榜冠单的排名…",
    "authorId": 4719918,
    "uploadTime": 1492830488.0,
    "playCount": 14610,
    "commentCount": 57,
    "bulletCommentCount": 784,
    "imageUrl": "http://i1.hdslb.com/bfs/archive/6708a922894eab8db321141f492572e3edf0ce9e.jpg",
    "feedback": {
        "like": "25",
        "coin": "43",
        "star": "541",
        "share": "113"
    },
    "comments": [
        "smooth。。是个王者可是被十年榜年榜坑的不要不要的",
        "诸多卡二神曲哭瞎",
        "***表白我牛和果子狸ε=ε=(ノ≧∇≦)ノ",
        "收集萌新",
        "流媒时代歌曲走势要打折扣的。除了进总榜的那几首，其余流媒时代(14年之后)的歌都高了。"
    ],
    "tags": [
        "Rihanna",
        "欧美音乐",
        "音乐",
        "音乐综合",
        "BILLBOARD",
        "LMFAO",
        "Justin Bieber",
        "Adele",
        "Katy Perry",
        "Bruno Mars",
        "Mariah Carey",
        "The Black Eyed Peas"
    ]
}