{
    "id": 10006931,
    "title": "【青云解说】七日杀天域苍穹MOD全程生存实况第三十六期",
    "abstract": "经过科学家研究发现，右下方蓝色订阅按钮长得丑的点不动。感谢大家的收看！",
    "authorId": 81495953,
    "uploadTime": 1492828476.0,
    "playCount": 123,
    "commentCount": 2,
    "bulletCommentCount": 6,
    "imageUrl": "http://i0.hdslb.com/bfs/archive/f780910550f91df056e01fc7a978dd75dc6590aa.png",
    "feedback": {
        "like": "1",
        "coin": "1",
        "star": "3",
        "share": "81"
    },
    "comments": [
        "收集萌新"
    ],
    "tags": [
        "七日杀",
        "游戏",
        "单机游戏",
        "实况攻略",
        "末日生存",
        "实况解说",
        "天域苍穹",
        "青云大大"
    ]
}