{
    "id": 10007503,
    "title": "[300英雄击杀剪辑] 手起扫把落，人头+1",
    "abstract": "这次剪辑我大部分就只放了杀两个人或以上的镜头，不然就是精彩的单杀。\n昨天忘记上传真抱歉。\n最后感谢大家的收看！",
    "authorId": 14418859,
    "uploadTime": 1492829739.0,
    "playCount": 124,
    "commentCount": 11,
    "bulletCommentCount": 0,
    "imageUrl": "http://i1.hdslb.com/bfs/archive/1ecff74f46661795a42f60d0ec6c91a2852b1148.jpg",
    "feedback": {
        "like": "0",
        "coin": "4",
        "star": "2",
        "share": "63"
    },
    "comments": [
        "饭圈楷模",
        "我要拜你为师！",
        "在下佩服！现在是佩服！",
        "13帧",
        "搅蛋糊厉害了！"
    ],
    "tags": [
        "300英雄",
        "游戏",
        "电子竞技",
        "电子竞技"
    ]
}