{
    "id": 10006746,
    "title": "【熊叔实验室】用干冰制作碳酸饮料@Lu油管大侠",
    "abstract": "Youtube\n熊叔又开始祸祸干冰了~UP主自翻~\n————\nhttps://www.youtube.com/watch?v=s-TsI6Eg8SI\n\nFAN MAIL: \nCRAZY RUSSIAN HACKER\nP.O. Box 49\nWaynesville, NC 28786",
    "authorId": 4522157,
    "uploadTime": 1492827484.0,
    "playCount": 22003,
    "commentCount": 46,
    "bulletCommentCount": 200,
    "imageUrl": "http://i1.hdslb.com/bfs/archive/767028bd20e4770079cf5c64dffea8f155d65fa8.png",
    "feedback": {
        "like": "15",
        "coin": "48",
        "star": "161",
        "share": "111"
    },
    "comments": [
        "青铜殿堂",
        "大会员2018年度勋章",
        "大会员2018年度勋章",
        "我怕熊叔下一次就是碳酸伏特加",
        "收集萌新"
    ],
    "tags": [
        "熊叔实验室",
        "DIY",
        "科技",
        "极客DIY",
        "趣闻",
        "碳酸饮料",
        "干冰",
        "Crazyrussianhacker"
    ]
}