{
    "id": 10007605,
    "title": "外传6轮回心狐",
    "abstract": "这个人很懒，什么都没留下",
    "authorId": 4434586,
    "uploadTime": 1492831505.0,
    "playCount": 47,
    "commentCount": 0,
    "bulletCommentCount": 0,
    "imageUrl": "http://i1.hdslb.com/bfs/archive/4866527650ca983d951aadff445798308158019f.jpg",
    "feedback": {
        "like": "0",
        "coin": "0",
        "star": "0",
        "share": "77"
    },
    "comments": [],
    "tags": [
        "游戏",
        "手机游戏",
        "手机游戏",
        "娱乐"
    ]
}