{
    "id": 10007330,
    "title": "出去玩",
    "abstract": ".",
    "authorId": 23055792,
    "uploadTime": 1492830950.0,
    "playCount": 4,
    "commentCount": 0,
    "bulletCommentCount": 0,
    "imageUrl": "http://i0.hdslb.com/bfs/archive/006fcec7b1e8c33cae56a0a040cbcc4324b1e8ae.jpg",
    "feedback": {
        "like": "0",
        "coin": "0",
        "star": "0",
        "share": "68"
    },
    "comments": [],
    "tags": [
        "生活",
        "日常",
        "日常"
    ]
}