{
    "id": 10006690,
    "title": "别小瞧我们的国货！玛丽黛佳红参润养粉底液测评！",
    "abstract": "玛丽黛佳这个牌子，熟悉国产品牌的盆友们绝对知道！\n\n之前试色过她家的口红唇釉，感觉我们的国货真的是做得比以前好了。加油啊！",
    "authorId": 61055477,
    "uploadTime": 1492827108.0,
    "playCount": 10660,
    "commentCount": 37,
    "bulletCommentCount": 39,
    "imageUrl": "http://i2.hdslb.com/bfs/archive/acab2bd9996d0c191eb8ea4f407a5cd6c2562618.jpg",
    "feedback": {
        "like": "1",
        "coin": "5",
        "star": "62",
        "share": "74"
    },
    "comments": [
        "资深委员",
        "一定要这样说话么（￣へ￣）",
        "咱正常说话不行么。。。",
        "他家口红见鬼的干，涂了润唇也于事无补",
        "我就在用这款粉底 象牙白涂在脸上比我的脖子还显暗 我从来不知道自己有那么白 呵呵╮(￣▽￣)╭ 之前导购还想让我买更暗的一个色号→_→ 然后涂脸上不服帖会浮粉 特别是鼻翼 上下眼皮（我是混干 可能油皮不会有这种情况吧）但他们的口红还不错 反正粉底我是不会再买了 吃一堑长一智 我还是相信一分钱一分货 以后粉底液还是多花一点钱吧╮(￣▽￣)╭"
    ],
    "tags": [
        "化妆教程",
        "护肤",
        "美妆",
        "时尚",
        "美妆",
        "时尚",
        "化妆",
        "日常"
    ]
}