{
    "id": 10007098,
    "title": "古琴弹奏 《刀剑如梦》   ----94年电视剧《倚天屠龙记》片头曲",
    "abstract": "《刀剑如梦》\n原唱：周华健\n填词：周华健，詹德茂 \n谱曲：周华健 \n编曲：Robbie \n\n\n新浪微博：廖妮妮琴筝 欢迎关注 \n\n谢谢观看",
    "authorId": 33945836,
    "uploadTime": 1492829016.0,
    "playCount": 139223,
    "commentCount": 296,
    "bulletCommentCount": 453,
    "imageUrl": "http://i2.hdslb.com/bfs/archive/1d66a59a898bd429f0194fed566f798fc1298ebf.jpg",
    "feedback": {
        "like": "1634",
        "coin": "2199",
        "star": "3330",
        "share": "1062"
    },
    "comments": [
        "初见筝兮未觉异，复听琴兮鬼神惊。",
        "古琴贴吧有人说，用古琴弹流行歌曲是对古琴的亵渎。其实，我个人觉得，没必要这么严苛吧，音乐来到这个世界上，就是为这个世界带来快乐的啊。",
        "吟猱太浮夸，但是一看就知道下了很多功夫，手法像是广陵的，要求真严苛，用气弹轻松很多",
        "up主突然想起b站密码系列(=・ω・=)",
        "古筝古琴弦差那么多，还有大小，差不多，怎么有人会认错"
    ],
    "tags": [
        "古琴",
        "古筝",
        "民乐",
        "古风",
        "演奏",
        "音乐",
        "演奏",
        "周华健",
        "倚天屠龙记",
        "独奏",
        "刀剑如梦"
    ]
}