{
    "id": 10007579,
    "title": "刺客暗单刷小格",
    "abstract": "机体3000多最终，21W面板，满致命，觉醒前随便刷刷娱乐",
    "authorId": 32365233,
    "uploadTime": 1492830222.0,
    "playCount": 532,
    "commentCount": 15,
    "bulletCommentCount": 3,
    "imageUrl": "http://i0.hdslb.com/bfs/archive/7a3ea8dc8afc83c18fda374eb216ba3947daa15f.jpg",
    "feedback": {
        "like": "0",
        "coin": "7",
        "star": "2",
        "share": "82"
    },
    "comments": [
        "大会员2018年度勋章",
        "大会员2018年度勋章",
        "大会员2018年度勋章",
        "╭(°A°`)╮gay亚gay亚hhhhhh????????????????",
        "大会员2018年度勋章"
    ],
    "tags": [
        "龙之谷",
        "游戏",
        "网络游戏",
        "网络游戏"
    ]
}