{
    "id": 10006871,
    "title": "军粮评测－法军24小时军粮试吃#10",
    "abstract": "这次是法军二十四小时10号餐普，很好吃，喜欢的话可以投个硬币关注下\n微博@本站第一萎\nm1911的后续在做，容我拖几天",
    "authorId": 4451713,
    "uploadTime": 1492828408.0,
    "playCount": 16958,
    "commentCount": 25,
    "bulletCommentCount": 618,
    "imageUrl": "http://i0.hdslb.com/bfs/archive/8fc515de251a2ef2bbdb751e833bd32aead84bf9.jpg",
    "feedback": {
        "like": "13",
        "coin": "124",
        "star": "96",
        "share": "99"
    },
    "comments": [
        "很不清真但是很好吃哈哈哈哈哈哈哈(｀・ω・´)",
        "见习偶像",
        "╮(￣▽￣)╭up主太可爱啦",
        "某宝200多软妹",
        "up，法军的燃料盒里面还有一个小把手，可以扣在主食罐头的旁边，很方便拿起来【这样不会被烫到】。"
    ],
    "tags": [
        "星海",
        "知识",
        "社科·法律·心理",
        "单兵口粮",
        "军粮试吃",
        "军粮评测",
        "军粮测评",
        "24小时军粮",
        "法国军粮"
    ]
}