{
    "id": 10007645,
    "title": "[FNAF SFM] Believer By Imagine Dragons",
    "abstract": "转自YouTube，作者：Nolanimations\n原视频地址：https://www.youtube.com/watch?v=umcfbH5DHoI\n非商用搬运，侵权删",
    "authorId": 27279673,
    "uploadTime": 1492830199.0,
    "playCount": 7937,
    "commentCount": 14,
    "bulletCommentCount": 57,
    "imageUrl": "http://i0.hdslb.com/bfs/archive/4a9d9b570e034036ae70103299d560a0bfc5d9d4.jpg",
    "feedback": {
        "like": "50",
        "coin": "11",
        "star": "130",
        "share": "113"
    },
    "comments": [
        "......",
        "饭圈萌新",
        "见习搬运工",
        "见习偶像",
        "收集萌新"
    ],
    "tags": [
        "同人音乐",
        "玩具熊的五夜后宫",
        "音乐",
        "音乐综合",
        "音乐选集"
    ]
}