{
    "id": 10006889,
    "title": "【医疗兵药丸】康娜酱：血槽是什么？看我把它吃掉",
    "abstract": "喜欢的发条弹幕吧~观众老爷们有什么好的建议可以私信或在评论区up主的评论处回复up主的评论~\n音源来自虚元作品：av8464007\n您收到一份来自康娜酱的被表白，请签收：av9887766\nbgm：genterman",
    "authorId": 77218223,
    "uploadTime": 1492827678.0,
    "playCount": 4740,
    "commentCount": 48,
    "bulletCommentCount": 27,
    "imageUrl": "http://i1.hdslb.com/bfs/archive/b11afcd5e1d569fd1a4c43280da7c090621f9b71.jpg",
    "feedback": {
        "like": "1",
        "coin": "37",
        "star": "76",
        "share": "111"
    },
    "comments": [
        "青铜殿堂",
        "收集萌新",
        "文西~文西~请叫我达文西（￣▽￣）",
        "up主不能这么做。。。。。不能。。。。不。。。啊",
        "这样的话，康纳会玩坏的~"
    ],
    "tags": [
        "二次元鬼畜",
        "鬼畜调教",
        "鬼畜",
        "鬼畜",
        "鬼畜调教",
        "康娜",
        "全程高能",
        "萌妹子",
        "洗脑",
        "洗脑循环",
        "医疗兵药丸"
    ]
}