{
    "id": 10007519,
    "title": "朝鲜的这个大晚会好牛逼啊，直接放出了导弹射到美国的视频了，大家猜这个是哪个美国城市呢",
    "abstract": "YouTube\n朝鲜中央电视台播放画面显示，当男声独唱演奏《和平出自我们的枪杆》时，舞台的巨屏上，开发播放朝鲜北极星2号导弹发射的画面。这段模拟视频显示，北极星2号导弹越过海洋，落在美国的某个城市，引发巨大的爆炸。最后，美国星条旗被焚毁的场面连同公墓背景一起出现。。",
    "authorId": 96842328,
    "uploadTime": 1492829754.0,
    "playCount": 1323,
    "commentCount": 5,
    "bulletCommentCount": 7,
    "imageUrl": "http://i2.hdslb.com/bfs/archive/b2da7f1968029152d61016902160b5b9972a103a.jpg",
    "feedback": {
        "like": "2",
        "coin": "1",
        "star": "7",
        "share": "79"
    },
    "comments": [
        "收集达人",
        "我们宇宙最伟大的，最牛逼的金元帅，将会保佑我们",
        "真狠  哈哈哈(=・ω・=)",
        "做的挺好。。",
        "大会员2018年度勋章"
    ],
    "tags": [
        "是在下输了",
        "英语",
        "搞笑",
        "生活",
        "搞笑",
        "YOUTUBE搬运工",
        "YOTUBE"
    ]
}