{
    "id": 10007112,
    "title": "【剪辑】Our Paradise-我们的天堂",
    "abstract": "BGM是Matt Elliott的Prepare for disappointment\n最近偶然刷到这部片 虽然剧情有点脑洞大开 但是Stéphane Rideau真的好帅啊啊啊啊\n（所以剪的大多是男主的镜头hhhh",
    "authorId": 3885820,
    "uploadTime": 1492829537.0,
    "playCount": 1960,
    "commentCount": 16,
    "bulletCommentCount": 2,
    "imageUrl": "http://i1.hdslb.com/bfs/archive/979b080e38621e6052fd7843c28d5aa0be2a9e73.jpg",
    "feedback": {
        "like": "5",
        "coin": "14",
        "star": "21",
        "share": "76"
    },
    "comments": [
        "对了 电影资源 http://pan.baidu.com/share/link?shareid=2026967225&uk=593459532",
        "他年轻的时候更帅。",
        "这电影尺度蛮大的我记得，可是拍的很好",
        "喜欢金毛",
        "大会员2018年度勋章"
    ],
    "tags": [
        "影视",
        "影视剪辑",
        "剪辑",
        "Notre Paradis",
        "Stéphane Rideau"
    ]
}