{
    "id": 10007092,
    "title": "从荣耀谈到王者荣耀，全职高手和腾讯将带来什么呢？",
    "abstract": "欢迎各种讨论，各位怎么看待腾讯和全职呢，各位对于我的投稿有什么意见和建议，不要犹豫的砸过来吧~说不定我会周更哦~~",
    "authorId": 13719947,
    "uploadTime": 1492828344.0,
    "playCount": 32553,
    "commentCount": 649,
    "bulletCommentCount": 266,
    "imageUrl": "http://i0.hdslb.com/bfs/archive/486098c306f8083be8fb2031cd2bc15bfcdfc8ca.jpg",
    "feedback": {
        "like": "19",
        "coin": "2224",
        "star": "489",
        "share": "148"
    },
    "comments": [
        "(〜￣△￣)〜去吧硬币，其实虽然腾讯经常被我们口头黑.....可是还是很开心他重视动漫文化",
        "一看就知道有人咬着bgm和分镜不放",
        "大会员2018年度勋章",
        "王者荣耀是竞技游戏，全职里的荣耀是优秀游戏，中国不缺好故事。笑了，连笑三声。",
        "大会员2018年度勋章"
    ],
    "tags": [
        "动漫杂谈",
        "王者荣耀",
        "国创",
        "国产原创相关",
        "电子竞技",
        "腾讯",
        "新番",
        "全职高手",
        "吐槽",
        "视美精典"
    ]
}