{
    "id": 10006686,
    "title": "王者荣耀：毁天灭地墨一炮！一炮一个法穿墨子！",
    "abstract": "qq1693280196免费上分",
    "authorId": 53440599,
    "uploadTime": 1492827441.0,
    "playCount": 1440,
    "commentCount": 5,
    "bulletCommentCount": 0,
    "imageUrl": "http://i1.hdslb.com/bfs/archive/3d539ad6026608e744f59a99be528a6c78455f84.jpg",
    "feedback": {
        "like": "3",
        "coin": "7",
        "star": "2",
        "share": "71"
    },
    "comments": [
        "考古",
        "饭圈楷模",
        "可以的",
        "加油up主",
        "第二233支持up主"
    ],
    "tags": [
        "王者荣耀",
        "游戏",
        "电子竞技",
        "电子竞技",
        "手机游戏",
        "游戏视频",
        "教学",
        "手游",
        "集锦",
        "王者荣耀解说"
    ]
}