{
    "id": 10006847,
    "title": "主播大事件7：大司马被无情强上，留下屈辱的泪水",
    "abstract": "红领巾出品视频。微博：lol红领巾工作室官微。微信公众号：lolhonglingjin。投稿邮箱：honglingjin369@163.com",
    "authorId": 97521437,
    "uploadTime": 1492827798.0,
    "playCount": 74314,
    "commentCount": 46,
    "bulletCommentCount": 208,
    "imageUrl": "http://i1.hdslb.com/bfs/archive/acb7222ec3eba63b98743ed6f0cc7cb3da91d493.jpg",
    "feedback": {
        "like": "4",
        "coin": "58",
        "star": "87",
        "share": "98"
    },
    "comments": [
        "收集萌新",
        "高级搬运工",
        "大会员2018年度勋章",
        "大会员2018年度勋章",
        "大司马营销的有点过分了吧"
    ],
    "tags": [
        "洞主",
        "西卡",
        "笑笑",
        "PDD",
        "游戏",
        "网络游戏",
        "骚男",
        "五五开",
        "主播",
        "大司马",
        "酥酥",
        "lol"
    ]
}