{
    "id": 10007122,
    "title": "《金色相簿》--powder snow",
    "abstract": "20世纪80年代，金坷垃初露锋芒。紧跟着这股浪潮，世界各地的农业工作者都潜心研制属于自己的肥料。\n\n故事发生在某国第二肥料研究所。冬弥，由绮，理奈在绪方英二的领导下。多年来致力于研发出优于金坷垃的肥料。\n但天不遂人愿，多年无果。\n二肥所所长英二计划跟观月麻那的母亲-一肥所所长联手，潜入圣地亚哥一探金坷垃的秘密。\n但事与愿违\n最终英二与冬弥一起潜入圣地亚哥，一去就是三年\n\n三年后的二肥所10周年庆祝晚会上，由绮、理奈共同演唱了一首《powder snow》，\n传递着对远方恋人的无尽思念",
    "authorId": 8147852,
    "uploadTime": 1492828670.0,
    "playCount": 2724,
    "commentCount": 42,
    "bulletCommentCount": 44,
    "imageUrl": "http://i0.hdslb.com/bfs/archive/c7d66bbc521c5c7356f970a6b24af3b239fcf166.jpg",
    "feedback": {
        "like": "74",
        "coin": "184",
        "star": "92",
        "share": "100"
    },
    "comments": [
        "饭圈楷模",
        "青铜殿堂",
        "白银殿堂",
        "大会员2018年度勋章",
        "青铜殿堂"
    ],
    "tags": [
        "金坷垃",
        "人力VOCALOID",
        "鬼畜",
        "鬼畜",
        "人力VOCALOID",
        "白色相簿",
        "powder snow"
    ]
}