{
    "id": 10007398,
    "title": "【拔总】来自肌肉猛男的么么哒",
    "abstract": "前些天\n我去拯救世界了\n并不是拖更",
    "authorId": 62319,
    "uploadTime": 1492832058.0,
    "playCount": 46991,
    "commentCount": 228,
    "bulletCommentCount": 501,
    "imageUrl": "http://i2.hdslb.com/bfs/archive/046e1174a2ea66bb18b981b63c294ebbf89ad29f.png",
    "feedback": {
        "like": "579",
        "coin": "1408",
        "star": "281",
        "share": "170"
    },
    "comments": [
        "黄金殿堂",
        "小时候妈妈跟我说UP是个懒惰而托更的生物可事实并非如此更新的瞬间。。他们宛如新生",
        "拔总最近有点高产啊，辛苦了~",
        "青铜殿堂",
        "知名偶像"
    ],
    "tags": [
        "游戏",
        "单机游戏",
        "我是格格巫",
        "i am the hero",
        "失踪人口回归！",
        "拔总"
    ]
}