{
    "id": 10007603,
    "title": "【侑_SHT字幕小队】 金牌男（2016 知念侑李/内村光良）",
    "abstract": "【侑☆SHT字幕小队】「金メダル男」\n禁止二次转载   禁止二次上传到其他任意网站（特别是外网！）   禁止二改\n本片字幕仅供学习交流，请勿用于商业用途！\n\n片源：s酱\n翻译：s酱 閤華\n校对：s酱 二图\n时间轴：二图\n特效字幕：二图\n压制：二图\n海报：s酱",
    "authorId": 103612785,
    "uploadTime": 1492831463.0,
    "playCount": 4187,
    "commentCount": 30,
    "bulletCommentCount": 433,
    "imageUrl": "http://i1.hdslb.com/bfs/archive/9f46734a343bda73ac6c021fc600ac2a00860536.jpg",
    "feedback": {
        "like": "17",
        "coin": "114",
        "star": "248",
        "share": "95"
    },
    "comments": [
        "卧槽？？？？？？？？？？？居然还存活！！！鸡冻",
        "这是知念的荧幕初吻吗，哇好难过(╯°口°)╯(┴—┴",
        "这个还存活ww",
        "正义之士",
        "感谢字幕组，，表白我念念~\\(≧▽≦)/~"
    ],
    "tags": [
        "知念侑李",
        "娱乐",
        "明星",
        "明星",
        "内村光良",
        "Hey!Say!JUMP",
        "金牌男",
        "大西利空",
        "金メダル男"
    ]
}