{
    "id": 10007249,
    "title": "PS4荣耀战魂群内比赛",
    "abstract": "荣耀战魂群内比赛neimengdong.VS.lasviken",
    "authorId": 28483056,
    "uploadTime": 1492829633.0,
    "playCount": 395,
    "commentCount": 3,
    "bulletCommentCount": 2,
    "imageUrl": "http://i2.hdslb.com/bfs/archive/4f4599bc5e6e65df68fa84b2b7a7fb6a86000910.jpg",
    "feedback": {
        "like": "0",
        "coin": "0",
        "star": "0",
        "share": "79"
    },
    "comments": [
        "大多都是新手，活跃下气氛",
        "我从来见过如此新手的QQ群内战",
        "刚入坑吗"
    ],
    "tags": [
        "荣耀战魂",
        "PS4",
        "游戏",
        "单机游戏",
        "多人联机",
        "FOR HONOR"
    ]
}