{
    "id": 10007319,
    "title": "【snl】【各种好玩的小段子】【s37】11 加州意难忘",
    "abstract": "【snl】【各种好玩的小段子】【s37】",
    "authorId": 17785210,
    "uploadTime": 1492830510.0,
    "playCount": 5677,
    "commentCount": 5,
    "bulletCommentCount": 28,
    "imageUrl": "http://i2.hdslb.com/bfs/archive/6041a998edff4409ebbcd249937f78a0b6134142.jpg",
    "feedback": {
        "like": "26",
        "coin": "23",
        "star": "123",
        "share": "89"
    },
    "comments": [
        "阿婆主出一个加州意难忘的合集吧(〜￣△￣)〜",
        "“加州意难忘”真是最爱之一",
        "最喜欢这个系列",
        "收集达人",
        "笑死我了"
    ],
    "tags": [
        "SNL",
        "综艺",
        "娱乐",
        "综艺",
        "加州意难忘"
    ]
}