{
    "id": 10007246,
    "title": "【上班族的便当】-黑木耳，是一种营养丰富的著名食用菌 : )",
    "abstract": "黑木耳多好的一种菌类。凉拌黑木耳简直就是凉菜中的扛把子，详细图文讲解及更多美食视频欢迎关注【微信公众号：上班族的便当】关注一个呗~~",
    "authorId": 50660116,
    "uploadTime": 1492856347.0,
    "playCount": 15493,
    "commentCount": 132,
    "bulletCommentCount": 41,
    "imageUrl": "http://i2.hdslb.com/bfs/archive/943ba8de8e702264c4f47a0a4ff1c0f3df48972b.jpg",
    "feedback": {
        "like": "44",
        "coin": "59",
        "star": "939",
        "share": "161"
    },
    "comments": [
        "大会员2018年度勋章",
        "饭圈萌新",
        "评论区一堆**号也是壮观(⌒▽⌒)",
        "青铜殿堂",
        "一种食用菌(=・ω・=)"
    ],
    "tags": [
        "美食",
        "美食",
        "美食制作",
        "美食圈",
        "制作教程",
        "美食视频",
        "黑木耳",
        "上班族的便当",
        "凉拌黑木耳"
    ]
}