{
    "id": 10007442,
    "title": "助力淘客软件前言须知",
    "abstract": "助力淘客软件前言须知，相信您在使用助力淘客软件之前一定要对助力淘客软件有一定的了解！",
    "authorId": 99728972,
    "uploadTime": 1492829696.0,
    "playCount": 247,
    "commentCount": 0,
    "bulletCommentCount": 0,
    "imageUrl": "http://i1.hdslb.com/bfs/archive/cceef07dcf6248e224c86b4bbb1e3a38ba0a16be.jpg",
    "feedback": {
        "like": "0",
        "coin": "0",
        "star": "1",
        "share": "79"
    },
    "comments": [],
    "tags": [
        "知识",
        "野生技能协会",
        "微信淘客系统",
        "淘客软件"
    ]
}