{
    "id": 10007226,
    "title": "【炮姐剪辑】手中的硬币，一跃而过，剩下的只有尸体",
    "abstract": "第一次做剪辑，挺累的，花了不少功夫，因为这次剪辑视频断更了一个月，请大家多多谅解UP主的难处，投下你们神圣的硬币吧，只有你们的硬币，超电磁炮才可以得以飞跃，谢谢~喜欢的也可以点关注哟！",
    "authorId": 20029655,
    "uploadTime": 1492829123.0,
    "playCount": 247,
    "commentCount": 4,
    "bulletCommentCount": 1,
    "imageUrl": "http://i2.hdslb.com/bfs/archive/59f2c3c0d92a277595a54917645fb0a03b31ee77.jpg",
    "feedback": {
        "like": "1",
        "coin": "8",
        "star": "3",
        "share": "85"
    },
    "comments": [
        "收集萌新",
        "饭圈大佬",
        "见习偶像",
        "饭圈楷模"
    ],
    "tags": [
        "300英雄",
        "游戏",
        "电子竞技",
        "电子竞技",
        "网络游戏",
        "300英雄炮姐",
        "300英雄击杀集锦"
    ]
}