{
    "id": 10007510,
    "title": "【尸体派对】新人处女作！音效什么的好可怕qwq",
    "abstract": "额新人试做，水印什么的这一次因为没买软件去不掉qwqqqq，然后我这次声音录小了qwqqqq大家将就看吧，最后食用愉快",
    "authorId": 79335958,
    "uploadTime": 1492831375.0,
    "playCount": 40,
    "commentCount": 4,
    "bulletCommentCount": 1,
    "imageUrl": "http://i2.hdslb.com/bfs/archive/120042a69b2f53d7e6067988390a7da7d4531ff5.jpg",
    "feedback": {
        "like": "1",
        "coin": "4",
        "star": "1",
        "share": "68"
    },
    "comments": [
        "食用完毕w，美味可口",
        "(￣3￣)滋磁一下",
        "(｀・ω・´)",
        "沙发:D"
    ],
    "tags": [
        "单机游戏",
        "游戏",
        "单机游戏",
        "新人"
    ]
}