{
    "id": 10006684,
    "title": "ONE LOVE--BLUE--时崎狂三",
    "abstract": "一首来自BLUE乐队的老歌，纪念一下过去的回忆。\n爱剪辑新手上路，时崎狂三。",
    "authorId": 78079645,
    "uploadTime": 1492827311.0,
    "playCount": 406,
    "commentCount": 1,
    "bulletCommentCount": 1,
    "imageUrl": "http://i1.hdslb.com/bfs/archive/ed77375b5ab08c94b1ae27225670b8b365790386.jpg",
    "feedback": {
        "like": "3",
        "coin": "5",
        "star": "6",
        "share": "76"
    },
    "comments": [
        "三三啊"
    ],
    "tags": [
        "时崎狂三",
        "动画",
        "综合",
        "新人向"
    ]
}