{
    "id": 10007457,
    "title": "美、俄、中三国碰到熊的不同表现，彪悍的人生无须解释",
    "abstract": "转载自微信公众号：网客娱乐\n感觉好玩就关注我吧，每天更新好玩的视频",
    "authorId": 66153926,
    "uploadTime": 1492829483.0,
    "playCount": 519,
    "commentCount": 0,
    "bulletCommentCount": 0,
    "imageUrl": "http://i1.hdslb.com/bfs/archive/618ea7dc422d67b30451f232dcff8ee8cc3af391.jpg",
    "feedback": {
        "like": "1",
        "coin": "2",
        "star": "2",
        "share": "67"
    },
    "comments": [],
    "tags": [
        "搞笑",
        "生活",
        "搞笑",
        "日常",
        "逗比"
    ]
}