{
    "id": 10007666,
    "title": "QQ飞车郑老师解说：进气神车傀儡展示与试跑",
    "abstract": "QQ飞车郑老师解说：进气神车傀儡展示与试跑海滨小镇，希望大家喜欢，QQ：469561959 群：367927531",
    "authorId": 88415388,
    "uploadTime": 1492830253.0,
    "playCount": 1582,
    "commentCount": 1,
    "bulletCommentCount": 0,
    "imageUrl": "http://i2.hdslb.com/bfs/archive/84a6d31ee79bf697d2fbc7454567b45b84fa8cf3.jpg",
    "feedback": {
        "like": "10",
        "coin": "8",
        "star": "2",
        "share": "83"
    },
    "comments": [
        "收集萌新"
    ],
    "tags": [
        "QQ飞车",
        "游戏",
        "网络游戏",
        "电子竞技",
        "游戏",
        "游戏视频",
        "网络游戏",
        "郑老师解说",
        "傀儡",
        "郑老师"
    ]
}