{
    "id": 10007691,
    "title": "《尼尔：自动人形/机械纪元》剧情解析：生命的意义 [D]iminish 背景分析【1080P】",
    "abstract": "https://www.youtube.com/watch?v=SBkh7tRFdSw&t=17s\n转载自YouTube，原作者的话：「奮力戰鬥的理由、付出靈魂的理由，是為了找尋生命的意義。」\n\n雖說是略雷精簡版，但不只是改掉了中間的劇透段落那麼簡單哦！",
    "authorId": 2025332,
    "uploadTime": 1492832368.0,
    "playCount": 2003,
    "commentCount": 23,
    "bulletCommentCount": 4,
    "imageUrl": "http://i2.hdslb.com/bfs/archive/fddf10cf97f14fcc150953e9e528ab82fd885d6c.png",
    "feedback": {
        "like": "5",
        "coin": "7",
        "star": "61",
        "share": "80"
    },
    "comments": [
        "饭圈大佬",
        "生命的意义没看出来，中二的意义是满满",
        "，，完了一点游戏的感觉你这文案写的比剧情还难理解。。。",
        "我只想说你好好玩玩游戏了没",
        "写的好，说的也不错。难得的尼尔剧情解说。"
    ],
    "tags": [
        "PS4",
        "单机游戏",
        "游戏",
        "单机游戏",
        "剧情解析",
        "剧情向",
        "杂谈",
        "自动人形",
        "尼尔",
        "生命的意义",
        "2B",
        "机械纪元"
    ]
}