{
    "id": 10007167,
    "title": "【剑网三/娱乐舞姬】随风飘舞，我最骚气",
    "abstract": "bgm：Senpai,Kondor - Tomorrow With You",
    "authorId": 1403840,
    "uploadTime": 1492837981.0,
    "playCount": 309,
    "commentCount": 6,
    "bulletCommentCount": 4,
    "imageUrl": "http://i2.hdslb.com/bfs/archive/501d85475101a60a749c201f19c8af99f5d8e150.jpg",
    "feedback": {
        "like": "0",
        "coin": "2",
        "star": "7",
        "share": "81"
    },
    "comments": [
        "难为up主，衣服状态这么好",
        "话说叶三庄主的恋是不是红了。",
        "李白噗哈哈哈",
        "赞一个"
    ],
    "tags": [
        "剑网3",
        "GMV",
        "游戏",
        "GMV",
        "网络游戏",
        "剪辑",
        "CG",
        "剑网三",
        "万搭的素材"
    ]
}