{
    "id": 10006964,
    "title": "耶鲁大学公开课：基础物理二",
    "abstract": "优酷\n耶鲁大学公开课：基础物理",
    "authorId": 10756673,
    "uploadTime": 1492828229.0,
    "playCount": 4964,
    "commentCount": 3,
    "bulletCommentCount": 14,
    "imageUrl": "http://i1.hdslb.com/bfs/archive/21b05cabd4ad1d8241ac9921d378b7960e456f42.jpg",
    "feedback": {
        "like": "55",
        "coin": "32",
        "star": "840",
        "share": "108"
    },
    "comments": [
        "饭圈大佬",
        "同求后面的视频",
        "风纪精英"
    ],
    "tags": [
        "公开课",
        "知识",
        "野生技能协会"
    ]
}