{
    "id": 10007101,
    "title": "安福桑",
    "abstract": "sm31061517\n原标题：安福さん\n原作者：ブルベ凛\n这个啥啥啥寿司这曲子这么火啊？！（后跳）",
    "authorId": 4622162,
    "uploadTime": 1492828374.0,
    "playCount": 145,
    "commentCount": 4,
    "bulletCommentCount": 0,
    "imageUrl": "http://i1.hdslb.com/bfs/archive/536706c329db4ad7f05144fc8c29e15b68d38e38.png",
    "feedback": {
        "like": "0",
        "coin": "1",
        "star": "7",
        "share": "72"
    },
    "comments": [
        "结果还是有两个标题是完全一样的",
        "2015鬼畜大赏-鬼畜王",
        "见习偶像"
    ],
    "tags": [
        "鬼畜",
        "音MAD",
        "天才麻将少女",
        "安福莉子",
        "かっぱ寿司",
        "咲-Saki-",
        "安福桑",
        "安福桑封面统一",
        "安福さん"
    ]
}