{
    "id": 10007736,
    "title": "家中10分钟腿部锻炼",
    "abstract": "hasfit.com\n我的这个转载是转载中的转载，至于原地址，其实视屏中有大约网站，\n原名称10 Min Home Leg Workout - HASfit Home Leg Workou",
    "authorId": 21144706,
    "uploadTime": 1492830476.0,
    "playCount": 875,
    "commentCount": 1,
    "bulletCommentCount": 2,
    "imageUrl": "http://i2.hdslb.com/bfs/archive/f16435e2a7a86b7d8fa33bdd5e233d3a1a8d61f2.jpg",
    "feedback": {
        "like": "4",
        "coin": "2",
        "star": "28",
        "share": "73"
    },
    "comments": [
        "666"
    ],
    "tags": [
        "健身",
        "运动",
        "健身",
        "运动",
        "腿部锻炼",
        "家中锻炼",
        "HASfit"
    ]
}