{
    "id": 10007639,
    "title": "Panzerfaust - How Effective was it? - Military History",
    "abstract": "https://youtu.be/ENc2ZDgkv7Q\nThe Panzerfaust was a hand-held German anti-tank weapon with a hollow-charge/shaped-charge warhead. It is quite known due its shape and name, but the question is, how effective was it actually?",
    "authorId": 19511212,
    "uploadTime": 1492830895.0,
    "playCount": 219,
    "commentCount": 0,
    "bulletCommentCount": 2,
    "imageUrl": "http://i1.hdslb.com/bfs/archive/43414112ea91a1cf2c5041a67b003369aa1a88ad.jpg",
    "feedback": {
        "like": "2",
        "coin": "0",
        "star": "3",
        "share": "83"
    },
    "comments": [],
    "tags": [
        "星海",
        "知识",
        "社科·法律·心理",
        "YOUTUBE",
        "战争",
        "军事"
    ]
}