{
    "id": 10007601,
    "title": "第一次唱歌，勿喷，好多天没洗头了，一首若风不演员，送给你们",
    "abstract": "喜欢UP主视频的可以点一下 关注 粉一下哈~\n每天都会更新各种 游戏，黑科技，科学，揭秘 等 热门视频 \nUP主QQ；413834385 喜欢的话硬币收藏冲个电啦",
    "authorId": 100831035,
    "uploadTime": 1492829844.0,
    "playCount": 326,
    "commentCount": 1,
    "bulletCommentCount": 0,
    "imageUrl": "http://i0.hdslb.com/bfs/archive/df35161c635d03171b2af584467d3852e202f4fe.jpg",
    "feedback": {
        "like": "0",
        "coin": "0",
        "star": "2",
        "share": "76"
    },
    "comments": [
        "有点迷醉"
    ],
    "tags": [
        "搞笑",
        "生活",
        "搞笑",
        "作死小能手",
        "全程高能",
        "日常"
    ]
}