{
    "id": 10007123,
    "title": "崔珉起 NU'EST New Project Vol.15 「Ren的房间」",
    "abstract": "NU’EST Japan Official YouTube Channel\n2015年5月13日发布\n不懂韩语日语有点渣的UP看了ren那么紧凑的行程又只吃这点东西.......",
    "authorId": 106289281,
    "uploadTime": 1492829481.0,
    "playCount": 2422,
    "commentCount": 2,
    "bulletCommentCount": 91,
    "imageUrl": "http://i2.hdslb.com/bfs/archive/bcd01560ded05a15cdf7ae8bbc3b917ff70f9f3d.jpg",
    "feedback": {
        "like": "10",
        "coin": "8",
        "star": "69",
        "share": "83"
    },
    "comments": [
        "青铜殿堂",
        "我老公说日语啊啊啊，声音太苏了~~~"
    ],
    "tags": [
        "Korea相关",
        "娱乐",
        "明星",
        "崔珉起REN"
    ]
}