{
    "id": 10007578,
    "title": "后宫作死传奇-半月传 | 皇太后的秘密生活 | FaceH5",
    "abstract": "淮秀帮|FaceH5 后宫作死传奇-半月传 | 皇太后的秘密生活",
    "authorId": 6419874,
    "uploadTime": 1492832093.0,
    "playCount": 1957,
    "commentCount": 0,
    "bulletCommentCount": 2,
    "imageUrl": "http://i0.hdslb.com/bfs/archive/80bc2cf428160418d9d0ad1f3bbba4237b3f5409.png",
    "feedback": {
        "like": "9",
        "coin": "3",
        "star": "24",
        "share": "103"
    },
    "comments": [],
    "tags": [
        "影视",
        "短片",
        "芈月传",
        "淮秀帮",
        "作死",
        "后宫",
        "FaceH5"
    ]
}