{
    "id": 10007148,
    "title": "20170420 mezamashi  imadoki「進化系法式吐司」",
    "abstract": "CX\n20170420 めざましテレビ[デ] イマドキでは佐藤美希ちゃんが人気店が次々と参入する「進化系フレンチトースト」を紹介してくれるよ♪とっても美味しそうだね❤(ӦｖӦ｡)",
    "authorId": 827123,
    "uploadTime": 1492829021.0,
    "playCount": 192,
    "commentCount": 0,
    "bulletCommentCount": 0,
    "imageUrl": "http://i1.hdslb.com/bfs/archive/fe4d17ed24aeab45a64543fad6d8b8ffb4833859.jpg",
    "feedback": {
        "like": "0",
        "coin": "0",
        "star": "6",
        "share": "68"
    },
    "comments": [],
    "tags": [
        "美食",
        "美食",
        "美食制作",
        "美食圈",
        "法式吐司",
        "佐藤美希"
    ]
}