{
    "id": 10006720,
    "title": "【男默女泪】令人感动的那一瞬间",
    "abstract": "http://www.toutiao.com/a6305530237622944258/\n群：628912470（不定期女装大佬福利）",
    "authorId": 8134391,
    "uploadTime": 1492827269.0,
    "playCount": 300,
    "commentCount": 2,
    "bulletCommentCount": 0,
    "imageUrl": "http://i0.hdslb.com/bfs/archive/74cda95cb3eaf5dc1e22fd68a595aaa4da403591.jpg",
    "feedback": {
        "like": "1",
        "coin": "0",
        "star": "6",
        "share": "88"
    },
    "comments": [
        "大会员2018年度勋章",
        "大会员2018年度勋章"
    ],
    "tags": [
        "生活",
        "日常",
        "治愈向",
        "BGM犯规"
    ]
}