{
    "id": 10007559,
    "title": "【Ciri实况】塞尔达传说荒野之息 全种子收集/试炼之祠解谜 Part.6",
    "abstract": "【塞尔达传说-荒野之息】  900克罗古种子收集 120试练之祠解谜",
    "authorId": 10883620,
    "uploadTime": 1492831683.0,
    "playCount": 268,
    "commentCount": 0,
    "bulletCommentCount": 0,
    "imageUrl": "http://i1.hdslb.com/bfs/archive/374bf7c3f6f1e9b1ce5b50811157182dd2011019.jpg",
    "feedback": {
        "like": "1",
        "coin": "4",
        "star": "3",
        "share": "72"
    },
    "comments": [],
    "tags": [
        "塞尔达传说",
        "游戏",
        "单机游戏",
        "塞尔达传说：荒野之息",
        "荒野之息"
    ]
}