{
    "id": 10007684,
    "title": "【搬运】Legend of the Harbinger - Episode 4 [Minecraft Animated Series]",
    "abstract": "https://youtu.be/hAWXh4gS-N4\n原地址：https://youtu.be/hAWXh4gS-N4\n原作者：Ironwave Studios\n搬运自YouTube",
    "authorId": 12088508,
    "uploadTime": 1492830662.0,
    "playCount": 49,
    "commentCount": 3,
    "bulletCommentCount": 0,
    "imageUrl": "http://i1.hdslb.com/bfs/archive/ec28f3fb93954b8f9a4e38bd9864b9f8b6d898aa.jpg",
    "feedback": {
        "like": "0",
        "coin": "0",
        "star": "2",
        "share": "88"
    },
    "comments": [
        "出道偶像",
        "╮(￣▽￣)╭完全没人跟我抢"
    ],
    "tags": [
        "我的世界",
        "动画",
        "综合",
        "搬运",
        "动画",
        "我的世界动画",
        "中世纪",
        "minecraft",
        "YouTube",
        "MINE IMATOR"
    ]
}