{
    "id": 10006693,
    "title": "【Amenda Bucci】对于减脂的一些建议（饮食+HIIT）",
    "abstract": "【YOUTUBE】\nMeal & HIIT Cardio Ideas For Fat Loss",
    "authorId": 363702,
    "uploadTime": 1492827359.0,
    "playCount": 559,
    "commentCount": 0,
    "bulletCommentCount": 4,
    "imageUrl": "http://i0.hdslb.com/bfs/archive/aa10687f6b8a49e9219ae88a7ce80b498a0f69ba.jpg",
    "feedback": {
        "like": "2",
        "coin": "1",
        "star": "9",
        "share": "73"
    },
    "comments": [],
    "tags": [
        "健身",
        "运动",
        "健身",
        "瘦身塑形",
        "YOTUBE",
        "hiit",
        "meal prep",
        "amenda bucci"
    ]
}