{
    "id": 10007754,
    "title": "【手绘教程向】怎样画442号口袋妖怪：花岩怪？",
    "abstract": "https://www.youtube.com/watch?v=E5LFBHpPYOY\n这次我们要画的是：花岩怪！",
    "authorId": 8534316,
    "uploadTime": 1492830444.0,
    "playCount": 248,
    "commentCount": 2,
    "bulletCommentCount": 0,
    "imageUrl": "http://i0.hdslb.com/bfs/archive/dc53d8200ef92dcbafeb7c6160432513190f83ee.jpg",
    "feedback": {
        "like": "4",
        "coin": "2",
        "star": "8",
        "share": "71"
    },
    "comments": [
        "高级搬运工",
        "本命宝可梦"
    ],
    "tags": [
        "水彩",
        "绘画",
        "生活",
        "绘画",
        "课程",
        "绘画过程",
        "大触",
        "视频教程",
        "上色",
        "艺术",
        "绘画教程"
    ]
}