{
    "id": 10006924,
    "title": "【战地1OWK 8】这么多的神剪辑，你找到了几个？",
    "abstract": "温馨提示一个5.38\n[一周杀]非周更、非周素、非期剪。感谢观看~！\n优酷这边也请大家多多关照啦：http://i.youku.com/91lins",
    "authorId": 437487,
    "uploadTime": 1492828190.0,
    "playCount": 60,
    "commentCount": 3,
    "bulletCommentCount": 0,
    "imageUrl": "http://i2.hdslb.com/bfs/archive/51b227d81c22282b52702e83bb39297dcb93a603.jpg",
    "feedback": {
        "like": "1",
        "coin": "4",
        "star": "0",
        "share": "74"
    },
    "comments": [
        "饭圈楷模",
        "饭圈楷模"
    ],
    "tags": [
        "战地1",
        "游戏",
        "单机游戏",
        "超燃！",
        "精彩时刻",
        "91Lin",
        "一周杀",
        "OWK"
    ]
}