{
    "id": 10007044,
    "title": "枫叶：一枪祈jjc击杀集锦伪七杀.六杀.伪六杀",
    "abstract": "枫叶就是我啦，只是观众们喜欢叫我枫叶，游戏ID嘛，我的处女击杀集锦，觉得好的，来波关注礼物吧",
    "authorId": 44777667,
    "uploadTime": 1492831826.0,
    "playCount": 11016,
    "commentCount": 199,
    "bulletCommentCount": 88,
    "imageUrl": "http://i1.hdslb.com/bfs/archive/0ac4922d077694f1dd11f3363129ae002e7187d1.jpg",
    "feedback": {
        "like": "4",
        "coin": "85",
        "star": "109",
        "share": "116"
    },
    "comments": [
        "我玩一方起来之后，没到30分钟就双神器了，因为很顺风就想刷杀戮，嗯....结果没过多久，对面除了桐人，全出了反甲，那一局打的好艰难，出了bkb也很难玩，那局太执着刷杀戮就输掉了，最后是41杀。。。",
        "我会告诉你我玩剑心可以抓的楪祈不敢出门吗？这不是屠幼局我真的不信，或者就是对面刺客太少。我玩300别的不针对，就针对adc，还有楪祈最好还是半肉负伤流，像你这种暴击流还不出bkb，开团直接一秒躺你信不信？#滑稽",
        "播放和弹幕评论不成正比啊。。。(_)",
        "UP只是个20场不到的小楪祈选手，大佬楪祈们见谅....也谢谢清辉给我号打的素材还有集的",
        "学生卡"
    ],
    "tags": [
        "300英雄",
        "游戏",
        "电子竞技",
        "电子竞技",
        "楪祈",
        "网络游戏"
    ]
}