{
    "id": 10007698,
    "title": "[ 守望先锋 娱乐 ] 5段屁股日常搞笑小动画",
    "abstract": "https://www.youtube.com/watch?v=DS17C6u-AXM\n[ 守望先锋 娱乐 ] 5段屁股日常搞笑小动画",
    "authorId": 31974736,
    "uploadTime": 1492830607.0,
    "playCount": 6874,
    "commentCount": 25,
    "bulletCommentCount": 136,
    "imageUrl": "http://i2.hdslb.com/bfs/archive/ccfc88d7b52512251594d0f538fd1df7f08ef58e.jpg",
    "feedback": {
        "like": "0",
        "coin": "13",
        "star": "76",
        "share": "91"
    },
    "comments": [
        "饭圈楷模",
        "几岁了？抢楼还没完了？",
        "感谢野生字幕君(°∀°)ﾉ",
        "白银殿堂",
        "这个有人发了  撞车了(〜￣△￣)〜"
    ],
    "tags": [
        "游戏集锦",
        "守望先锋",
        "游戏",
        "电子竞技",
        "电子竞技",
        "第一视角"
    ]
}