{
    "id": 10007304,
    "title": "【乔任梁】巨额交易片段",
    "abstract": "精英海龟“面霸”",
    "authorId": 20375929,
    "uploadTime": 1492830057.0,
    "playCount": 1713,
    "commentCount": 2,
    "bulletCommentCount": 0,
    "imageUrl": "http://i1.hdslb.com/bfs/archive/01c309a2f72c021b6f29f48b02f97aa4fd3d0d93.jpg",
    "feedback": {
        "like": "8",
        "coin": "2",
        "star": "14",
        "share": "74"
    },
    "comments": [
        "饭圈萌新",
        "出道偶像"
    ],
    "tags": [
        "娱乐",
        "明星",
        "明星",
        "乔任梁",
        "Kimi",
        "刘易郡"
    ]
}