{
    "id": 10006806,
    "title": "质量效应：仙女座",
    "abstract": "很暴力~",
    "authorId": 31506378,
    "uploadTime": 1492827837.0,
    "playCount": 180,
    "commentCount": 0,
    "bulletCommentCount": 1,
    "imageUrl": "http://i1.hdslb.com/bfs/archive/b36cd17d49d315dbdcb70e7bae477d45acef4e67.jpg",
    "feedback": {
        "like": "0",
        "coin": "0",
        "star": "3",
        "share": "76"
    },
    "comments": [],
    "tags": [
        "单机游戏",
        "游戏",
        "单机游戏",
        "游戏视频",
        "演示"
    ]
}