{
    "id": 10007748,
    "title": "【梦璃和JKUN的運転纪实（5）】上海 浦东上南 583路陆家嘴-懿行路和炯路 车头第一视角夜景POV",
    "abstract": "上海公共交通摄影俱乐部（SH.POV）出品\n上海浦东上南  583路公交车 夜景\n陆家嘴-懿行路和炯路\n搭乘车辆：W0A-171\nBGM：ワルキューレ - いけないボーダーライン \n            巡音ルカ,GUMI,EasyPop(BETTI) - ハッピーシンセサイザ\n拍摄器材：红米Note4X \n第一次制作夜景POV 因为使用三脚架因此稳的多 第一次使用新片头",
    "authorId": 2604417,
    "uploadTime": 1492831389.0,
    "playCount": 2231,
    "commentCount": 5,
    "bulletCommentCount": 3,
    "imageUrl": "http://i1.hdslb.com/bfs/archive/da6860eddd4e124f451c9f6753058bf42ba52a52.jpg",
    "feedback": {
        "like": "2",
        "coin": "2",
        "star": "5",
        "share": "72"
    },
    "comments": [
        "见习偶像",
        "583终点站那边的那个中学育人中学是我小时候的中学哈哈哈，当年从起点站坐到终点站陆家嘴，去正大广场玩，回忆啊",
        "见习偶像",
        "见习偶像"
    ],
    "tags": [
        "上海",
        "知识",
        "社科·法律·心理",
        "POV",
        "趣味科普人文",
        "公交"
    ]
}