{
    "id": 10006757,
    "title": "【搬运1080p】战争雷霆RBT5-能炸死老鼠的BT5...Russian Boob Tank 5! (War Thunder Gameplay)",
    "abstract": "https://youtu.be/zX17Vu0XFGQ\n小车扛俩大炸弹，虽然精度不高，但是威力十足～炸翻鼠爷不是梦o(´^｀)o",
    "authorId": 19482124,
    "uploadTime": 1492828138.0,
    "playCount": 15696,
    "commentCount": 41,
    "bulletCommentCount": 251,
    "imageUrl": "http://i0.hdslb.com/bfs/archive/396c78a8645ff8576182cada6fac081fb90814e0.jpg",
    "feedback": {
        "like": "35",
        "coin": "13",
        "star": "125",
        "share": "117"
    },
    "comments": [
        "高级房，贴满草外表像一个人畜无害的小BT5实际是个清真爸爸(〜￣△￣)〜",
        "大会员2018年度勋章",
        "这是真主的战车啊",
        "收集萌新",
        "饭圈萌新"
    ],
    "tags": [
        "战争雷霆",
        "游戏",
        "网络游戏",
        "战争雷霆陆战",
        "飞机世界",
        "战争雷霆日常",
        "战争雷霆娱乐",
        "战争雷霆空战"
    ]
}