{
    "id": 10007475,
    "title": "【静静小学堂】Get营养瘦身神技能√让我承包你一周的果汁！",
    "abstract": "哪些水果才适合榨汁？要怎样搭配，榨汁才好喝？不同的果汁都有什么功效？让静静承包你们一周的美味果汁吧！",
    "authorId": 67398174,
    "uploadTime": 1492830093.0,
    "playCount": 355,
    "commentCount": 1,
    "bulletCommentCount": 0,
    "imageUrl": "http://i2.hdslb.com/bfs/archive/2dfd21edbe225387fa3e135927931523d1e63ba8.png",
    "feedback": {
        "like": "1",
        "coin": "3",
        "star": "24",
        "share": "76"
    },
    "comments": [
        "第一(⌒▽⌒)"
    ],
    "tags": [
        "水果",
        "饮料",
        "健康",
        "美食",
        "美食",
        "美食记录",
        "瘦身",
        "营养",
        "奶昔",
        "蔬菜",
        "榨果汁"
    ]
}