{
    "id": 10007667,
    "title": "66万的奔驰GLC后杠被拆下时，当时就惊了！拆解GLC（上）",
    "abstract": "如果单从防撞梁上看，GLC并没有显示出更多的诚意，要知道同价位的沃尔沃S90的前后防撞梁都是铝合金。\n买车拆解测试，我们只说真话。\n下期预告：奔驰GLC拆车（中）",
    "authorId": 97503781,
    "uploadTime": 1492831634.0,
    "playCount": 31102,
    "commentCount": 144,
    "bulletCommentCount": 103,
    "imageUrl": "http://i0.hdslb.com/bfs/archive/d2d38feec69952ea820f1520012b9580a8390d94.jpg",
    "feedback": {
        "like": "35",
        "coin": "38",
        "star": "44",
        "share": "104"
    },
    "comments": [
        "看到这标题，再见吧，不久前才关注的，已取关。标题党滚出b站！",
        "这tm跟蟑螂实验室有什么区别，真他吗沙壁→_→",
        "一到国产各种减配(╯°口°)╯(┴—┴",
        "钢材并不差，s90后杠现在铝合金，以前s80后防撞梁还硼钢。强度到了就可以了，单单以后梁材质论glc好坏就是耍流氓",
        "啥笔，奔驰造了几年车，车不是坦克，要保的不单单只是保护车内的人，车外的人不要保护了？别人开车不要保护了？厚了薄了质量到了给你减重你还不乐意呗？"
    ],
    "tags": [
        "机械",
        "汽车",
        "汽车",
        "汽车文化"
    ]
}