{
    "id": 10007630,
    "title": "Arduino 入门课程",
    "abstract": "如果你是一位 Arduino 初学者，这套视频非常适合你。至于 Arduino 已经熟悉的同学，可以看看总论部分，或许你会有一些共鸣。",
    "authorId": 8660437,
    "uploadTime": 1492830563.0,
    "playCount": 337675,
    "commentCount": 1123,
    "bulletCommentCount": 4749,
    "imageUrl": "http://i2.hdslb.com/bfs/archive/f00d80d45abab863941ce7db87cb6a66ad3d482f.png",
    "feedback": {
        "like": "5639",
        "coin": "5956",
        "star": "1.9万",
        "share": "3401"
    },
    "comments": [
        "第四节用while更好写嗷！   noTone(7)；  while(digitalRead(10)==LOW)  {    tone(7,2093);    }   while(digitalRead(9)==LOW)  {    tone(7,2349);    }   while(digitalRead(8)==LOW)  {    tone(7,2637);    }亲测有效",
        "class LedSegmentDisplays{  private:     int ports[8];     int digits【10】[8];  public:     LedSegmentDisplays(int a,int b,int c,int d,int e,int f,int g,int h)     {      ports[0]=a;ports[1]=b;ports[2]=c;ports[3]=d;ports[4]=e;ports[5]=f;ports[6]=g;ports[7]=h;      int digits_copy【10】[8]={        {1,1,1,1,1,1,0,0},//0        {0,1,1,0,0,0,0,0},//1        {1,1,0,1,1,0,1,0},//2        {1,1,1,1,0,0,1,0},//3        {0,1,1,0,0,1,1,0},//4        {1,0,1,1,0,1,1,0},//5        {1,0,1,1,1,1,1,0},//6        {1,1,1,0,0,0,0,0},//7        {1,1,1,1,1,1,1,0},//8        {1,1,1,1,0,1,1,0},//9        };        for(int i=0;i8;i++)          pinMode(ports[i],OUTPUT);        for(int i=0;i10;i++)          for(int j=0;j10;j++)            digits[i][j]=digits_copy[i][j];      }  void noLight()  {    for(int i=0;i8;i++)      digitalWrite(ports[i],LOW);  }  void d(int digit)  {    for(int i=0;i8;i++)    digitalWrite(ports[i], digits【digit】[i]);  }};",
        "好感慨啊，几年前入门的时候学arduino，再看真的蛮简单的，现在又刚开始学FPGA，入门真的有点难啊！按键双稳态程序去抖需要有限状态机，写595时序、iic、spi等协议都需要线性序列机，一切都为以后使用FPGA的超高速做准备，真的好累！我好怀念当年学单片机的时光啊！！",
        "/*4th arduino pro*/void setup(){  pinMode(8, INPUT);  digitalWrite(8, HIGH);  pinMode(9, INPUT);  digitalWrite(9, HIGH);  pinMode(10, INPUT);  digitalWrite(10, HIGH);  pinMode(11, OUTPUT);  pinMode(12, OUTPUT);  pinMode(13, OUTPUT);}void loop(){  if(digitalRead(10)==LOW||digitalRead(9)==LOW||digitalRead(8)==LOW)  {     if(digitalRead(10)==LOW)  {    tone(7, 2093);    digitalWrite(13, HIGH);      // statement  } else {    digitalWrite(13, LOW);      // statement  }  if(digitalRead(9)==LOW)  {    tone(7, 2349);    digitalWrite(12, HIGH);      // statement  } else {    digitalWrite(12, LOW);      // statement  }  if(digitalRead(8)==LOW)  {    tone(7, 2637);    digitalWrite(11, HIGH);      // statement  } else {     digitalWrite(11, LOW);      // statement  }} else {      noTone(7);      digitalWrite(11, LOW);      digitalWrite(12, LOW);      digitalWrite(13, LOW);  }}",
        "感谢UP主，收获很大哦(°∀°)ﾉ"
    ],
    "tags": [
        "编程",
        "技术宅",
        "知识",
        "校园学习",
        "创客",
        "科技传播坊",
        "Arduino",
        "单片机",
        "Arduino Uno"
    ]
}