{
    "id": 10007443,
    "title": "【三国杀】活动模式忠胆英杰界华佗强势辅助",
    "abstract": "这期视频我是解说我自己打的三国杀新模式忠胆英杰，用的是新界华佗，无脑弃牌还是比较厉害的，最近我在b站直播，不定时晚上直播，希望大家能来捧捧场哦！直播地址http://live.bilibili.com/3156363。希望大家喜欢！",
    "authorId": 5603771,
    "uploadTime": 1492829748.0,
    "playCount": 114,
    "commentCount": 0,
    "bulletCommentCount": 0,
    "imageUrl": "http://i0.hdslb.com/bfs/archive/fa74e53b3541d1371e3763ee2b7d874673a55691.jpg",
    "feedback": {
        "like": "3",
        "coin": "0",
        "star": "2",
        "share": "88"
    },
    "comments": [],
    "tags": [
        "桌游棋牌",
        "游戏",
        "桌游棋牌",
        "游戏资讯",
        "第一视角",
        "原创",
        "实况",
        "游戏",
        "游戏杂谈",
        "娱乐",
        "解说",
        "直播",
        "在线多人网页游戏",
        "三国杀游戏视频"
    ]
}