{
    "id": 10007069,
    "title": "夏兮•dig to china‖挖掘机技术哪家强",
    "abstract": "看我一次性通关ｸﾞｯ!(๑•̀ㅂ•́)و✧\n挖掘机技术哪家强，哔哩哔哩找夏兮",
    "authorId": 91406616,
    "uploadTime": 1492829341.0,
    "playCount": 177,
    "commentCount": 4,
    "bulletCommentCount": 0,
    "imageUrl": "http://i2.hdslb.com/bfs/archive/32f7db8a3e2acaefae78ce1e5fcc9da4dfe246a7.jpg",
    "feedback": {
        "like": "3",
        "coin": "6",
        "star": "2",
        "share": "80"
    },
    "comments": [
        "就我一个233",
        "滋滋(=・ω・=)求bgm",
        "两年前看的视频，被BGM吸引，后来忘了歌名，当时记得是看的一个视频听的，找了好久才找，一看评论，还有自己的留言，真的是回忆满满啊。不过现在我找不到这个版本了，云村的调崩了，请问一下up你的BGM是在哪里找的"
    ],
    "tags": [
        "小游戏",
        "单机游戏",
        "游戏",
        "手机游戏",
        "手机游戏",
        "游戏",
        "娱乐",
        "新人",
        "日常",
        "游戏视频",
        "挖到中国去",
        "夏兮"
    ]
}