{
    "id": 10007569,
    "title": "【无名杀】（1双将V7双将）奇智女杰+☆黄月英≈锦囊一波流？",
    "abstract": "奇智女杰+☆黄月英的双摸牌buff...浪的飞起...只要不是手气差到开局全基本牌就可以用脸起飞...除了那种每次受伤都可以回血，和拖人去死的或者反伤血上限的都不怕....\n这是以前的视频...无名杀重装扩展还需要一段时间...\nBGM是：szak - 夜の向日葵",
    "authorId": 2051645,
    "uploadTime": 1492918245.0,
    "playCount": 99,
    "commentCount": 0,
    "bulletCommentCount": 0,
    "imageUrl": "http://i0.hdslb.com/bfs/archive/ca8ac4f1341510b1a6b3dda7f622805d8c2c9cd6.jpg",
    "feedback": {
        "like": "0",
        "coin": "0",
        "star": "3",
        "share": "84"
    },
    "comments": [],
    "tags": [
        "三国杀",
        "桌游棋牌",
        "单机游戏",
        "游戏",
        "桌游棋牌",
        "手机游戏",
        "演示",
        "无名杀"
    ]
}