{
    "id": 10007467,
    "title": "【汪星人】汪星人和Baby的有趣视频集锦（第二期）",
    "abstract": "https://www.youtube.com/watch?v=2BVBLHdxjHY\nBoxer and Baby Compilation\nhttps://www.youtube.com/watch?v=2BVBLHdxjHY\n【汪星人】汪星人和Baby的有趣视频集锦",
    "authorId": 4032555,
    "uploadTime": 1492830114.0,
    "playCount": 171,
    "commentCount": 1,
    "bulletCommentCount": 0,
    "imageUrl": "http://i0.hdslb.com/bfs/archive/80ac40b151dfe3edf1d017ebb0e9b9f6b494f8db.jpg",
    "feedback": {
        "like": "0",
        "coin": "0",
        "star": "0",
        "share": "65"
    },
    "comments": [
        "第一666"
    ],
    "tags": [
        "汪星人",
        "萌宠",
        "搞笑",
        "动物圈",
        "汪星人",
        "萌",
        "调戏",
        "可爱",
        "动物圈",
        "宠物"
    ]
}