{
    "id": 10007735,
    "title": "170420GOT7悉尼FanMeeting NeverEver乃我爱我王嘉尔focus",
    "abstract": "来自一个依旧渣的up主",
    "authorId": 3644693,
    "uploadTime": 1492831455.0,
    "playCount": 1272,
    "commentCount": 2,
    "bulletCommentCount": 3,
    "imageUrl": "http://i0.hdslb.com/bfs/archive/a0e1146573ec7c51f5fc636ce24008685c21cae4.jpg",
    "feedback": {
        "like": "4",
        "coin": "1",
        "star": "30",
        "share": "85"
    },
    "comments": [
        "我看到了嘎捧着心给斑斑看了╮(￣▽￣)╭",
        "（￣▽￣）"
    ],
    "tags": [
        "GOT7",
        "Korea相关",
        "娱乐",
        "明星",
        "王嘉尔Jackson"
    ]
}