{
    "id": 10006732,
    "title": "国外一家人",
    "abstract": "youtube\n国外一家人",
    "authorId": 99505767,
    "uploadTime": 1492828344.0,
    "playCount": 64,
    "commentCount": 1,
    "bulletCommentCount": 0,
    "imageUrl": "http://i0.hdslb.com/bfs/archive/9822ec88c5ab25b9ad3d2b6f1c1676718ab6571c.jpg",
    "feedback": {
        "like": "0",
        "coin": "0",
        "star": "0",
        "share": "75"
    },
    "comments": [
        "jjjjj"
    ],
    "tags": [
        "搞笑",
        "生活",
        "搞笑",
        "日常",
        "国外一家人"
    ]
}