{
    "id": 10006762,
    "title": "【恶魔在身边】1-4“为什么我蛋挞都烂了？你破坏我下午茶。”“我管你的，以后我再也不会听你使唤了。”",
    "abstract": "转载自网络\n齐悦决定再次告白，想以此摆脱江猛的控制。",
    "authorId": 16596335,
    "uploadTime": 1492830641.0,
    "playCount": 44612,
    "commentCount": 21,
    "bulletCommentCount": 705,
    "imageUrl": "http://i1.hdslb.com/bfs/archive/7cafcc19c9f3a54aea564ff1c387f5288d725302.jpg",
    "feedback": {
        "like": "211",
        "coin": "55",
        "star": "265",
        "share": "95"
    },
    "comments": [
        "我记得高中的时候，整个网吧都在追这剧",
        "我喜欢圆1这种类型欸(´；ω；`)",
        "送up主小心心♥♥",
        "想重温恶魔在身边的私信我鸭(｀・ω・´)",
        "感谢阿婆主(〃▽〃)"
    ],
    "tags": [
        "杨丞琳",
        "影视",
        "影视剪辑",
        "恶魔在身边",
        "贺军翔",
        "我的淘气王子",
        "江猛齐悦"
    ]
}