{
    "id": 10007715,
    "title": "张学友偷偷去看周杰伦演唱会，没想到被杰伦发现了，而且旁边还有影帝张家辉。",
    "abstract": "微博转载\n张学友偷偷去看周杰伦演唱会，没想到被杰伦发现了，而且旁边还有影帝张家辉。\n耐心看到后面，是周杰伦对歌神的告白哈哈哈。",
    "authorId": 33694279,
    "uploadTime": 1492830440.0,
    "playCount": 2435971,
    "commentCount": 563,
    "bulletCommentCount": 6318,
    "imageUrl": "http://i1.hdslb.com/bfs/archive/88253d171be65d094235541f7ced80930b126507.jpg",
    "feedback": {
        "like": "1.4万",
        "coin": "844",
        "star": "8675",
        "share": "1326"
    },
    "comments": [
        "周杰伦演唱会众多明星潜藏张学友演唱会众多囚犯潜藏",
        "我说渣渣辉",
        "今日张家辉和张学友偷偷约会被发现(//∇//)",
        "上次陈先生还好吧",
        "风调雨顺萧敬腾，国泰民安张学友，著名星探周杰伦"
    ],
    "tags": [
        "娱乐",
        "明星",
        "周杰伦演唱会",
        "原创",
        "MV"
    ]
}