{
    "id": 10007433,
    "title": "【篱笆】妖精的尾巴OP15❤MASAYUME CHASING❤",
    "abstract": "舞见：篱笆\n原振幅：av1370457\n参考振幅：av3365464\n感谢摄影：阿凯\n服装：汤圆RiceBall \n\n尝试换个画风，决定成为咸鱼月更党（不",
    "authorId": 6863980,
    "uploadTime": 1492831321.0,
    "playCount": 11584,
    "commentCount": 107,
    "bulletCommentCount": 78,
    "imageUrl": "http://i2.hdslb.com/bfs/archive/5c2f391b0ea7d66e45faf97a077a886069f68786.jpg",
    "feedback": {
        "like": "4",
        "coin": "86",
        "star": "154",
        "share": "80"
    },
    "comments": [
        "超喜欢这个的！！！第一天来求个眼熟吧????～～之后也会支持的",
        "被你的基友安利过来的，舞见的质量实际上不错，舞蹈本身嘛，节奏把握到了。ps：调色太怪异了。表情能不能更丰富一点。",
        "小姐姐好棒w",
        "笑得好好看(*▽*)♪",
        "那有妖尾哪里就有有～(￣▽￣～)"
    ],
    "tags": [
        "妖精的尾巴",
        "宅舞",
        "翻跳",
        "明星舞蹈",
        "舞蹈",
        "明星舞蹈",
        "舞蹈",
        "MASAYUME CHASING"
    ]
}