{
    "id": 10007243,
    "title": "【mlg】守望先锋 末日铁拳",
    "abstract": "youtube\n转载至youtube\nOverwatch MLG Trailer",
    "authorId": 50756785,
    "uploadTime": 1492828970.0,
    "playCount": 1900,
    "commentCount": 5,
    "bulletCommentCount": 9,
    "imageUrl": "http://i0.hdslb.com/bfs/archive/a908a2c5a71983d569c051ea427ab89ebb71ce30.jpg",
    "feedback": {
        "like": "5",
        "coin": "5",
        "star": "26",
        "share": "86"
    },
    "comments": [
        "我突然想起了那年奶我的天使，当时对面源氏离我只有0.02公分，就在那个瞬间，使我人生有了巨大改变，我一个六连他把天使弹死了，曾经在我后面有一个天使，我却没有好好珍惜，如果上天再给我一次机会我愿意去训练靶场好好练习，如果非要给我练习加个期限…我希望是一万年",
        "1444播放量。。。",
        "我爱mlg",
        "ε=ε=(ノ≧∇≦)ノ",
        "沙发(=・ω・=)"
    ],
    "tags": [
        "守望先锋",
        "搞笑",
        "游戏",
        "电子竞技",
        "电子竞技",
        "YOUTUBE",
        "mlg"
    ]
}