{
    "id": 10006724,
    "title": "NJPW 中邑真辅 (c) vs 丸藤正道",
    "abstract": "dailymotion\n丸子的摔角套路有时候真的难以捉摸，在边绳台面上中医和丸子对垒，我以为丸子只是简简单单打一拳或是踢过去，谁知道他翻过中医背后玩double knee backbreaker，真心没想到啊",
    "authorId": 31685696,
    "uploadTime": 1492827510.0,
    "playCount": 1640,
    "commentCount": 3,
    "bulletCommentCount": 7,
    "imageUrl": "http://i2.hdslb.com/bfs/archive/c771062423b536a624b4cb25ffe8b0718bbddaa0.jpg",
    "feedback": {
        "like": "5",
        "coin": "6",
        "star": "37",
        "share": "90"
    },
    "comments": [
        "这场WON多少",
        "真的吊，谢谢up主分享这么精彩的比赛",
        "蛮精彩的"
    ],
    "tags": [
        "运动",
        "运动综合",
        "中邑真辅",
        "运动",
        "NJPW",
        "NOAH",
        "SHINSUKE NAKAMURA",
        "日本职业摔角",
        "丸藤正道"
    ]
}