{
    "id": 10007563,
    "title": "GTA5OL搞笑时刻：线上模式惊现NPC打架王！",
    "abstract": "我都已经被打傻了。。。",
    "authorId": 1914793,
    "uploadTime": 1492831784.0,
    "playCount": 16426,
    "commentCount": 55,
    "bulletCommentCount": 257,
    "imageUrl": "http://i0.hdslb.com/bfs/archive/45137a8188bdc1e78cda37b75292fb5287983497.jpg",
    "feedback": {
        "like": "75",
        "coin": "145",
        "star": "121",
        "share": "107"
    },
    "comments": [
        "666",
        "前30",
        "我可能完了一个假的gt5",
        "问一下gta5 拆迁六号 战地1多少钱呀...",
        "真颜必出精品，点赞"
    ],
    "tags": [
        "搞笑",
        "游戏",
        "单机游戏",
        "搞笑解说",
        "打架",
        "GTA傻缺集锦",
        "爆笑集锦",
        "搞笑时刻",
        "真颜",
        "乌鸦坐飞机"
    ]
}