{
    "id": 10007309,
    "title": "【超级格斗欧布·第二话】 三位一体形态登场！！！",
    "abstract": "转载\n超级格斗欧布\n【每周6持续为大家更新】",
    "authorId": 4532709,
    "uploadTime": 1492829011.0,
    "playCount": 30111,
    "commentCount": 193,
    "bulletCommentCount": 212,
    "imageUrl": "http://i0.hdslb.com/bfs/archive/8267098b37a7540194032ae6b221ae70b71cf995.jpg",
    "feedback": {
        "like": "17",
        "coin": "27",
        "star": "178",
        "share": "138"
    },
    "comments": [
        "三重融合后感觉led反而少了是错觉么( ´_ゝ｀)",
        "两年前的超级胜利格斗老角色回归阵容——希卡利奥特曼、艾斯奥特曼（高峰圭二先生配音）、雷欧奥特曼（真夏龙先生配音）、阿斯特拉今年轮到了老大、老三、老四，只不过团时郎叔声音好沧桑，莫名的心疼",
        "高斯高级融合材料，欧布所有的奥特曼都能成为他的融合材料。GENE:欧布前辈你要不要试着把我也变成你的融合材料啊！欧布:后辈，不用我换个形态就行，再戴个美瞳就行。光与暗之力，借我一用！",
        "这集还不错，至少宙达实力还没被削得太狠，奥父之前费老大劲打的BOSS级宇宙帝王赛罗打不过很正常，但碰到究赛和欧布三体俩挂壁就没法玩了。",
        "别做梦，这江山还是姓赛的兽路都出来被鞭尸了"
    ],
    "tags": [
        "格斗",
        "奥特曼",
        "特摄",
        "动画",
        "特摄",
        "杰克",
        "赛罗",
        "佐菲“炎头队长”",
        "赛文",
        "三位一体",
        "欧布"
    ]
}