{
    "id": 10007634,
    "title": "【中字】BIGBANG十周年纪念综艺<跑起来,BIGBANG团>预告 (我是韭菜自制)",
    "abstract": "BIGBANG十周年纪念综艺预告中字出炉啦！我是韭菜自制中字，禁二传二改禁一切。\n超级期待播出的啊~VIP看起来",
    "authorId": 9984659,
    "uploadTime": 1492831043.0,
    "playCount": 4823,
    "commentCount": 7,
    "bulletCommentCount": 6,
    "imageUrl": "http://i0.hdslb.com/bfs/archive/ae98f911df99e5a4191a8b9acdd7d4bb28735362.jpg",
    "feedback": {
        "like": "7",
        "coin": "4",
        "star": "32",
        "share": "86"
    },
    "comments": [
        "什么时候能出正片啊！期待期待！",
        "哪里有正片看啊？",
        "同问…你们在哪看的正片",
        "哪里看正片啊？！",
        "有种两天一夜的感觉"
    ],
    "tags": [
        "崔胜铉",
        "姜大声",
        "东永裴",
        "权志龙",
        "BIGBANG",
        "Korea相关",
        "娱乐",
        "明星",
        "李昇炫",
        "bigbang",
        "Bigbang综艺"
    ]
}