{
    "id": 10006743,
    "title": "TNA拳击大赛(三)--人物终结技演示",
    "abstract": "游戏名:TNA拳击大赛\n内存大小:45.95MB\nTNA!TNA!TNA!",
    "authorId": 88962400,
    "uploadTime": 1492827776.0,
    "playCount": 799,
    "commentCount": 2,
    "bulletCommentCount": 1,
    "imageUrl": "http://i1.hdslb.com/bfs/archive/595cd357efe6f8778e5809a66307e9ed361790cf.jpg",
    "feedback": {
        "like": "2",
        "coin": "4",
        "star": "2",
        "share": "61"
    },
    "comments": [
        "为什么我打开这个游戏一直是黑屏ヽ(`Д´)ﾉ",
        "终于当上第一了"
    ],
    "tags": [
        "单机游戏",
        "游戏",
        "手机游戏",
        "手机游戏",
        "实况攻略",
        "实况解说",
        "实况",
        "游戏视频",
        "游戏",
        "TNA职业摔角联盟",
        "wwe",
        "TNA拳击大赛"
    ]
}