{
    "id": 10006709,
    "title": "沙溪足球联赛 第四轮:涂松村 VS 沙联L",
    "abstract": "太仓市沙溪镇全民健身七人制足球联赛",
    "authorId": 32980703,
    "uploadTime": 1492827730.0,
    "playCount": 64,
    "commentCount": 0,
    "bulletCommentCount": 0,
    "imageUrl": "http://i0.hdslb.com/bfs/archive/669364c221b9c3393e3a267274a4fcf167137059.jpg",
    "feedback": {
        "like": "0",
        "coin": "0",
        "star": "0",
        "share": "82"
    },
    "comments": [],
    "tags": [
        "足球",
        "体育",
        "运动",
        "篮球·足球",
        "运动"
    ]
}