{
    "id": 10007744,
    "title": "KoF 2002 - GORDAO (Brazil) vs Nane(OROCHIMARU) (Brazil) part 2",
    "abstract": "YouTube\n转自YouTube Arcade Players TV。https://www.youtube.com/watch?v=UDp971SOpb4",
    "authorId": 31020187,
    "uploadTime": 1492832692.0,
    "playCount": 373,
    "commentCount": 0,
    "bulletCommentCount": 6,
    "imageUrl": "http://i2.hdslb.com/bfs/archive/9eb2e2b1180747c487e165e25e29355d23b359ff.jpg",
    "feedback": {
        "like": "0",
        "coin": "0",
        "star": "4",
        "share": "65"
    },
    "comments": [],
    "tags": [
        "游戏",
        "单机游戏",
        "2002"
    ]
}