{
    "id": 10007259,
    "title": "【迈克尔杰克逊】迈迈早年卖萌经历",
    "abstract": "搬运\n年代久远到查不出什么节目的片段……",
    "authorId": 14949473,
    "uploadTime": 1492829711.0,
    "playCount": 8165,
    "commentCount": 30,
    "bulletCommentCount": 45,
    "imageUrl": "http://i1.hdslb.com/bfs/archive/d62f9f6b9544ec0d97ffa80d60922686b54957ec.jpg",
    "feedback": {
        "like": "119",
        "coin": "12",
        "star": "396",
        "share": "108"
    },
    "comments": [
        "Lets give it to Mikey！he will eat everything.可怜的Mikey(｡･ω･｡)",
        "哈哈哈哈哈哈哈哈哈我的妈！！镜头没拉近时我以为是十一二岁时鼓着脸卖萌的小mj，没想到吃东西那时才发现是成年的迈了，吃完还斗鸡眼，那声干呕声应该就是他本音了吧，哈哈哈哈哈哈哈哈哈哈哈哈哈哈哈哈！！",
        "哈哈哈哈哈哈这是不是他们家的电视剧啊",
        "好可爱，好萌好萌啊】",
        "哎？Σ( ° △ °|||)︴没字幕看个毛系列Σ( ° △ °|||)︴"
    ],
    "tags": [
        "迈克尔杰克逊",
        "娱乐",
        "明星",
        "明星"
    ]
}