{
    "id": 10006843,
    "title": "矿泉水融合后的水叫什么水。",
    "abstract": "本人第一次投稿，有什么不足的地方希望大家见谅。玩了b站那么久就发了一次弹幕，第一次投稿好激动。如果有什么好玩的可以私信我。当然在我经济允许的范围内。下一次我想把各地的茶叶融合，等我有钱吧。",
    "authorId": 31964361,
    "uploadTime": 1492828889.0,
    "playCount": 37,
    "commentCount": 0,
    "bulletCommentCount": 0,
    "imageUrl": "http://i1.hdslb.com/bfs/archive/6718eebf8d5c9164e3a5799e5eeea78af30ae66d.jpg",
    "feedback": {
        "like": "0",
        "coin": "1",
        "star": "0",
        "share": "89"
    },
    "comments": [],
    "tags": [
        "生活",
        "日常",
        "自制",
        "日常"
    ]
}