{
    "id": 10007529,
    "title": "【JENN】10种常用拍照姿势|How To Pose For Photos",
    "abstract": "https://www.youtube.com/watch?v=dRji6CpS7iQ&t=182s\n谢谢观看~~~",
    "authorId": 40359871,
    "uploadTime": 1492831472.0,
    "playCount": 2336,
    "commentCount": 5,
    "bulletCommentCount": 6,
    "imageUrl": "http://i0.hdslb.com/bfs/archive/04efa160eb60f01a8bee30e48ab4d67340eef9fb.jpg",
    "feedback": {
        "like": "12",
        "coin": "16",
        "star": "179",
        "share": "97"
    },
    "comments": [
        "我超喜欢的博主！谢谢搬运，之前都搜不到在站，果断关注么么扎",
        "谢谢搬运，关注啦",
        "这个是Up本人吗还是搬运Up呀",
        "好实用"
    ],
    "tags": [
        "生活",
        "日常",
        "日常",
        "pose"
    ]
}