{
    "id": 10006694,
    "title": "【守望先锋】海鸥官方：DPS禅亚塔",
    "abstract": "转载YouTube  作者：Seagull\n海鸥官方：DPS禅亚塔",
    "authorId": 236746,
    "uploadTime": 1492831646.0,
    "playCount": 4270,
    "commentCount": 16,
    "bulletCommentCount": 13760,
    "imageUrl": "http://i1.hdslb.com/bfs/archive/72b7cdfe941b4c0843b365cd889db77b45f599c7.jpg",
    "feedback": {
        "like": "3",
        "coin": "13",
        "star": "17",
        "share": "68"
    },
    "comments": [
        "随着身体一阵颤抖，上热评的兴趣顿时全无",
        "看着禅雅塔的输出 感觉我76白玩了",
        "武僧禅塔雅",
        "听说扣掉shift键的和尚会变得更强哦(´-ω-`)",
        "禅雅塔本来就是DPS啊，UP主为何还要特地加上呢？◉‿◉"
    ],
    "tags": [
        "游戏集锦",
        "守望先锋",
        "游戏",
        "电子竞技",
        "电子竞技",
        "第一视角"
    ]
}