{
    "id": 10007398,
    "title": "【拔总】来自肌肉猛男的么么哒",
    "abstract": "前些天\n我去拯救世界了\n并不是拖更",
    "authorId": 62319,
    "uploadTime": 1492832058.0,
    "playCount": 46994,
    "commentCount": 228,
    "bulletCommentCount": 501,
    "imageUrl": "http://i2.hdslb.com/bfs/archive/046e1174a2ea66bb18b981b63c294ebbf89ad29f.png",
    "feedback": {
        "like": "579",
        "coin": "1408",
        "star": "280",
        "share": "170"
    },
    "comments": [
        "感觉拔迟早会做游戏区的霸主啊，提前蹭蹭",
        "小时候妈妈跟我说UP是个懒惰而托更的生物可事实并非如此更新的瞬间。。他们宛如新生",
        "拔总最近有点高产啊，辛苦了~",
        "收拾房间，发现一个小时候放玩具的箱子，打开后看到里面都是绿色塑料小兵，炮兵、步兵、工兵... “请问你看到我们的司令了吗，我们好久没有见到他了”一个小兵问道。我沉思了下：“见过，不过他不会回来了” “司令他牺牲了吗？”小兵们哭着问 “不，他只是长大了.....”                                      －致童年",
        "超强解说！"
    ],
    "tags": [
        "游戏",
        "单机游戏",
        "我是格格巫",
        "i am the hero",
        "拔总",
        "失踪人口回归！"
    ]
}