{
    "id": 10007702,
    "title": "【勋鹿】吴世勋鹿晗的那些年，勋鹿党不看绝对会后悔的视频 饭制高清版",
    "abstract": "转自优酷。 吴世勋鹿晗的那些年，勋鹿党不看绝对会后悔的视频",
    "authorId": 42230125,
    "uploadTime": 1492832358.0,
    "playCount": 404272,
    "commentCount": 853,
    "bulletCommentCount": 6812,
    "imageUrl": "http://i0.hdslb.com/bfs/archive/6e128ea9656c55f2a4f6ba595a3d6e490f17b4dd.png",
    "feedback": {
        "like": "5028",
        "coin": "867",
        "star": "1.4万",
        "share": "2066"
    },
    "comments": [
        "世勋不再是那个稚嫩的少年了，鹿晗也不是那个鹿晗了，他们以他们的方式活着，我也想要以我的方式喜欢着 不放弃！勋鹿加油！时间再久也不会冲淡我们的回忆！",
        "我的勋鹿双生啊☺️",
        "同学说了一句令我泪奔的话:最后的执念是鹿晗和吴世勋的同台。即使是在鹿晗的婚礼上。",
        "仅代表个人。作为芦苇，勋鹿可以说是我唯一承认认可的老鹿的真人cp吧，萌勋鹿的也是我唯一佩服的cpf。正主异地发展老鹿归国三年，勋鹿吸粉能力依旧堪称无敌。ky虽不在少数但贴吧超话评论下从来号召圈地劝删。给鹿晗的数据表白贡献堪称他众多cpf中的完美。大佬大触产粮无数，但从不会影响我搜索观看鹿晗个人视频。如果老鹿的所有cpf都能这样对他真心喜欢他和他的作品就好了。。。",
        "初心呀。。。。。。。"
    ],
    "tags": [
        "娱乐",
        "明星",
        "勋鹿"
    ]
}