{
    "id": 10007541,
    "title": "【鏡音レンV4X cover Full.】白如雪的王子啊（Sora）",
    "abstract": "https://www.youtube.com/watch?v=8ELA5fULB00\n转载自YouTube\n原UP：Sora\n~ Music Title : 白い雪のプリンセスは\n~ PV & Subtitle : Lizzie Nya\n~ Cover by : 鏡音レン V4X\n~ Vsqx : Pika Bear\n~ Mixing - Mastering - Special FX ~\n- Sora CH",
    "authorId": 2906222,
    "uploadTime": 1492830095.0,
    "playCount": 462,
    "commentCount": 3,
    "bulletCommentCount": 5,
    "imageUrl": "http://i2.hdslb.com/bfs/archive/32fbe9e6fde5047d738d4e02a8d93a4ef64dd75e.jpg",
    "feedback": {
        "like": "4",
        "coin": "2",
        "star": "46",
        "share": "82"
    },
    "comments": [
        "弟弟超可爱！！",
        "表白连君(≧ω≦)",
        "亲亲连困！"
    ],
    "tags": [
        "音乐",
        "VOCALOID·UTAU",
        "鏡音レン"
    ]
}