{
    "id": 10007661,
    "title": "不了了之",
    "abstract": "有胡子的尧尧\n练手之作",
    "authorId": 56368194,
    "uploadTime": 1492830676.0,
    "playCount": 315,
    "commentCount": 3,
    "bulletCommentCount": 4,
    "imageUrl": "http://i2.hdslb.com/bfs/archive/2014054bf504873f2c5c08406deef0aafa0d58f1.jpg",
    "feedback": {
        "like": "3",
        "coin": "0",
        "star": "9",
        "share": "89"
    },
    "comments": [
        "up主片源好清晰啊！可以求片源吗？",
        "第一！"
    ],
    "tags": [
        "张智尧",
        "影视",
        "影视剪辑",
        "股啊股"
    ]
}