{
    "id": 10007289,
    "title": "【老司机之旅】开卡车的人全部都是怪物！",
    "abstract": "https://www.youtube.com/watch?v=_9Y9UX9y-zc\n原作：Real drift! Truck in the drift! (ROAD RAGE COMPILATION)",
    "authorId": 37260201,
    "uploadTime": 1492831159.0,
    "playCount": 353,
    "commentCount": 2,
    "bulletCommentCount": 2,
    "imageUrl": "http://i1.hdslb.com/bfs/archive/e665070ff10bf91e42414e9d27e150b8b0d59d7a.jpg",
    "feedback": {
        "like": "0",
        "coin": "0",
        "star": "2",
        "share": "74"
    },
    "comments": [
        "求1分58秒处BGM",
        "用我的机油大家都能成为老司机（￣▽￣）"
    ],
    "tags": [
        "机械",
        "生活",
        "日常",
        "漂移",
        "灵车漂移",
        "纪录片",
        "开车技术好烂的UP",
        "老司机又开车了",
        "老司机翻车现场",
        "卡车漂移"
    ]
}