{
    "id": 10007594,
    "title": "【自由之战3VS3】强势偷塔对面差点翻盘！",
    "abstract": "第一次录视频，画质太烂了，下次我换个高清的ರ_ರ ...心塞\n自由群546545669",
    "authorId": 17772666,
    "uploadTime": 1492829907.0,
    "playCount": 164,
    "commentCount": 9,
    "bulletCommentCount": 2,
    "imageUrl": "http://i1.hdslb.com/bfs/archive/0b8dc137b94a3d49adce98c92ca4297c15af3f06.jpg",
    "feedback": {
        "like": "0",
        "coin": "9",
        "star": "1",
        "share": "82"
    },
    "comments": [
        "看到自由之战无条件硬币走起",
        "最后一波船贼6",
        "自由之战(･∀･)",
        "(〜￣△￣)〜强势酷炫霸气吊炸天",
        "这次画质录制太水了，下次改"
    ],
    "tags": [
        "游戏",
        "手机游戏",
        "手机游戏",
        "网络游戏",
        "自由之战"
    ]
}