{
    "id": 10007358,
    "title": "Minecraft与真实生活：如何去钓鱼！（Minecraft动画）",
    "abstract": "https://www.youtube.com/watch?v=8geZogcAA7I\n游戏：我的世界\n原作者：YouTube：TheAtlanticCraft",
    "authorId": 87663599,
    "uploadTime": 1492829360.0,
    "playCount": 1553,
    "commentCount": 2,
    "bulletCommentCount": 5,
    "imageUrl": "http://i1.hdslb.com/bfs/archive/a0726474dd802425009424a3290bbe23ff8895f2.jpg",
    "feedback": {
        "like": "1",
        "coin": "0",
        "star": "11",
        "share": "81"
    },
    "comments": [
        "第二！",
        "UP主发这种视频什么意思(╯°口°)╯(┴—┴"
    ],
    "tags": [
        "我的世界",
        "单机游戏",
        "游戏",
        "GMV",
        "MV",
        "动画",
        "我的世界动画"
    ]
}