{
    "id": 10007350,
    "title": "女友为报复，用40个电苍蝇拍狂电男友",
    "abstract": "《更多精彩视频请关注微信公众号：疯狂夫妻》",
    "authorId": 99210057,
    "uploadTime": 1492830453.0,
    "playCount": 6815,
    "commentCount": 5,
    "bulletCommentCount": 44,
    "imageUrl": "http://i1.hdslb.com/bfs/archive/08a46269e7a90576a772e96ea8eb63276bcf0ff0.jpg",
    "feedback": {
        "like": "17",
        "coin": "20",
        "star": "40",
        "share": "155"
    },
    "comments": [
        "都没舍得打",
        "壕无人性。。。",
        "哈哈哈哈哈哈哈哈哈哈哈哈哈哈哈哈哈哈哈哈哈哈哈哈哈哈哈哈哈哈哈哈哈哈哈哈哈哈哈哈哈哈哈哈哈哈哈哈哈哈哈哈哈哈哈哈",
        "关注你了哦！！！留下我的足印！！！⊙▂⊙o︶ㄣ璇都没舍得打",
        "***"
    ],
    "tags": [
        "综艺",
        "搞笑",
        "娱乐",
        "综艺"
    ]
}