{
    "id": 10007435,
    "title": "GTA5-BMX-鸡圈中的小bibi",
    "abstract": "直接在制作器测图的时候顺便录了，不影响观看，不过视频很模糊，手机观看效果更佳",
    "authorId": 10747642,
    "uploadTime": 1492831151.0,
    "playCount": 437,
    "commentCount": 5,
    "bulletCommentCount": 48,
    "imageUrl": "http://i0.hdslb.com/bfs/archive/d75ba47071dfb66669e5748b950e2186805d5cd9.jpg",
    "feedback": {
        "like": "2",
        "coin": "10",
        "star": "0",
        "share": "69"
    },
    "comments": [
        "萌新的噩梦",
        "能耐心的教教我不",
        "6的一批",
        "看得我头晕目眩"
    ],
    "tags": [
        "单机游戏",
        "游戏",
        "单机游戏",
        "GTA5bmx",
        "GTA5BMX毒图"
    ]
}