{
    "id": 10007384,
    "title": "[ 守望先锋 大神 ] 海鸥输出式和尚，45杀 51助攻！",
    "abstract": "https://www.youtube.com/watch?v=-N_UXVH11iE\n[ 守望先锋 大神 ] 海鸥输出式和尚，45杀 51助攻！",
    "authorId": 31974736,
    "uploadTime": 1492829825.0,
    "playCount": 4122,
    "commentCount": 15,
    "bulletCommentCount": 124,
    "imageUrl": "http://i1.hdslb.com/bfs/archive/28a5c32498386da77266dbb40893079151a58b55.jpg",
    "feedback": {
        "like": "2",
        "coin": "6",
        "star": "24",
        "share": "99"
    },
    "comments": [
        "治疗界的泥石流，突击界的新传奇",
        "海鸥不削，守望必亡",
        "自家的是唐三藏，人家的是唐山葬",
        "我上我也行，我要打人机ヽ(`Д´)ﾉ",
        "以后出一期战斗天使吧"
    ],
    "tags": [
        "电竞赛事",
        "游戏集锦",
        "守望先锋",
        "游戏",
        "电子竞技",
        "游戏赛事",
        "电子竞技",
        "第一视角"
    ]
}