{
    "id": 10007577,
    "title": "【作业向】一起学习吧！",
    "abstract": "选曲一般是慢节奏和发音比较清楚的英文歌曲。图片转自微博：NASA中文\n是一些适合学习英语的歌曲。\n如果可以帮助到大家，那我就非常开心了XD",
    "authorId": 7985951,
    "uploadTime": 1492830232.0,
    "playCount": 447,
    "commentCount": 5,
    "bulletCommentCount": 2,
    "imageUrl": "http://i0.hdslb.com/bfs/archive/a804e250a0202ffd4246e1b95d9eeef6d8d7a650.jpg",
    "feedback": {
        "like": "3",
        "coin": "2",
        "star": "10",
        "share": "62"
    },
    "comments": [
        "歌单在这里（￣▽￣）   http://music.163.com/#/my/m/music/playlist?id=706073079",
        "这歌名字叫什么一直记不住",
        "你的直播就是我晚课时的咖啡。 加油。对我也是对你。  如果未来有一天能相遇该有多有趣啊"
    ],
    "tags": [
        "欧美音乐",
        "音乐",
        "音乐综合",
        "作业用",
        "听歌",
        "作业用BGM",
        "洗脑循环",
        "音乐选集"
    ]
}