{
    "id": 10007422,
    "title": "'Nyan Cat Theme' - Played on Musical Tesla Coils",
    "abstract": "https://www.youtube.com/watch?v=IGO91VCazKc\n'Nyan Cat Theme' - Played on Musical Tesla Coils\n源=youtube\n这位up主的chenal记录了他从小时候玩耍，读大学直到长大进入工作的成长历程，这视频是他大学时做的音乐特斯拉线圈，可谓相当励志。可以check out",
    "authorId": 11006749,
    "uploadTime": 1492829847.0,
    "playCount": 285,
    "commentCount": 0,
    "bulletCommentCount": 2,
    "imageUrl": "http://i0.hdslb.com/bfs/archive/cad687a36e52d7697c1b4a14d2c9bd2f47e621cb.jpg",
    "feedback": {
        "like": "3",
        "coin": "1",
        "star": "3",
        "share": "77"
    },
    "comments": [],
    "tags": [
        "特斯拉",
        "野生技术协会",
        "知识",
        "野生技能协会",
        "科技",
        "高压电"
    ]
}