{
    "id": 10007658,
    "title": "【snl】【各种好玩的小段子】【s37】  13 孤岛 lazy sunday2",
    "abstract": "【snl】【各种好玩的小段子】【s37】",
    "authorId": 17785210,
    "uploadTime": 1492831087.0,
    "playCount": 5671,
    "commentCount": 3,
    "bulletCommentCount": 4,
    "imageUrl": "http://i2.hdslb.com/bfs/archive/80c3448686d587193011ff76142867ad004ea6d2.jpg",
    "feedback": {
        "like": "66",
        "coin": "41",
        "star": "171",
        "share": "84"
    },
    "comments": [
        "**这个三表哥真的年轻！！！像神烦第一二季的感觉",
        "hhhhh2012年的段子 现在听也很酷啊"
    ],
    "tags": [
        "SNL",
        "综艺",
        "娱乐",
        "综艺"
    ]
}