{
    "id": 10007681,
    "title": "克洛斯威亲情献上05版《金刚》混剪",
    "abstract": "克洛斯威视屏自媒体。",
    "authorId": 67786508,
    "uploadTime": 1492830490.0,
    "playCount": 90,
    "commentCount": 0,
    "bulletCommentCount": 0,
    "imageUrl": "http://i0.hdslb.com/bfs/archive/4fc68229df393514d5a16cecd242ce96ee3769cf.jpg",
    "feedback": {
        "like": "0",
        "coin": "0",
        "star": "0",
        "share": "80"
    },
    "comments": [],
    "tags": [
        "钢琴",
        "演奏",
        "音乐",
        "演奏",
        "独奏"
    ]
}