{
    "id": 10007494,
    "title": "【snl】【各种好玩的小段子】【s37】  12  wilg毕业典礼",
    "abstract": "【snl】【各种好玩的小段子】【s37】",
    "authorId": 17785210,
    "uploadTime": 1492831051.0,
    "playCount": 3547,
    "commentCount": 11,
    "bulletCommentCount": 19,
    "imageUrl": "http://i1.hdslb.com/bfs/archive/646e56887ad0cf08e3f2af4684415e6ce00f01bd.jpg",
    "feedback": {
        "like": "42",
        "coin": "42",
        "star": "136",
        "share": "95"
    },
    "comments": [
        "这一批人都走了",
        "这批老卡司的离开，是真的让人心疼。",
        "想老卡司了",
        "这是高潮姐最后一期吗",
        "天啊 好歌好感动"
    ],
    "tags": [
        "SNL",
        "综艺",
        "娱乐",
        "综艺"
    ]
}