{
    "id": 10007121,
    "title": "铠甲勇士刑天英文主题曲（新手AE字幕制作）",
    "abstract": "视频来自youtube，Armor Hero XT Theme Song - Official English Clip 本人只加了字幕而已。\n第一次用AE做视频，不喜勿喷！",
    "authorId": 24635537,
    "uploadTime": 1492828754.0,
    "playCount": 4372,
    "commentCount": 9,
    "bulletCommentCount": 24,
    "imageUrl": "http://i1.hdslb.com/bfs/archive/41946058b0d7fc786a5438ebe2cdec0db47afc18.jpg",
    "feedback": {
        "like": "12",
        "coin": "4",
        "star": "49",
        "share": "89"
    },
    "comments": [
        "The Invincible Hero - Official Ending SongJust like the wild wind, in every battle I face darknessIm the Invincible HeroEnduring every wound, I ***ht with courage for gloryIm the Invincible HeroWith open arms,I take this journeyI see a futureA world, full of hopeI walk this roadWith courage and strong willThrough storm, I will succeedwith joy in my heartJust like the wild wind, in every battle I face darknessIm the Invincible HeroEnduring every wound, I ***ht with courage for gloryIm the Invincible HeroRap:No pain, no gain, thats what I believeRespect and honor, you can achieveThis life is all about victoryAs long as you believe in what you seeI come strong every time that I ***htIm a hero battling enemies day and nightI believe that in this universe full of foesIm the only Invincible HeroJust like the wild wind, in every battle I face darknessIm the Invincible HeroEnduring every wound, I ***ht with courage for gloryIm the Invincible Hero",
        "英文版叫什么",
        "up主那里搞到的1080p的画质？",
        "....up翻译得有一些不对啦",
        "可以，up主"
    ],
    "tags": [
        "影视",
        "预告·资讯",
        "铠甲勇士刑天",
        "新人up主求支持"
    ]
}