{
    "id": 10006730,
    "title": "【Athlean-XX for Women】家庭上半身训练",
    "abstract": "【Youtube】\nComplete Upper Body Workout at Home (TONES UP EVERYTHING!!)",
    "authorId": 363702,
    "uploadTime": 1492827336.0,
    "playCount": 311,
    "commentCount": 0,
    "bulletCommentCount": 0,
    "imageUrl": "http://i2.hdslb.com/bfs/archive/488f5ed1b56e4c2dfca1b470e27e8ed4bad29572.jpg",
    "feedback": {
        "like": "0",
        "coin": "1",
        "star": "19",
        "share": "85"
    },
    "comments": [],
    "tags": [
        "健身",
        "运动",
        "健身",
        "瘦身塑形",
        "YOUTUBE",
        "塑形",
        "上半身",
        "upperbody",
        "Athlean-XX for Women"
    ]
}