{
    "id": 10006788,
    "title": "【Heidi Somers】一起MEAL PREP吧",
    "abstract": "【Youtube】\n【Heidi Somers】HOW I MEAL PREP | Recipes | Girly Gains",
    "authorId": 363702,
    "uploadTime": 1492827781.0,
    "playCount": 259,
    "commentCount": 3,
    "bulletCommentCount": 0,
    "imageUrl": "http://i1.hdslb.com/bfs/archive/a31b014c2173a89f76cf406c5cda8baf93f034a5.jpg",
    "feedback": {
        "like": "1",
        "coin": "1",
        "star": "17",
        "share": "74"
    },
    "comments": [
        "爽，要是寝室有冰箱就好了，23333",
        "好爽啊一下做出来好多天的饭！",
        "喜欢这个大姐"
    ],
    "tags": [
        "健身",
        "运动",
        "健身",
        "MEAL PREP",
        "Heidi Somers"
    ]
}