{
    "id": 10006941,
    "title": "We are the LAPD我们就是洛杉矶警察",
    "abstract": "YouTube搬运",
    "authorId": 21345077,
    "uploadTime": 1492843933.0,
    "playCount": 2719,
    "commentCount": 6,
    "bulletCommentCount": 13,
    "imageUrl": "http://i2.hdslb.com/bfs/archive/aa1547d7820303bafdab948284ceb4b38f28e9f0.jpg",
    "feedback": {
        "like": "35",
        "coin": "7",
        "star": "64",
        "share": "95"
    },
    "comments": [
        "忽然有点小感动",
        "第一(⌒▽⌒)",
        "小苹果好",
        "不好意思，我在GTA干掉了了不少你们的人"
    ],
    "tags": [
        "摄影",
        "短片",
        "生活",
        "日常",
        "洛杉矶",
        "日常",
        "YOUTUBE",
        "生活",
        "艺术",
        "美国警察",
        "YOTUBE",
        "洛杉矶警察"
    ]
}