{
    "id": 10007618,
    "title": "她是马云最早的投资人 亚洲学生考哈佛要过她的关",
    "abstract": "《留学的真相》招UP主啦~如果你是一名留学生，还是平时喜欢新鲜有趣的海外趣闻。欢迎加入我们的tuber团队，一起制作最棒的短视频！请投简历和作品至邮箱：lxtube@163.com~还有不低于主流媒体的稿费哦",
    "authorId": 22500342,
    "uploadTime": 1492830403.0,
    "playCount": 24445,
    "commentCount": 37,
    "bulletCommentCount": 60,
    "imageUrl": "http://i1.hdslb.com/bfs/archive/ae2519b332247b9f551813a7a0118c91b6b306b1.jpg",
    "feedback": {
        "like": "22",
        "coin": "34",
        "star": "352",
        "share": "97"
    },
    "comments": [
        "伯乐和千里马，都是缺一不可的",
        "哈尔滨佛教纪念中心",
        "看到几十个马云的第一个投资人了，谁才是真的",
        "这个原视频是在YouTube的吗？",
        "封面上的马云好惊悚啊，原来他有这么瘦的时候。。。"
    ],
    "tags": [
        "马云",
        "演讲",
        "公开课",
        "生活",
        "日常",
        "美女",
        "创业",
        "留学",
        "高盛",
        "哈佛",
        "阿里巴巴",
        "美国大学"
    ]
}