{
    "id": 10007480,
    "title": "【搬运】Legend of the Harbinger - Episode 2 [Minecraft Animated Series]",
    "abstract": "https://youtu.be/jFsMa4a_KYo\n原地址：https://youtu.be/jFsMa4a_KYo\n原作者：Ironwave Studios\n搬运自YouTube",
    "authorId": 12088508,
    "uploadTime": 1492830251.0,
    "playCount": 41,
    "commentCount": 2,
    "bulletCommentCount": 0,
    "imageUrl": "http://i0.hdslb.com/bfs/archive/91e2e0923e6141910e083422b5dcc5ba6b8584d4.jpg",
    "feedback": {
        "like": "0",
        "coin": "0",
        "star": "3",
        "share": "85"
    },
    "comments": [
        "还是一楼(°∀°)ﾉ",
        "还是板凳"
    ],
    "tags": [
        "我的世界",
        "动画",
        "综合",
        "我的世界动画",
        "中世纪",
        "搬运",
        "动画",
        "minecraft",
        "YouTube",
        "MINE IMATOR"
    ]
}