{
    "id": 10007608,
    "title": "【阿飞的模玩世界】口袋中的情报官  Mech Planet HS03声波把玩分享",
    "abstract": "阿飞自制，个人十分喜欢的作品，越看越喜欢，谢谢各位支持",
    "authorId": 22339588,
    "uploadTime": 1492830661.0,
    "playCount": 771,
    "commentCount": 2,
    "bulletCommentCount": 6,
    "imageUrl": "http://i2.hdslb.com/bfs/archive/43b4c6f45039a1714c910af7f7fd8fb73cc72332.png",
    "feedback": {
        "like": "4",
        "coin": "2",
        "star": "2",
        "share": "78"
    },
    "comments": [
        "差就差在接地了。。。。硬伤，不知道dx9的怎么样。"
    ],
    "tags": [
        "变形金刚",
        "手办模玩",
        "玩具",
        "动画",
        "手办·模玩",
        "模型手办",
        "声波",
        "阿飞",
        "模玩评测",
        "Mech Planet",
        "HS03"
    ]
}