{
    "id": 10007712,
    "title": "[2014.09]林百欣中学高一拔河比赛实录",
    "abstract": "高一入学时期的年级拔河比赛，具体对阵班忘记了，最终结果第三名\n视频不分前后。",
    "authorId": 9609160,
    "uploadTime": 1492831867.0,
    "playCount": 450,
    "commentCount": 0,
    "bulletCommentCount": 0,
    "imageUrl": "http://i0.hdslb.com/bfs/archive/9ca994ac64db09f5cc4484e563feb43167da7bed.jpg",
    "feedback": {
        "like": "2",
        "coin": "0",
        "star": "3",
        "share": "74"
    },
    "comments": [],
    "tags": [
        "生活",
        "日常",
        "日常",
        "生活"
    ]
}