{
    "id": 10007726,
    "title": "2009_4",
    "abstract": "复旦大学精品课程\n复旦大学精品课程",
    "authorId": 7174881,
    "uploadTime": 1492833664.0,
    "playCount": 118,
    "commentCount": 0,
    "bulletCommentCount": 0,
    "imageUrl": "http://i0.hdslb.com/bfs/archive/03032f44a215c32346074883d8a1727cf7de4e52.jpg",
    "feedback": {
        "like": "0",
        "coin": "0",
        "star": "7",
        "share": "72"
    },
    "comments": [],
    "tags": [
        "公开课",
        "纪录片",
        "科学·探索·自然",
        "纪录片"
    ]
}