{
    "id": 10007076,
    "title": "20170413 meza imadoki「注目的新感覚健身」",
    "abstract": "CX\nめざましテレビ  あすのイマドキには桐谷美玲さんと水川あさみさんが参戦！！！楽しくカロリー消費できる「注目の新感覚フィットネス」を体験してきてくれたよ♪楽しみだなぁ〜❤(ӦｖӦ｡)",
    "authorId": 827123,
    "uploadTime": 1492828521.0,
    "playCount": 305,
    "commentCount": 1,
    "bulletCommentCount": 1,
    "imageUrl": "http://i0.hdslb.com/bfs/archive/aa6ccdad9f2e1ca4c66f93ab1090cf66e91872e9.jpg",
    "feedback": {
        "like": "0",
        "coin": "0",
        "star": "9",
        "share": "72"
    },
    "comments": [
        "真的太喜歡她們仨人了❤～謝謝上傳分享????"
    ],
    "tags": [
        "运动",
        "运动综合",
        "桐谷美玲",
        "水川麻美",
        "运动",
        "水川あさみ"
    ]
}