{
    "id": 10007159,
    "title": "“恶女”",
    "abstract": "发现没怎么剪过【宫S】...虽然这部剧，(╯°Д°)╯︵┻━┻\n但是好喜欢小姐姐的人设呀~~~\n\n剪得有些不连贯，求包容~~~\n\n跪求小姐姐接剧(｀・ω・´)\n默默地画一个“恶女”的饼\n\n✔☞郑重声明：视频里将某些人剪得比较渣，介意轻拍ヾ(•ω•`。)",
    "authorId": 25968537,
    "uploadTime": 1492828799.0,
    "playCount": 648,
    "commentCount": 4,
    "bulletCommentCount": 2,
    "imageUrl": "http://i1.hdslb.com/bfs/archive/2373d2717e9dfc81a7351b68736216f7b239c75f.jpg",
    "feedback": {
        "like": "3",
        "coin": "0",
        "star": "6",
        "share": "74"
    },
    "comments": [
        "还好没人，抱着女神赶紧跑←_←",
        "up主哪里可以看宫s啊？"
    ],
    "tags": [
        "朴信惠",
        "影视",
        "影视剪辑",
        "doctors",
        "宫S"
    ]
}