{
    "id": 10007474,
    "title": "大菊怪的黑魂3之旅一",
    "abstract": "视频开头音乐过大，up声音小，咳嗽，脏字，吐字不清，结巴，视频太短等问题将在下期视频中改正.\n还有其他问题欢迎各位私信，一定改正，说到做到.",
    "authorId": 15180235,
    "uploadTime": 1492831544.0,
    "playCount": 79,
    "commentCount": 4,
    "bulletCommentCount": 0,
    "imageUrl": "http://i1.hdslb.com/bfs/archive/c2b733a505994ea5b25c702db06860e6bf9a1ac8.jpg",
    "feedback": {
        "like": "0",
        "coin": "0",
        "star": "0",
        "share": "85"
    },
    "comments": [
        "你将如闪电般归来",
        "我为什么要录这个视频→_→",
        "前排出售瓜子饮料矿泉水",
        "为什么还不更新。。。"
    ],
    "tags": [
        "黑暗之魂",
        "单机游戏",
        "游戏",
        "单机游戏",
        "新人",
        "娱乐",
        "新人向"
    ]
}