{
    "id": 10006721,
    "title": "亚洲影响力最受欢迎日本组合 JINTAKA",
    "abstract": "第21届全球华语榜中榜 亚洲影响力最受欢迎日本组合-JINTAKA， 颁奖&表演部分。JINTAKA的last show，大家一起Hi起来吧~\\(≧▽≦)/~",
    "authorId": 33108347,
    "uploadTime": 1492828836.0,
    "playCount": 2925,
    "commentCount": 17,
    "bulletCommentCount": 152,
    "imageUrl": "http://i1.hdslb.com/bfs/archive/77e356ede104520b6419ce73e075c84e7eb6df00.jpg",
    "feedback": {
        "like": "19",
        "coin": "38",
        "star": "65",
        "share": "105"
    },
    "comments": [
        "虽然很爱这两只，不过也没搞懂这个奖",
        "熊猫长得这么man在jin旁边却像个小媳妇是怎么回事2333333",
        "不是很了解华语榜中榜，十分好奇，JINTAKA明明只有一首单曲欸，为何就被评了”亚洲影响力最受欢迎日本组合“这么看起来好像挺厉害的奖呢www，加上这组合不是已经解散了咩，感觉好喜感www",
        "哈哈哈喊熊猫上台就像上刑似的",
        "2333羞涩的熊猫真的好可爱，人一多又开始紧张了"
    ],
    "tags": [
        "山田孝之",
        "娱乐",
        "明星",
        "明星",
        "赤西仁",
        "JINTAKA"
    ]
}