{
    "id": 10007686,
    "title": "【拉郎】【Justin BieberX张卫健】游园基梦（不良年下攻X纯良娇俏受）",
    "abstract": "取名是套用《牡丹亭·游园惊梦》，杜丽娘梦中与柳梦梅相恋，后发现现实生活中确有其人。剪完后发现有一点相似，又实在想不出好名字，就取了这个标题，并不是真的有“游园”哈。剧情大概就是：一见钟情（好单纯好不做作）——勾搭，发现对方是男儿身——离开，不能接受——对方打来电话，生气挂断，落寞——对方来到家门，开门相见，默允（未挑明）——地下交易，被追杀——对方为保护自己而错手杀人——梦醒——现实中相遇（一眼万年还是擦肩而过，请大家自己脑补哦）。",
    "authorId": 69644776,
    "uploadTime": 1492835427.0,
    "playCount": 1479,
    "commentCount": 38,
    "bulletCommentCount": 38,
    "imageUrl": "http://i1.hdslb.com/bfs/archive/38fbd0d292617e62e497e0c7e4014ddaaf13dd08.jpg",
    "feedback": {
        "like": "25",
        "coin": "8",
        "star": "43",
        "share": "84"
    },
    "comments": [
        "所以张卫健女装是会迷倒比伯的对吧也会迷倒我是吗",
        "有毒啊哈哈哈",
        "双粉看的很激动 年下攻也太带感了叭！！！",
        "我妹的爱豆和我的爱豆cp(=・ω・=)",
        "厲害"
    ],
    "tags": [
        "张卫健",
        "贾斯汀比伯",
        "娱乐",
        "明星",
        "类似爱情",
        "年下攻",
        "明星",
        "腐向慎入",
        "拉郎",
        "Justin Bieber"
    ]
}