{
    "id": 10007551,
    "title": "【Top 10 】电影中的10大慢动作死亡【生肉】",
    "abstract": "转载YouTube\nhttps://www.youtube.com/watch?v=YxkQlOhZS_8\nTop 10 Slow Motion Deaths in Movies",
    "authorId": 18055509,
    "uploadTime": 1492832293.0,
    "playCount": 16847,
    "commentCount": 29,
    "bulletCommentCount": 106,
    "imageUrl": "http://i0.hdslb.com/bfs/archive/d63ce82033500a01657568eb666dd170d3a418a7.jpg",
    "feedback": {
        "like": "2",
        "coin": "4",
        "star": "126",
        "share": "79"
    },
    "comments": [
        "封面是刺。杀。金正恩",
        "以为封面是潘玮柏……",
        "潘玮柏，你又出来搞事了（￣▽￣）",
        "…………",
        "封面是刺，杀，金，正，恩"
    ],
    "tags": [
        "影视",
        "影视剪辑",
        "电影剪辑",
        "剪辑",
        "YOUTUBE",
        "电影",
        "生肉"
    ]
}