{
    "id": 10007407,
    "title": "盈棚食品——川味美食DIY之夫妻肺片的制作方法",
    "abstract": "夫妻肺片是一道四川成都名菜，由郭朝华、张田政夫妻创制而成，制作精细，色泽美观，质嫩味鲜，麻辣浓香，非常适口。",
    "authorId": 33400615,
    "uploadTime": 1492829908.0,
    "playCount": 202,
    "commentCount": 1,
    "bulletCommentCount": 2,
    "imageUrl": "http://i2.hdslb.com/bfs/archive/a4ab8095eccd16f08db2cf17f4828e23e5730803.jpg",
    "feedback": {
        "like": "0",
        "coin": "0",
        "star": "5",
        "share": "81"
    },
    "comments": [
        "第一。。"
    ],
    "tags": [
        "美食",
        "美食",
        "美食制作",
        "美食圈"
    ]
}