{
    "id": 10007383,
    "title": "片寄凉太安利向",
    "abstract": "图片均来源网络 不妥删",
    "authorId": 19418231,
    "uploadTime": 1492829842.0,
    "playCount": 12905,
    "commentCount": 16,
    "bulletCommentCount": 19,
    "imageUrl": "http://i1.hdslb.com/bfs/archive/f982cb56dd4d6c866b8971ed9f42435968132879.jpg",
    "feedback": {
        "like": "3",
        "coin": "43",
        "star": "134",
        "share": "95"
    },
    "comments": [
        "置顶如果需要里面的图片 可私信",
        "up主也是霹雳哦，好巧哦(=・ω・=)",
        "来了来了 表白片女士",
        "第一(°∀°)ﾉ",
        "wwwwwww"
    ],
    "tags": [
        "娱乐",
        "明星",
        "片寄涼太",
        "明星"
    ]
}