{
    "id": 10006735,
    "title": "【治愈】Hi Stranger-英文原音中文字幕",
    "abstract": "https://www.youtube.com/watch?v=nZvMdMjAQSk\n源地址：https://www.youtube.com/watch?v=nZvMdMjAQSk\n字幕：自制@奇爱艺术疗养院",
    "authorId": 104996148,
    "uploadTime": 1492827235.0,
    "playCount": 73332,
    "commentCount": 183,
    "bulletCommentCount": 338,
    "imageUrl": "http://i0.hdslb.com/bfs/archive/ce53085900e247ba6683cc903e15f65393d7751c.jpg",
    "feedback": {
        "like": "3170",
        "coin": "855",
        "star": "5684",
        "share": "2503"
    },
    "comments": [
        "感觉好暖，“他画我的时候我动都不敢动”",
        "是我太寂寞了吗？居然真的觉得很戳很感动啊",
        "我能说他的屁屁像旺仔小馒头吗。",
        "好喜欢他画我的时候那个眼神！",
        "Hi, Stranger. It’s been a while. I miss you. It’s OK. You can look my butt. I feel like I can really be vulnerable around you. Do you like this tree I made? Cool, right? I think it’s cool.It’s so hard to make things sometimes, you know. It just takes so much mental energy, and it’s so tired. I just want to stay here and relax with you.Wow, check out the sunset.So nice to stop, and take all this in.It makes you enjoy being alive.Even you.I love looking at you.I want remember all your shapes.Ah, beautiful.I’ve been thinking about you a lot lately. I see you trying to do so many things at once,worrying about the decisions you made,worrying that you said wrong things to someone.You’re so hard on yourself.But you’re wonderful, and worthy being loved.You really are.You just have to let yourself believe it.Well, I know you are busy, and probably have to go.But I’m glad to see you for a minute.I love you."
    ],
    "tags": [
        "动画",
        "短片·手书·配音",
        "治愈向",
        "治愈",
        "动画",
        "趣味"
    ]
}