{
    "id": 10006713,
    "title": "(小妖）超~巨大鲜奶芒果冰沙的一生",
    "abstract": "吃完胖三斤",
    "authorId": 18882630,
    "uploadTime": 1492826925.0,
    "playCount": 190,
    "commentCount": 10,
    "bulletCommentCount": 0,
    "imageUrl": "http://i0.hdslb.com/bfs/archive/4722bdbaaf1782e0a11a6394f094cc49cba9547b.jpg",
    "feedback": {
        "like": "0",
        "coin": "4",
        "star": "0",
        "share": "76"
    },
    "comments": [
        "吃完肚子痛三天",
        "小心再胃疼",
        "你去那吃的，我是andy",
        "一碗凉翔",
        "第一（￣▽￣）"
    ],
    "tags": [
        "甜点",
        "吃货",
        "美食",
        "美食",
        "美食测评",
        "日常",
        "美食圈",
        "美食视频",
        "吃完胖三斤系列",
        "巨好吃",
        "鲜奶芒果冰沙"
    ]
}