{
    "id": 10007604,
    "title": "lv supreme联名手机壳正版还没发售呢国内就烂大街 你会买这款lv手机壳吗【奢易拍出品】",
    "abstract": "若喜欢请帮我转发给我一个赞好吗？若不喜欢可以分享给别人 说不定别人喜欢呢？哈哈~有什么想说的可以给我留言哦~LV联名Supreme推出的手机壳你们谁已经在用了吗？不要暴露寄几哦～正品都还没有出国内就已经烂大街的手机壳咱们大中国呀假货真是多！造假商啊你可长点儿心吧",
    "authorId": 27821777,
    "uploadTime": 1492831464.0,
    "playCount": 3764,
    "commentCount": 8,
    "bulletCommentCount": 9,
    "imageUrl": "http://i0.hdslb.com/bfs/archive/1cd831be37eb2d4160ec99d756c62f0aedf1614b.jpg",
    "feedback": {
        "like": "3",
        "coin": "8",
        "star": "12",
        "share": "86"
    },
    "comments": [
        "感觉。。假的那个设计更安全啊",
        "????????????阿婆主我想问个问题，你去微博搜张韶涵手机壳…她也拿了这款我说有可能是假货还被**粉喷了…还有那个蓝色鳄鱼皮专柜和官网都没见过他们非要说是欧洲限量…",
        "我现在就去通知厂里的人改（￣▽￣）",
        "LV很少联名的东西呢",
        "我咋搜出来的淘宝款还都是硅胶的(ﾟДﾟ≡ﾟдﾟ)!?而且都不分开的，都是一体的～只能说我搜出来的更假啊～还不如视频里这个呢"
    ],
    "tags": [
        "奢侈品",
        "服饰",
        "时尚",
        "服饰",
        "时尚",
        "FASHION",
        "手机壳",
        "假货",
        "奢侈品鉴定",
        "lv",
        "Supreme",
        "lv supreme联名"
    ]
}