{
    "id": 10007750,
    "title": "QQ飞车郑老师解说：星际彩虹无宝石1.33跑法解说",
    "abstract": "QQ飞车郑老师解说：星际彩虹无宝石1.33跑法，QQ：469561959  群：367927531",
    "authorId": 88415388,
    "uploadTime": 1492830696.0,
    "playCount": 128,
    "commentCount": 0,
    "bulletCommentCount": 0,
    "imageUrl": "http://i2.hdslb.com/bfs/archive/82bcd6920730f55ba97fabcda413f4e2043648a7.jpg",
    "feedback": {
        "like": "3",
        "coin": "2",
        "star": "0",
        "share": "77"
    },
    "comments": [],
    "tags": [
        "QQ飞车",
        "游戏",
        "网络游戏",
        "电子竞技",
        "游戏",
        "网络游戏",
        "郑老师解说",
        "星际彩虹",
        "跑法",
        "郑老师"
    ]
}