{
    "id": 10007394,
    "title": "50年前的这部电影，打下了香港武侠片坚实的基础！",
    "abstract": "50年前的这部电影，打下了香港武侠片坚实的基础！",
    "authorId": 17221410,
    "uploadTime": 1492831123.0,
    "playCount": 36715,
    "commentCount": 170,
    "bulletCommentCount": 188,
    "imageUrl": "http://i2.hdslb.com/bfs/archive/a6c29b49c5b9e7f1f96ef8c9998f5425032cef3c.jpg",
    "feedback": {
        "like": "319",
        "coin": "217",
        "star": "75",
        "share": "78"
    },
    "comments": [
        "来考古的举个手(⌒▽⌒)",
        "有多少人最近关注up猪，然后从最后看到这个的？",
        "从头到尾一集不落都看完了，相当完美，点赞",
        "其实up挺厉害的呢~4月份到12月份   8个月就有了10万粉丝量~继续做下去绝对能大火",
        "倒着看完"
    ],
    "tags": [
        "影视",
        "影视杂谈",
        "香港电影",
        "电影",
        "邵氏",
        "影评杂谈",
        "武侠片"
    ]
}