{
    "id": 10006712,
    "title": "【SNH48】格子裙妖精（SNH48及姐妹团经典演出歌曲音乐）",
    "abstract": "SNH48\n【SNH48】格子裙妖精（SNH48及姐妹团经典演出歌曲音乐）",
    "authorId": 70548704,
    "uploadTime": 1492827259.0,
    "playCount": 938,
    "commentCount": 2,
    "bulletCommentCount": 1,
    "imageUrl": "http://i1.hdslb.com/bfs/archive/ad25b86ffe8507569b830e17601221e937908214.jpg",
    "feedback": {
        "like": "2",
        "coin": "1",
        "star": "14",
        "share": "94"
    },
    "comments": [
        "这个不是生日公演的吗",
        "我叉(=・ω・=)"
    ],
    "tags": [
        "SNH48",
        "音乐",
        "音乐综合",
        "明星",
        "内地音乐"
    ]
}