{
    "id": 10007110,
    "title": "3D动画直观演示火车发动机的工作原理_涨姿势了！_mda-hdtyf6tx877ems1i",
    "abstract": "百度视频\nhttps://rc.mbd.baidu.com/j1gimj7",
    "authorId": 96858706,
    "uploadTime": 1492830739.0,
    "playCount": 37650,
    "commentCount": 108,
    "bulletCommentCount": 233,
    "imageUrl": "http://i0.hdslb.com/bfs/archive/6dbf9ebafaec3e7056d600bec44d395be53c7e68.jpg",
    "feedback": {
        "like": "41",
        "coin": "16",
        "star": "648",
        "share": "99"
    },
    "comments": [
        "这就和矿场大卡车一个道理，通过一台或者两台内燃机带动发电机，在供应给电机驱动，普通的内燃机可没有这么大扭力，只能靠电机，一般都是3500马力起步，高的6000多马力也有，最大的浪费是刹车得能量，没法回收，因为太大了，只能通过电阻转化为热能再排掉。也有的，比如鼠式坦克也是这个原理。",
        "机械之美，几块金属拼到一起。加点油，就让比它大几倍的东西运动。",
        "一脸懵逼，就只知道好牛逼",
        "柴油机发电，带动发电机，发电机发的电带动大功率电机，完成行驶。",
        "这有什么好争的，不带发电机难道直传，带火车要多大扭力"
    ],
    "tags": [
        "机械",
        "知识",
        "野生技能协会",
        "发动机",
        "3D"
    ]
}