{
    "id": 10006917,
    "title": "【开箱】51单片机测试板开箱（Ydhxx出品）",
    "abstract": "教练我想学单片机原理，不要问我为什么",
    "authorId": 10975415,
    "uploadTime": 1492828018.0,
    "playCount": 531,
    "commentCount": 13,
    "bulletCommentCount": 4,
    "imageUrl": "http://i0.hdslb.com/bfs/archive/6eb3d1f85a20ed093e4b8cad9960f7296296ee8d.jpg",
    "feedback": {
        "like": "2",
        "coin": "4",
        "star": "4",
        "share": "77"
    },
    "comments": [
        "教练：我要是会还在这？(｀・ω・´)",
        "第一啊",
        "时隔三年，再次点开你的视频终于能看懂了",
        "随手关个门！！顺便焊上一个金钛合金钢板，然后把美国队长的盾拿来，在拿来当年女娲补天用的石头做成的钉子 接着拿把雷神锤，把美国队长的盾钉上，然后把齐天大胜的定海神针拿来，把它别儿在门上，然后倒上一桶岩浆，在用液氮淬火一下，拴上一条拴天链，拿锁锁上，在加个防撬锁装置，最后那液压机压一下。嗯！好了让我试试结不结实。拿出一把1000°刀“我砍”好吧它已经结实了！你们就别想进来了(･∀･)（滑稽）然而我在门外QAQ",
        "具体啥型号的单片机？多少钱？"
    ],
    "tags": [
        "编程",
        "野生技术协会",
        "技术宅",
        "知识",
        "野生技能协会",
        "制作",
        "学习",
        "教练我想学",
        "演示",
        "Ydhxx出品",
        "暗黑精灵z"
    ]
}