{
    "id": 10007721,
    "title": "【Jordan Clark】My Favorite Craft Supplies",
    "abstract": "youtube搬运\nhttps://www.youtube.com/watch?v=3nbqvOnloWI",
    "authorId": 12730937,
    "uploadTime": 1492830378.0,
    "playCount": 333,
    "commentCount": 1,
    "bulletCommentCount": 0,
    "imageUrl": "http://i1.hdslb.com/bfs/archive/d6c6f0912794615090fb331f9a51d3c174e952b1.jpg",
    "feedback": {
        "like": "0",
        "coin": "0",
        "star": "35",
        "share": "75"
    },
    "comments": [
        "好棒啊"
    ],
    "tags": [
        "手工",
        "生活",
        "手工",
        "制作",
        "设计",
        "手工制作",
        "爱用品"
    ]
}