{
    "id": 10007266,
    "title": "【闪点行动3赤色长河】骨灰难度攻略流程第六期——小心你的愿望...",
    "abstract": "第六关“小心你的愿望...”，建议捡友军提供的狙，子弹很少，省吃俭用是最重要的，保持低调，动作迅速，难度并不大。",
    "authorId": 23415007,
    "uploadTime": 1492830903.0,
    "playCount": 837,
    "commentCount": 4,
    "bulletCommentCount": 1,
    "imageUrl": "http://i2.hdslb.com/bfs/archive/f05797788c6313a72a2092c9e961f60addaeb00e.jpg",
    "feedback": {
        "like": "2",
        "coin": "4",
        "star": "9",
        "share": "77"
    },
    "comments": [
        "可以啊，无HUD",
        "这游戏前半段反恐，后半段反华。"
    ],
    "tags": [
        "单机游戏",
        "游戏",
        "单机游戏",
        "攻略",
        "游戏",
        "闪点行动",
        "高玩",
        "FPS",
        "最高难度流程攻略",
        "新人向",
        "闪点行动3"
    ]
}