{
    "id": 10007221,
    "title": "【日本广告】少女心是真 奈何童话是假",
    "abstract": "VMOVIES\n龙星凉 小狼狗",
    "authorId": 17615762,
    "uploadTime": 1492831954.0,
    "playCount": 13660,
    "commentCount": 37,
    "bulletCommentCount": 116,
    "imageUrl": "http://i0.hdslb.com/bfs/archive/7084cf6d3d3f5d5bee5a5fcbae34f8406ce2a10a.jpg",
    "feedback": {
        "like": "11",
        "coin": "22",
        "star": "277",
        "share": "295"
    },
    "comments": [
        "个人觉得不是意淫，bgm的歌词是心怀恋慕，但是觉得和喜欢的那个人不相称只能扭过头去对自己说谎。女主就是这种心境啊。看到男主和其他妹子在一起肯定失望啊就又退缩了。但是化妆水可以让你变成恋爱般的皮肤。就不用隐瞒心情了，会对自己有自信好好面对这种喜欢的感情。歌词里也是唱最后不要隐瞒了去表达。再说了男主也确实是对女主很好。并不是想象。。。",
        "想知道薯条怎么掉到头发上的",
        "？？？薯条是怎么掉到头发里的",
        "其实我现在的同桌迷之像凉凉！但是，很可惜，他没啥气质，颜再好也抵不过气质太差。",
        "每个猪猪女孩做过的梦"
    ],
    "tags": [
        "生活",
        "日常",
        "龙星凉",
        "日本广告",
        "肌研"
    ]
}