{
    "id": 10007632,
    "title": "极品飞车真人版 如今车道今犹在,不见当年老司机",
    "abstract": "youtube\n极品飞车真人版 如今车道今犹在,不见当年老司机",
    "authorId": 20657219,
    "uploadTime": 1492831930.0,
    "playCount": 85,
    "commentCount": 0,
    "bulletCommentCount": 0,
    "imageUrl": "http://i1.hdslb.com/bfs/archive/34c603b98d7d81cfaa7da75ca4c3614c7e8f471b.jpg",
    "feedback": {
        "like": "0",
        "coin": "0",
        "star": "0",
        "share": "74"
    },
    "comments": [],
    "tags": [
        "极品飞车",
        "生活",
        "日常",
        "老司机",
        "日常",
        "YOUTUBE搬运",
        "飙车"
    ]
}