{
    "id": 10007199,
    "title": "震惊！两位孪生兄弟竟然是为了。。。。",
    "abstract": "虐杀原形2A哥对抗A哥，第一次录视频，打的正常难度，我打的略菜，看A哥打A哥吧2333",
    "authorId": 13484287,
    "uploadTime": 1492829668.0,
    "playCount": 293,
    "commentCount": 11,
    "bulletCommentCount": 23,
    "imageUrl": "http://i1.hdslb.com/bfs/archive/271b0934995f7f5a77a8067a14674e55df0950a6.jpg",
    "feedback": {
        "like": "2",
        "coin": "11",
        "star": "4",
        "share": "66"
    },
    "comments": [
        "在此感谢绿色字幕君！",
        "你只缺一个好点的声卡←_←",
        "6666鸿麟第一个投稿",
        "想问up那什么a哥皮肤解锁条件太难了，有没有教程（特别是拿桶砸死几十个人那个人物在哪完成）",
        "超喜欢虐杀原形"
    ],
    "tags": [
        "单机游戏",
        "游戏",
        "单机游戏"
    ]
}