{
    "id": 10007461,
    "title": "送给正在打工上班的你",
    "abstract": "送给正在打工上班的你\n送给正在打工上班的你",
    "authorId": 97331744,
    "uploadTime": 1492833568.0,
    "playCount": 91,
    "commentCount": 0,
    "bulletCommentCount": 0,
    "imageUrl": "http://i0.hdslb.com/bfs/archive/c53ed51cd586e564596276e99f487d6aee549bfa.jpg",
    "feedback": {
        "like": "0",
        "coin": "0",
        "star": "2",
        "share": "70"
    },
    "comments": [],
    "tags": [
        "人文",
        "生活",
        "日常",
        "文化",
        "人类",
        "纪录片"
    ]
}