{
    "id": 10007103,
    "title": "【童年回忆】小时候看过的精彩国漫（特摄剧）（第四期）",
    "abstract": "【童年回忆】小时候看过的精彩国漫（第四期）（真人特摄篇）\n《铠甲勇士》《巴啦啦小魔仙》《战斗王EX》《蛋神奇踪》《爆丸小子》《金甲战士》《火力少年王》\n第一期：av9514475      第二期：av9607175\n第三期：av9729137      第五期:av10071819\n第六期:av10118559      \n第七期：av12370432",
    "authorId": 15390289,
    "uploadTime": 1492828833.0,
    "playCount": 22691,
    "commentCount": 198,
    "bulletCommentCount": 1458,
    "imageUrl": "http://i2.hdslb.com/bfs/archive/cea89965be50d808ef22a64462ca461e19fa53de.jpg",
    "feedback": {
        "like": "60",
        "coin": "137",
        "star": "564",
        "share": "172"
    },
    "comments": [
        "这些不是真人动画,这些是特摄剧。(╯°口°)╯(┴—┴",
        "真人版应该就不叫动漫叫特摄了吧?",
        "本期视频为真人版国漫OP&ED：《巴啦啦小魔仙》《金甲战士》《火力少年王》《蛋神奇踪》《爆丸小子》《战斗王ex》《铠甲勇士》     热门热门",
        "不久前刚重温完战斗王ex，谁说国产剧都是垃圾？真会跟风，火力爆丸魔仙哪个不及外国特摄",
        "我记得金甲战士有一集和最快最强16集一样是嘿嘿嘿(｀・ω・´)"
    ],
    "tags": [
        "巴啦啦小魔仙",
        "国创",
        "国产原创相关",
        "爆丸小子",
        "OP ED都很好听",
        "国漫",
        "国产动漫",
        "战斗王EX",
        "蛋神奇踪",
        "言言120",
        "真人版动漫"
    ]
}