{
    "id": 10007460,
    "title": "【红舞坊】翻跳美国红房子编舞超火性感舞蹈抽烟舞river",
    "abstract": "保定红舞坊金玲老师翻跳美国红房子编舞的抽烟舞\n请多多支持红舞坊！(ง •̀_•́)ง",
    "authorId": 15259983,
    "uploadTime": 1492831169.0,
    "playCount": 1633,
    "commentCount": 1,
    "bulletCommentCount": 3,
    "imageUrl": "http://i1.hdslb.com/bfs/archive/1af558a86c3a0a6cb3fca91ae5090cf28c408c8e.jpg",
    "feedback": {
        "like": "2",
        "coin": "1",
        "star": "5",
        "share": "80"
    },
    "comments": [
        "第一(￣3￣(｡･ω･｡)"
    ],
    "tags": [
        "爵士舞",
        "JAZZ",
        "翻跳",
        "街舞",
        "舞蹈",
        "街舞",
        "舞蹈",
        "性感",
        "river",
        "明星偶像",
        "美国红房子",
        "抽烟舞"
    ]
}