{
    "id": 10006978,
    "title": "[2015.06]林百欣中学合唱节比赛:《青春修炼手册》",
    "abstract": "1p是高一十二班的合唱节比赛视频，歌曲《青春修炼手册》，获得第一名。\n2p是在综合楼门前排练，快要比赛的时候。\n3p是在高一十二班教室门前排练，半小时后上场。\n尼萌是最棒的",
    "authorId": 9609160,
    "uploadTime": 1492829054.0,
    "playCount": 845,
    "commentCount": 4,
    "bulletCommentCount": 7,
    "imageUrl": "http://i0.hdslb.com/bfs/archive/9830036bed78cc814895d03759c8df44221f8114.jpg",
    "feedback": {
        "like": "6",
        "coin": "8",
        "star": "7",
        "share": "84"
    },
    "comments": [
        "( ´･ᴗ･` )",
        "",
        ""
    ],
    "tags": [
        "生活",
        "日常",
        "日常",
        "自制"
    ]
}