{
    "id": 10006810,
    "title": "罗一航-宫政cut甜2017",
    "abstract": "一段关于龙猫产生的爱情。",
    "authorId": 26359110,
    "uploadTime": 1492828773.0,
    "playCount": 2771,
    "commentCount": 1,
    "bulletCommentCount": 2,
    "imageUrl": "http://i2.hdslb.com/bfs/archive/024d1e7f75e4931b66965af3795ccd7c0ffcc2d2.jpg",
    "feedback": {
        "like": "4",
        "coin": "3",
        "star": "15",
        "share": "86"
    },
    "comments": [
        "表白政航"
    ],
    "tags": [
        "微电影",
        "短片",
        "影视",
        "短片",
        "青春",
        "小清新",
        "自制",
        "爱情",
        "同性",
        "电影剪辑",
        "文艺"
    ]
}