{
    "id": 10007150,
    "title": "【酒酒的手账】超快速Hobonichi小开箱+穿书衣新手小教程 | Hobonichi Unboxing|",
    "abstract": "第一次从hobonichi的官网购买~emaki真的特别适合春天呀！后半段是强行穿书衣小教程，给和我一样的新手做个参考~~\n——\n微博：@-苏酒酒-\nCamera：Iphone7 \nEditing: iMovie\nBGM: If (piano arrange)",
    "authorId": 2967673,
    "uploadTime": 1492829962.0,
    "playCount": 7653,
    "commentCount": 41,
    "bulletCommentCount": 31,
    "imageUrl": "http://i1.hdslb.com/bfs/archive/acf5f63d1fbf67fbe6bddd1e03d7f8ea5954db7c.jpg",
    "feedback": {
        "like": "4",
        "coin": "17",
        "star": "175",
        "share": "82"
    },
    "comments": [
        "求那张透明皮套的链接",
        "想问问妹子怎么从官网购买啊",
        "希望出一个怎么在hobo官网买书衣的视频哈哈哈一直想在官网买 但是不知道该怎么买。",
        "本子求链接qwq",
        "想问一下买的本芯从哪买的"
    ],
    "tags": [
        "手帐",
        "购物分享",
        "开箱",
        "手工",
        "生活",
        "手工",
        "新手向"
    ]
}