{
    "id": 10007463,
    "title": "流浪路边伤口严重腐烂的狗狗,救助后痊愈",
    "abstract": "http://www.365yg.com/item/6410504425579741698/\n流浪路边伤口严重腐烂的狗狗,救助后痊愈",
    "authorId": 73451626,
    "uploadTime": 1492830019.0,
    "playCount": 9613,
    "commentCount": 43,
    "bulletCommentCount": 172,
    "imageUrl": "http://i1.hdslb.com/bfs/archive/07e19179bafc988af5f4a74899851d7ede6aef17.jpg",
    "feedback": {
        "like": "5",
        "coin": "69",
        "star": "45",
        "share": "105"
    },
    "comments": [
        "狗狗在受伤的时候很容易发怒……这些人能冒着被咬的风险去救狗狗……真的很厉害……真的佩服他们……",
        "这些人就活该一生平安",
        "想知道深圳哪里有领养狗狗的地方",
        "一开始光看伤口没有看出多严重，直到两团棉花还是纱布全塞进伤口……不知道是被什么动物咬的还是别的原因，还好狗狗最后没事",
        "看到她们带走狗狗的时候好心酸，狗狗都不知发生了什么，辛好是这些人救了它，好人一生平安✺◟(∗❛ัᴗ❛ั∗)◞✺"
    ],
    "tags": [
        "印度",
        "动物圈",
        "汪星人",
        "动物圈",
        "救助流浪狗",
        "AnimalAid"
    ]
}