{
    "id": 10007145,
    "title": "妹子变大叔怪蜀黍",
    "abstract": "职场中，应该牢记一句话：最好的介绍人是自己。寄希望于别人，都是徒劳。\n（#-_-)┯━┯   (╯°口°)╯(┴—┴",
    "authorId": 29640443,
    "uploadTime": 1492831873.0,
    "playCount": 175,
    "commentCount": 1,
    "bulletCommentCount": 1,
    "imageUrl": "http://i0.hdslb.com/bfs/archive/d9db815755504aa8c00dd7dd843abcacd8b4ae34.jpg",
    "feedback": {
        "like": "0",
        "coin": "0",
        "star": "1",
        "share": "94"
    },
    "comments": [
        "开头这魔性的bgm.."
    ],
    "tags": [
        "枪神纪",
        "游戏",
        "电子竞技",
        "电子竞技",
        "枪神纪英雄觉醒",
        "这都是家当",
        "枪神纪中二日常",
        "枪神纪跑酷人"
    ]
}