{
    "id": 10007485,
    "title": "盈棚食品——川味美食DIY之凉拌三丝的制作方法",
    "abstract": "凉拌三丝是一道传统的汉族名菜。红绿白三色，鲜咸酸三味，软、脆、滑多种口感，清香爽口不腻。",
    "authorId": 33400615,
    "uploadTime": 1492830138.0,
    "playCount": 480,
    "commentCount": 1,
    "bulletCommentCount": 0,
    "imageUrl": "http://i2.hdslb.com/bfs/archive/f52b446e1fdc7fe7d7fa3edcba6e82166173227a.jpg",
    "feedback": {
        "like": "0",
        "coin": "2",
        "star": "14",
        "share": "51"
    },
    "comments": [
        "bgm..."
    ],
    "tags": [
        "美食",
        "美食",
        "美食制作",
        "美食圈"
    ]
}