{
    "id": 10007372,
    "title": "巅峰时刻195：我们都是远程狙击手 地图上没有一个地方是安全的",
    "abstract": "youtube\n巅峰时刻195：我们都是远程狙击手 地图上没有一个地方是安全的",
    "authorId": 92654539,
    "uploadTime": 1492829548.0,
    "playCount": 138,
    "commentCount": 0,
    "bulletCommentCount": 0,
    "imageUrl": "http://i0.hdslb.com/bfs/archive/6ccb74ce16582ee9f3c87e25d82e46ff9d6ff60e.jpg",
    "feedback": {
        "like": "1",
        "coin": "0",
        "star": "2",
        "share": "71"
    },
    "comments": [],
    "tags": [
        "英雄联盟",
        "游戏",
        "电子竞技",
        "电子竞技",
        "飞熊字幕组",
        "飞熊TV"
    ]
}