{
    "id": 10007506,
    "title": "（新人）快玩《坑人》30分钟",
    "abstract": "2333333333新人制作\n求关注\n求硬币\n呵呵呵呵",
    "authorId": 12024936,
    "uploadTime": 1492831347.0,
    "playCount": 34,
    "commentCount": 0,
    "bulletCommentCount": 2,
    "imageUrl": "http://i0.hdslb.com/bfs/archive/89864fd0116d75bdaa78523ccea48720e9fd266d.jpg",
    "feedback": {
        "like": "1",
        "coin": "5",
        "star": "3",
        "share": "72"
    },
    "comments": [],
    "tags": [
        "单机游戏",
        "游戏",
        "单机游戏",
        "游戏视频",
        "新人",
        "游戏"
    ]
}