{
    "id": 10007138,
    "title": "【血舞Crazy】我的世界地下空岛8 黄金裤衩",
    "abstract": "技能系统，BOSS系统，成就系统，装备系统，应有尽有，好玩不伤身！",
    "authorId": 9200046,
    "uploadTime": 1492830131.0,
    "playCount": 618,
    "commentCount": 2,
    "bulletCommentCount": 37,
    "imageUrl": "http://i2.hdslb.com/bfs/archive/eb3d694e54740cb7ace33f661203e39402bca0cf.jpg",
    "feedback": {
        "like": "23",
        "coin": "5",
        "star": "7",
        "share": "82"
    },
    "comments": [
        "sar",
        "sofa"
    ],
    "tags": [
        "我的世界",
        "游戏",
        "单机游戏",
        "生存",
        "Minecraft",
        "地下",
        "血舞",
        "mc"
    ]
}