{
    "id": 10007501,
    "title": "我爱TVB剧：1990-2008古装电视剧大全",
    "abstract": "今日头条 我爱TVB剧：1990-2008古装电视剧大全",
    "authorId": 36066638,
    "uploadTime": 1492830110.0,
    "playCount": 2959,
    "commentCount": 1,
    "bulletCommentCount": 24,
    "imageUrl": "http://i0.hdslb.com/bfs/archive/d754288dcace8115389999033cb8a5fe8a6648d5.jpg",
    "feedback": {
        "like": "15",
        "coin": "7",
        "star": "61",
        "share": "85"
    },
    "comments": [
        "万万没想到一直求而不得的歌在这找到了,真是高兴.谢谢!"
    ],
    "tags": [
        "音乐",
        "音乐综合",
        "90年代",
        "TVB剧",
        "粤语歌",
        "电视剧音乐"
    ]
}