{
    "id": 10007020,
    "title": "[油管转载]守望先锋太平洋职业锦标赛 BLK vs DTN - W1D1 Match 4 - OPC S1",
    "abstract": "https://gaming.youtube.com/channel/UC4pKt7WmuYEsfssbKdr_bLg#tab=2\n游戏：守望先锋\nyoutube台湾游戏解说",
    "authorId": 15989106,
    "uploadTime": 1492829584.0,
    "playCount": 44,
    "commentCount": 0,
    "bulletCommentCount": 0,
    "imageUrl": "http://i0.hdslb.com/bfs/archive/76d52293dfe5ce8b078c3f84fe40807ee454e4ad.jpg",
    "feedback": {
        "like": "0",
        "coin": "0",
        "star": "0",
        "share": "79"
    },
    "comments": [],
    "tags": [
        "守望先锋",
        "游戏",
        "电子竞技",
        "实况攻略",
        "电子竞技",
        "实况解说",
        "网络游戏",
        "电竞比赛",
        "Youtube搬运"
    ]
}