{
    "id": 10006998,
    "title": "极度恐慌2-又是另一个扫把星队员",
    "abstract": "2代优化明显比1代好的不知道哪去了",
    "authorId": 32368497,
    "uploadTime": 1492829097.0,
    "playCount": 60,
    "commentCount": 0,
    "bulletCommentCount": 1,
    "imageUrl": "http://i0.hdslb.com/bfs/archive/4d650db77b08055a49ab8d63cc3809fbeeed5dfd.jpg",
    "feedback": {
        "like": "0",
        "coin": "0",
        "star": "2",
        "share": "97"
    },
    "comments": [],
    "tags": [
        "单机游戏",
        "游戏",
        "单机游戏",
        "实况",
        "极度恐慌2",
        "F.E.A.R"
    ]
}