{
    "id": 10006849,
    "title": "【MAD/最初的眼泪/AngelBeats】音无结弦之时 立于浮华之世 （纪念曾经的泪水）",
    "abstract": "BGM:澤野弘之 - theDOGS\n当初看完ab，我是真的落泪了。也是我第一次为了番而流泪。\n时隔几年后的今天，我制造了这样一个MAD，可以算是为了自己的泪水 或者 为了AB 表示一份感动",
    "authorId": 5860530,
    "uploadTime": 1492828367.0,
    "playCount": 505,
    "commentCount": 8,
    "bulletCommentCount": 12,
    "imageUrl": "http://i2.hdslb.com/bfs/archive/71425c898b45a2a37e2ebb696e0a61292c77717f.jpg",
    "feedback": {
        "like": "1",
        "coin": "22",
        "star": "15",
        "share": "94"
    },
    "comments": [
        "我觉得bgm用得不太好。(个人认为)",
        "可以滴！(第一)",
        "绿豆糕到此一游w",
        "求收藏求硬币求关注辣，你们的支持是在下的动力！",
        "喵喵喵(=・ω・=)"
    ],
    "tags": [
        "MAD",
        "动画",
        "MAD·AMV",
        "MAD.AMV",
        "治愈向",
        "治愈",
        "立华奏",
        "剧情",
        "催泪向",
        "angel beats"
    ]
}