{
    "id": 10006928,
    "title": "【基德频道】选拔前的准备！真恋-寄语枫秋49",
    "abstract": "从医院尴尬的回来后已经过去了两周，恒逸和枫茜的关系开始稳定，恒逸也在帮助着枫茜准备着枫华少女的选拔赛！\n好看点个赞，喜欢加订阅噢！ 基德QQ粉丝群：519993666 基德直播飞机票：http://www.huomaotv.cn/6383",
    "authorId": 6713785,
    "uploadTime": 1492829415.0,
    "playCount": 33,
    "commentCount": 1,
    "bulletCommentCount": 0,
    "imageUrl": "http://i1.hdslb.com/bfs/archive/3a169e1acc20717c4471cc64cdf1ae9b35485aed.jpg",
    "feedback": {
        "like": "1",
        "coin": "0",
        "star": "2",
        "share": "79"
    },
    "comments": [
        "一楼～"
    ],
    "tags": [
        "单机游戏",
        "游戏",
        "单机游戏",
        "实况",
        "真恋",
        "基德",
        "真恋寄语枫秋",
        "基德KIDBOY",
        "KIDBOY",
        "JIDEKIDBOY",
        "姚枫怡",
        "郭恒逸"
    ]
}