{
    "id": 10007321,
    "title": "[FNAF SFM] Freddy & Friends - 弗莱迪的扫兴派对",
    "abstract": "作者：PhoenixKev   转自youtube：https://www.youtube.com/watch?v=RL7evnXMgoI\n原标题：[FNAF SFM] Freddy & Friends - Freddy the Partypooper",
    "authorId": 40663657,
    "uploadTime": 1492832020.0,
    "playCount": 20065,
    "commentCount": 31,
    "bulletCommentCount": 46,
    "imageUrl": "http://i2.hdslb.com/bfs/archive/d38565970fbf19c7f8083818018d54df1757b24f.jpg",
    "feedback": {
        "like": "102",
        "coin": "9",
        "star": "248",
        "share": "88"
    },
    "comments": [
        "唔额（￣▽￣）",
        "最后有毒",
        "伪·前排",
        "第三！",
        "弗雷迪：“我当时的内心是崩溃的。”"
    ],
    "tags": [
        "玩具熊的五夜后宫",
        "动画",
        "综合",
        "FNAF",
        "SFM",
        "搞笑玩具熊"
    ]
}