{
    "id": 10006954,
    "title": "欧皇日记（13）",
    "abstract": "深渊日记系列",
    "authorId": 27827511,
    "uploadTime": 1492827972.0,
    "playCount": 1166,
    "commentCount": 4,
    "bulletCommentCount": 15,
    "imageUrl": "http://i0.hdslb.com/bfs/archive/b2f3f9725d3db08038f84eca4d1f4cba69fdab52.png",
    "feedback": {
        "like": "0",
        "coin": "5",
        "star": "0",
        "share": "84"
    },
    "comments": [
        "(◍•̅ ȷ̫ •̅◍)我回这期吸  氤氲了",
        "表哥好",
        "前面的黑人日记还是不看了。直接来吸一波欧气。",
        "草嘞。氤氲。"
    ],
    "tags": [
        "DNF",
        "游戏",
        "网络游戏",
        "网络游戏",
        "不闪算我输"
    ]
}