{
    "id": 10007210,
    "title": "Mental Omega 3.3.1 TY's Tournament BO5 其三",
    "abstract": "https://www.youtube.com/watch?v=PDmhN8fNq4c\n中规中矩，稳稳当当。",
    "authorId": 2647081,
    "uploadTime": 1492829613.0,
    "playCount": 299,
    "commentCount": 1,
    "bulletCommentCount": 0,
    "imageUrl": "http://i1.hdslb.com/bfs/archive/a97c145c7293a2ca1a76fe314f05e4ee68f972b8.jpg",
    "feedback": {
        "like": "2",
        "coin": "0",
        "star": "4",
        "share": "73"
    },
    "comments": [
        "noob-pounding tournament"
    ],
    "tags": [
        "红色警戒",
        "游戏",
        "单机游戏",
        "心灵终结3",
        "PVP系列",
        "心灵终结 MENTAL OMEGA"
    ]
}