{
    "id": 10006814,
    "title": "早起的鸟儿没饭吃",
    "abstract": "早起的鸟儿没饭吃，家里的宝贝一年啦，膘肥体壮，我快饿疯啦",
    "authorId": 8766169,
    "uploadTime": 1492827739.0,
    "playCount": 156,
    "commentCount": 2,
    "bulletCommentCount": 0,
    "imageUrl": "http://i0.hdslb.com/bfs/archive/7cfc4b80a43bbcce36dc3025b75b279ceae15137.jpg",
    "feedback": {
        "like": "2",
        "coin": "2",
        "star": "3",
        "share": "86"
    },
    "comments": [
        "哈哈哈哈哈哈哈哈哈哈哈哈哈哈哈哈哈哈哈哈哈",
        "和我一样 一口吃的都没有 饿死了"
    ],
    "tags": [
        "吃货",
        "美食",
        "美食",
        "美食测评",
        "自制",
        "美食圈",
        "日常",
        "生活",
        "宝贝一岁啦",
        "膘肥体壮",
        "真的好饿"
    ]
}