{
    "id": 10007783,
    "title": "4月21日 16-17赛季欧联杯四分之一决赛次回合 曼联VS安德莱赫特",
    "abstract": "天下足球网\n16-17赛季欧联杯四分之一决赛次回合 曼联VS安德莱赫特",
    "authorId": 2999323,
    "uploadTime": 1492831420.0,
    "playCount": 461,
    "commentCount": 4,
    "bulletCommentCount": 1,
    "imageUrl": "http://i1.hdslb.com/bfs/archive/010765076d7ef09985fbf28e2102c11e9d2d2b3d.jpg",
    "feedback": {
        "like": "2",
        "coin": "6",
        "star": "7",
        "share": "93"
    },
    "comments": [
        "曼联踢得太纠结了",
        "虽然看了直播了不过还是感谢，这场踢得有够纠结的",
        "良心up主",
        "支持啊"
    ],
    "tags": [
        "曼联",
        "足球",
        "体育",
        "运动",
        "篮球·足球",
        "运动",
        "安德莱赫特",
        "欧联杯"
    ]
}