{
    "id": 10007565,
    "title": "风暴英雄4.26新英雄线索",
    "abstract": "源：twitter.com/blizzheroesde/status/855541658934431744\np2为手机录屏 手机没法下视频 只能录屏了 音质不咋地\np1也是录屏....",
    "authorId": 196340,
    "uploadTime": 1492829690.0,
    "playCount": 14964,
    "commentCount": 111,
    "bulletCommentCount": 10,
    "imageUrl": "http://i1.hdslb.com/bfs/archive/3356052bbcd41621ac7033c4c4321531bbc1257b.jpg",
    "feedback": {
        "like": "0",
        "coin": "4",
        "star": "14",
        "share": "89"
    },
    "comments": [
        "官方消息是女性，看这抓痕和呼吸，我投奥妮克希亚一票，感受奥妮克希亚深深吸了一口气的恐惧吧(°∀°)ﾉ",
        "这声音！这爪痕！让我记起了被深呼吸支配的恐惧",
        "那个爪痕好像是莉亚波罗留下的，皮肤里的彩蛋，源氏击杀了他以后会说:“恶魔，离花村远一点”",
        "你们干脆把魔兽里的龙全说一遍算了  这明明是暗示侏罗纪公园即将在花村上映",
        "奥妮克希亚"
    ],
    "tags": [
        "风暴英雄",
        "游戏",
        "电子竞技",
        "电子竞技"
    ]
}