{
    "id": 10007513,
    "title": "小麻瓜【奥拉星】——诅咒之神平民过.BGM:Acreicx",
    "abstract": "23333333333",
    "authorId": 52852596,
    "uploadTime": 1492831182.0,
    "playCount": 223,
    "commentCount": 2,
    "bulletCommentCount": 2,
    "imageUrl": "http://i1.hdslb.com/bfs/archive/2f75d43bb3cc91d44e5df98620e27267f602b7d2.jpg",
    "feedback": {
        "like": "1",
        "coin": "0",
        "star": "2",
        "share": "63"
    },
    "comments": [
        "诅咒是啥效果啊",
        "还好吧"
    ],
    "tags": [
        "游戏",
        "单机游戏",
        "攻略",
        "游戏"
    ]
}