{
    "id": 10006687,
    "title": "【东星】跑酷者们让我们一起狂欢",
    "abstract": "哈？你死什么？画质辣鸡？不，低调=-=",
    "authorId": 29640443,
    "uploadTime": 1492827701.0,
    "playCount": 344,
    "commentCount": 3,
    "bulletCommentCount": 5,
    "imageUrl": "http://i0.hdslb.com/bfs/archive/65f413b394e568b9eafab2a792e0ff63b46319d6.jpg",
    "feedback": {
        "like": "0",
        "coin": "1",
        "star": "4",
        "share": "81"
    },
    "comments": [
        "( ´_ゝ｀)看到母猴这身体就完全没心思打了",
        "哈哈哈",
        "66666666"
    ],
    "tags": [
        "枪神纪",
        "游戏",
        "网络游戏",
        "枪神纪跑酷",
        "枪神纪英雄觉醒"
    ]
}