{
    "id": 10007390,
    "title": "两大才女翻唱梦龙Imagine Dragons热单《Believer》",
    "abstract": "YouTube链接https://www.youtube.com/watch?v=wByS7g2DJKM&t=0s\n独立民谣乐团Facing West翻唱梦龙Imagine Dragons热单《Believer》,铿锵有力的嗓音里蕴含着大能量，吉他与班卓琴的交相辉映，为曲子增添了复古清新的气息，两位大才女将这首励志单曲演绎得超赞！",
    "authorId": 99581577,
    "uploadTime": 1492829456.0,
    "playCount": 32751,
    "commentCount": 30,
    "bulletCommentCount": 56,
    "imageUrl": "http://i2.hdslb.com/bfs/archive/3b18282b613ee1afdcaae28e4bce90a48b86cdea.jpg",
    "feedback": {
        "like": "267",
        "coin": "67",
        "star": "748",
        "share": "135"
    },
    "comments": [
        "还是感觉梦龙那句pian更有感觉(=・ω・=)",
        "有毒，感觉可以循环",
        "这个音色好特别",
        "硬生生变成乡村????",
        "音画不同？？？"
    ],
    "tags": [
        "英文翻唱",
        "欧美音乐",
        "翻唱",
        "音乐",
        "翻唱",
        "外语翻唱",
        "YOUTUBE搬运",
        "COVER",
        "耳朵怀孕",
        "欧美翻唱",
        "Imagine Dragons"
    ]
}