{
    "id": 10007353,
    "title": "Ken&Chompoo，2017年历拍摄幕后花絮报道--SSBT，20161010",
    "abstract": "CH3\nKen&Chompoo，2017年历拍摄幕后花絮",
    "authorId": 95349449,
    "uploadTime": 1492829806.0,
    "playCount": 3210,
    "commentCount": 4,
    "bulletCommentCount": 1,
    "imageUrl": "http://i2.hdslb.com/bfs/archive/a61f5d6e46ac4d426de1638aaf3a5c0061ecbe70.jpg",
    "feedback": {
        "like": "3",
        "coin": "1",
        "star": "14",
        "share": "75"
    },
    "comments": [
        "444444444",
        "333333",
        "22222222",
        "第一！"
    ],
    "tags": [
        "娱乐",
        "明星",
        "明星",
        "2017年历",
        "Ken",
        "Chompoo",
        "丘比特八部曲",
        "我的撒旦总裁"
    ]
}