{
    "id": 10007431,
    "title": "【玛丽苏】【霸道总裁爱上我】成勋宋智恩kiss",
    "abstract": "优酷\n焦急的罗曼史",
    "authorId": 35461250,
    "uploadTime": 1492829910.0,
    "playCount": 19959,
    "commentCount": 16,
    "bulletCommentCount": 36,
    "imageUrl": "http://i2.hdslb.com/bfs/archive/394f73b9c10b632cc804240070730b51303a5168.jpg",
    "feedback": {
        "like": "4",
        "coin": "7",
        "star": "69",
        "share": "98"
    },
    "comments": [
        "求女主唇膏同款，竟然不掉色",
        "这部剧叫什么",
        "(⌒▽⌒)",
        "滴，老人卡",
        "^ _ ^"
    ],
    "tags": [
        "影视",
        "影视剪辑",
        "玛丽苏大作",
        "霸道总裁爱上我",
        "KISS KISS KISS"
    ]
}