{
    "id": 10006699,
    "title": "英雄赛尔，智慧童年。乾杯-",
    "abstract": "英雄赛尔，智慧童年。乾杯-",
    "authorId": 34919355,
    "uploadTime": 1492827482.0,
    "playCount": 24,
    "commentCount": 0,
    "bulletCommentCount": 4,
    "imageUrl": "http://i2.hdslb.com/bfs/archive/e04afd8cfc707f4bbe15307224876fbd1759cc9b.png",
    "feedback": {
        "like": "0",
        "coin": "0",
        "star": "0",
        "share": "67"
    },
    "comments": [],
    "tags": [
        "GMV",
        "游戏",
        "GMV",
        "游戏"
    ]
}