{
    "id": 10007396,
    "title": "虎式坦克场景，地台制作技巧",
    "abstract": "https://www.youtube.com/watch?v=pD2iTTaSgdE\n1944 南部法国小镇",
    "authorId": 105232346,
    "uploadTime": 1492829958.0,
    "playCount": 2849,
    "commentCount": 4,
    "bulletCommentCount": 0,
    "imageUrl": "http://i1.hdslb.com/bfs/archive/0b6431010129920481578a7fe97e468c03e8a48e.jpg",
    "feedback": {
        "like": "5",
        "coin": "7",
        "star": "57",
        "share": "82"
    },
    "comments": [
        "这个教程一点用都没有 都是图片谁知道咋做的",
        "评论呢。。。",
        "(=・ω・=)(=・ω・=)(=・ω・=)(=・ω・=)",
        "一。。"
    ],
    "tags": [
        "模型制作",
        "模型",
        "手工",
        "生活",
        "手工",
        "YOUTUBE搬运",
        "自制",
        "制作教程",
        "制作",
        "艺术",
        "Youtube搬运"
    ]
}