{
    "id": 10007703,
    "title": "弱音学姐实在是太可爱了~",
    "abstract": "本来想帧率60来的但是时间不够ww \n下次弱音姐姐的トキヲ・ファンカ再试试看吧\n模型：sceneryQAQ\n动作：ikirui\n镜头：manabu\nmme：そぼろ；化身バレッタ\n场景：BTA/kerolin jo\nBGM来自av1672228",
    "authorId": 7203911,
    "uploadTime": 1492830529.0,
    "playCount": 4633,
    "commentCount": 41,
    "bulletCommentCount": 28,
    "imageUrl": "http://i2.hdslb.com/bfs/archive/2436a2d342c6073b15020dd5c59646f33c9a8381.png",
    "feedback": {
        "like": "5",
        "coin": "46",
        "star": "944",
        "share": "82"
    },
    "comments": [
        "弱音学姐没有露出胸口差评(=・ω・=)",
        "一加上学姐这个关键词后，瞬间感到萌意大发",
        "为什么弱音总是这么可爱(๑• . •๑)",
        "(°∀°)ﾉ",
        "问bgm的绅士们你们暴露了(⌒▽⌒)"
    ],
    "tags": [
        "弱音HAKU",
        "动画",
        "MMD·3D",
        "MMD.3D",
        "舞蹈MMD",
        "TDA式",
        "弱音ハク",
        "弱音MMD"
    ]
}