{
    "id": 10007187,
    "title": "【张艺兴】Dream it possible  当你的梦想成真，你是不可阻挡",
    "abstract": "你说：“我的梦想是带领华语音乐走向全世界。”\n\n你也说过：“很多梦想都是从好笑开始的。”\n\n希望你能够实现梦想，一切安好。\n\n封面来自@最乌",
    "authorId": 33977494,
    "uploadTime": 1492829876.0,
    "playCount": 650,
    "commentCount": 10,
    "bulletCommentCount": 13,
    "imageUrl": "http://i1.hdslb.com/bfs/archive/ab3fb9ae665515e53181452bcfbe8d8150c7f8a4.jpg",
    "feedback": {
        "like": "3",
        "coin": "22",
        "star": "20",
        "share": "82"
    },
    "comments": [
        "最美的是红红，最红的也是红红~~",
        "我最爱的10号少年啊 以后也一直走下去吧",
        "第一承包艺兴",
        "熬夜是值得的",
        "先评论再看"
    ],
    "tags": [
        "张艺兴",
        "娱乐",
        "明星",
        "明星"
    ]
}