{
    "id": 10006921,
    "title": "Travis Atreo - Somehow (Official Audio)",
    "abstract": "つ 官方音频つ  Somehow\n演唱者：Travis Atreo\n油管：https://youtu.be/qx3DS1oA2VY\nSupport his Patreon! http://Patreon.com/TravisAtreo\nBuy this cover: coming soon!",
    "authorId": 3676801,
    "uploadTime": 1492831760.0,
    "playCount": 710,
    "commentCount": 27,
    "bulletCommentCount": 4,
    "imageUrl": "http://i0.hdslb.com/bfs/archive/bad14d3d0b943ebe11362f084952ca44778a76a1.jpg",
    "feedback": {
        "like": "3",
        "coin": "11",
        "star": "27",
        "share": "85"
    },
    "comments": [
        "为啥他不火呀，之前听他的closer超级好听，希望网易云能有他的歌听！",
        "楼主能分享一下音频格式吗？想做个铃声~~",
        "up主！能求个音频吗？我邮箱是1976463587@qq.com  爱您！！",
        "up主能发一下歌词吗，想学着唱一下",
        "(=・ω・=)"
    ],
    "tags": [
        "英文翻唱",
        "翻唱",
        "音乐",
        "翻唱",
        "外语翻唱",
        "YOUTUBE搬运",
        "TRAVIS ATREO"
    ]
}