{
    "id": 10007768,
    "title": "[DNF]气功日常深渊",
    "abstract": "嗜血之盟靴子 逆天命-无归 嗜血之盟胸甲 \n一般 \n嗜血之盟3了_(:3」∠)_\n如果喜欢的话 投个币收个藏\n有兴趣的话来支持下我的直播\nhttps://live.bilibili.com/2066943\n谢谢了\n",
    "authorId": 24835485,
    "uploadTime": 1492831043.0,
    "playCount": 54,
    "commentCount": 0,
    "bulletCommentCount": 0,
    "imageUrl": "http://i1.hdslb.com/bfs/archive/6ce4e9803564c711a7c2278e06277d0ade25d828.png",
    "feedback": {
        "like": "0",
        "coin": "0",
        "star": "2",
        "share": "70"
    },
    "comments": [],
    "tags": [
        "DNF",
        "游戏",
        "网络游戏",
        "网络游戏",
        "地下城与勇士"
    ]
}