{
    "id": 10007286,
    "title": "【人民的名义】1-2集看点",
    "abstract": "为纠结要不要看的朋友准备的。\nbgm:熊猫人永不为奴",
    "authorId": 6863653,
    "uploadTime": 1492828889.0,
    "playCount": 211,
    "commentCount": 2,
    "bulletCommentCount": 2,
    "imageUrl": "http://i0.hdslb.com/bfs/archive/4bf7372cfb10d93e1eae3f185186b7cb0a22504b.jpg",
    "feedback": {
        "like": "0",
        "coin": "1",
        "star": "2",
        "share": "66"
    },
    "comments": [
        "卧槽，这都可以",
        "第一，"
    ],
    "tags": [
        "影视",
        "影视剪辑",
        "人民的名义"
    ]
}