{
    "id": 10006943,
    "title": "【流泪】赛尔号 光明异能王 圣世之光·奥尔德展示",
    "abstract": "账号提供 卡尔  别说我托更，你们找他。他拖的比我还久= =",
    "authorId": 28539017,
    "uploadTime": 1492827933.0,
    "playCount": 4650,
    "commentCount": 45,
    "bulletCommentCount": 11,
    "imageUrl": "http://i1.hdslb.com/bfs/archive/9a6135c8ad982f5cf07affc1c89ff70c267eed6f.jpg",
    "feedback": {
        "like": "8",
        "coin": "13",
        "star": "6",
        "share": "81"
    },
    "comments": [
        "不听不听蛤蟆念经",
        "这奥尔德刷法好怂╯▂╰",
        "这个氪金大概需要多少钱？进化会消耗原来奥尔德吗？",
        "体力学习力可以加血吗",
        "994   以前都没有超过400的  醉了"
    ],
    "tags": [
        "赛尔号",
        "游戏",
        "网络游戏",
        "网络游戏",
        "什么鬼",
        "BMG好评",
        "幼女战记",
        "刚好遇见你",
        "借号",
        "圣世之光·奥尔德",
        "光明异能王"
    ]
}