{
    "id": 10007036,
    "title": "【凤凰视频租】Above the sky",
    "abstract": "Infinite Flight 787&777\n喜欢的画就投币+收藏哦\n请多多关注UP主\n每周不定期更新\n～未经允许严谨转载～",
    "authorId": 89851848,
    "uploadTime": 1492828708.0,
    "playCount": 93,
    "commentCount": 0,
    "bulletCommentCount": 0,
    "imageUrl": "http://i0.hdslb.com/bfs/archive/78fbbe8951ad94dc067efa526bd66754e56ad672.jpg",
    "feedback": {
        "like": "2",
        "coin": "0",
        "star": "0",
        "share": "69"
    },
    "comments": [],
    "tags": [
        "单机游戏",
        "游戏",
        "手机游戏",
        "手机游戏",
        "无限飞行"
    ]
}