{
    "id": 10006981,
    "title": "101st AIRBORNE美国陆军101空降突击师",
    "abstract": "YouTube搬运",
    "authorId": 21345077,
    "uploadTime": 1492828789.0,
    "playCount": 593,
    "commentCount": 0,
    "bulletCommentCount": 1,
    "imageUrl": "http://i0.hdslb.com/bfs/archive/21672c7c672140be18c2116e2a3f1fb6b6b67bcf.jpg",
    "feedback": {
        "like": "0",
        "coin": "1",
        "star": "11",
        "share": "75"
    },
    "comments": [],
    "tags": [
        "美军",
        "美国",
        "短片",
        "生活",
        "日常",
        "音乐",
        "原创",
        "BGM",
        "日常",
        "剪辑",
        "美国陆军",
        "101空降师"
    ]
}