{
    "id": 10007220,
    "title": "【初音ミク】替身人偶【DECO*27】",
    "abstract": "sm8712009\n假装这是新曲，假装自己抢了个大稿。\n2009年11月04日 21:02投稿    目前再生265,429\nDECO*27です。\n\n■mylist/9850666\n■http://deco27.com/\n■http://twitter.com/deco27\n\n■イラスト：たかひさん　http://piapro.jp/content/teibkql5x6bpaoev",
    "authorId": 2518541,
    "uploadTime": 1492828686.0,
    "playCount": 993,
    "commentCount": 32,
    "bulletCommentCount": 7,
    "imageUrl": "http://i2.hdslb.com/bfs/archive/51d89ec7f3efd102f4df8fdc689b01b54e021c09.jpg",
    "feedback": {
        "like": "27",
        "coin": "8",
        "star": "130",
        "share": "78"
    },
    "comments": [
        "哦哦，是DECO新曲！！(笑)补档感谢，辛苦了(｡･ω･｡)",
        "然后还是没人【不是【感谢补档】",
        "新曲 23333",
        "(°∀°)感谢补档，当初的Deco爸毒性还是很强",
        "假装自己上了热评"
    ],
    "tags": [
        "初音未来",
        "VOCALOID",
        "虚拟歌手",
        "音乐",
        "VOCALOID·UTAU",
        "DECO*27",
        "初音ミク"
    ]
}