{
    "id": 10007763,
    "title": "LCK Mic Check - SKT vs KT (生肉)",
    "abstract": "https://www.youtube.com/watch?v=z8aGAORfB7U\nLeague of Legends",
    "authorId": 21056945,
    "uploadTime": 1492830759.0,
    "playCount": 401,
    "commentCount": 0,
    "bulletCommentCount": 0,
    "imageUrl": "http://i2.hdslb.com/bfs/archive/50dde1f093e93192ea3e49769a43885f3f6c5b22.jpg",
    "feedback": {
        "like": "0",
        "coin": "0",
        "star": "2",
        "share": "84"
    },
    "comments": [],
    "tags": [
        "电竞赛事",
        "英雄联盟",
        "游戏",
        "电子竞技",
        "电子竞技",
        "游戏赛事",
        "网络游戏",
        "游戏视频"
    ]
}