{
    "id": 10007719,
    "title": "【元气骑士】强行通关？炼金术士破旧的小手枪通关（20170422）",
    "abstract": "这期和上期一样还是炼金术士的通关。（虽然上期一个弹幕也没-_-）不同的是这期加了UP主的骚声音解说。有点感冒所以有点鼻音。(◔◡◔)人声有点小我也不知道怎么搞。大家麻烦声音开大些。感谢收看啦！",
    "authorId": 2492357,
    "uploadTime": 1492832654.0,
    "playCount": 3951,
    "commentCount": 13,
    "bulletCommentCount": 29,
    "imageUrl": "http://i0.hdslb.com/bfs/archive/9f8dc44c8136ce7234494dce20a4b01b9ccd449b.jpg",
    "feedback": {
        "like": "23",
        "coin": "39",
        "star": "17",
        "share": "68"
    },
    "comments": [
        "给5楼吃点摇头丸，让他头摇的门烂。",
        "关上前五的大门:D",
        "考古。",
        "考古……",
        "第一!!!(°∀°)ﾉ"
    ],
    "tags": [
        "元气骑士",
        "单机游戏",
        "游戏",
        "手机游戏",
        "手机游戏",
        "游戏",
        "教学",
        "演示",
        "通关",
        "结尾爆炸"
    ]
}