{
    "id": 10007572,
    "title": "不要怕，一、二、三、四、五， 不要怕",
    "abstract": "一、二、三、四、五，不要怕——玥玥\n关于梦想，不要怕，別观望，走下去",
    "authorId": 18700766,
    "uploadTime": 1492831446.0,
    "playCount": 29,
    "commentCount": 0,
    "bulletCommentCount": 0,
    "imageUrl": "http://i2.hdslb.com/bfs/archive/ba7e2d14c9b3769cf46dd09e5522276c2e6847da.jpg",
    "feedback": {
        "like": "1",
        "coin": "0",
        "star": "0",
        "share": "82"
    },
    "comments": [],
    "tags": [
        "生活",
        "日常",
        "励志",
        "论BGM的重要性",
        "日常",
        "自制"
    ]
}