{
    "id": 10007128,
    "title": "上海学街舞的地方",
    "abstract": "上海学街舞的地方\n上海DOSHOP舞蹈培训中心公众号Dos-hop",
    "authorId": 18912223,
    "uploadTime": 1492830895.0,
    "playCount": 26,
    "commentCount": 0,
    "bulletCommentCount": 0,
    "imageUrl": "http://i2.hdslb.com/bfs/archive/6f18dc2e498d85879ba92fdf70b89f29c1e5d6a7.jpg",
    "feedback": {
        "like": "0",
        "coin": "0",
        "star": "0",
        "share": "65"
    },
    "comments": [],
    "tags": [
        "街舞",
        "舞蹈",
        "街舞",
        "舞蹈",
        "日常",
        "舞蹈培训中心",
        "上海学街舞的地方",
        "doshop"
    ]
}