{
    "id": 10007207,
    "title": "【TsuBaKi】东方妖妖梦主题CD《妖-AYAKASHI》全碟试听XFD【东方project】",
    "abstract": "国人东方音乐社团TsuBaKi 3rd album《妖-AYAKASHI》CP20首发，摊位号：M47\nSong list：\n1. 幻想コンチェルト \n2. 今昔百鬼夜行\n3. はかなき夢ぞ命なりける\n4. 浮き世タンゴ\n5. 葬桜\n6. 終焉の絆\nStaff list：Panda_澤、艾斯褲裡衣母、litterzy、HiKARiA、Napoleon、綾辻ゆき、ManicKillian、柴田ひつじ、流月Ryutsuki、哈哈、静翎、Renka、みぃ、KiTA、酱油",
    "authorId": 100269,
    "uploadTime": 1492858808.0,
    "playCount": 2995,
    "commentCount": 38,
    "bulletCommentCount": 32,
    "imageUrl": "http://i1.hdslb.com/bfs/archive/34e8178267d035335f6749a926d5ab1afd4cfbd4.jpg",
    "feedback": {
        "like": "27",
        "coin": "293",
        "star": "271",
        "share": "89"
    },
    "comments": [
        "CP20摊位号【M47】TsuBaKi***：367262121官博@TsuBaKi_Official",
        "千年组！！！！(激动",
        "关上前五的大门！",
        "ฅ( ̳• ·̫ • ̳) 喵",
        "所以第5，6首是在预定送的cd里吗？"
    ],
    "tags": [
        "同人音乐",
        "摇滚",
        "原创歌曲",
        "音乐",
        "原创音乐",
        "东方PROJECT",
        "西行寺幽幽子",
        "国人原创",
        "原创",
        "东方妖妖梦",
        "魂魄妖梦",
        "东方project",
        "TsuBaKi"
    ]
}