{
    "id": 10007568,
    "title": "【Ciri实况】塞尔达传说荒野之息 全种子收集/试炼之祠解谜 Part.7",
    "abstract": "【塞尔达传说-荒野之息】  900克罗古种子收集 120试练之祠解谜",
    "authorId": 10883620,
    "uploadTime": 1492832112.0,
    "playCount": 310,
    "commentCount": 0,
    "bulletCommentCount": 0,
    "imageUrl": "http://i0.hdslb.com/bfs/archive/3bff1b57c868b9b50b575cbcaf7dd14858d19693.jpg",
    "feedback": {
        "like": "0",
        "coin": "0",
        "star": "4",
        "share": "78"
    },
    "comments": [],
    "tags": [
        "塞尔达传说",
        "游戏",
        "单机游戏",
        "塞尔达传说：荒野之息",
        "荒野之息"
    ]
}