{
    "id": 10006794,
    "title": "流浪乞丐在舞台唱《海阔天空》，台上歌手都不得不服",
    "abstract": "网络 流浪乞丐在舞台唱《海阔天空》，台上歌手都不得不服",
    "authorId": 105235395,
    "uploadTime": 1492827361.0,
    "playCount": 79527,
    "commentCount": 72,
    "bulletCommentCount": 216,
    "imageUrl": "http://i0.hdslb.com/bfs/archive/bce42c38d8e5bb6f4608a2434235fdc486786f79.jpg",
    "feedback": {
        "like": "30",
        "coin": "39",
        "star": "490",
        "share": "215"
    },
    "comments": [
        "陈华建，1997年同女朋友一同考入中央音乐学院，他与女朋友青梅竹马，在初中就开始在一起。然而造化弄人，父亲在一次生意中赔的血本无归，并欠下了巨额高利贷，走投无路自杀了，母亲终日以泪洗面，最终抑郁成疾，也去世了！原本优越的家境变得贫寒，这时与自己私定终身的女友提出了分手，还说当时跟他在一起只是为了他家优越的条件，第二天他就发现女朋友被校外豪车接走。一连串的打击终于让他精神崩溃，从此流浪街头。",
        "一身的故事",
        "有故事的人啊",
        "看到了吧，这就是玩音乐的下场",
        "这音准这节奏，我觉得我可以去捡垃圾了"
    ],
    "tags": [
        "开口跪",
        "生活",
        "日常",
        "歌曲"
    ]
}