{
    "id": 10007660,
    "title": "【AMV/燃向/综漫/衔接/电音/】白刃相接破次元，刀光剑影斩苍穹",
    "abstract": "BGM：Mich - Skyland(纯音乐版)\n素材：黑岩射手 RWBY 学战都市 无限传说 神不在的星期天 漆黑的子弹 FGO 刀剑神域 斩赤红之瞳 罪恶王冠 空之境界 BLOOD-C 命运石之门 aldnoah zero 幻界战线 织田信奈的野望 夏洛特 K 斩服少女 黑之契约者 金钱掌控C 东京食尸鬼落第骑士英雄谭 素材过多，剩下在评论区说~！重复不打，实在不知道，评论区留言~！\n第二十次视频，喜欢的关注一下我，喜欢视频的送一下硬币，收藏也是对我最大的支持！有经济的粉丝可以给我充一电~！",
    "authorId": 38088739,
    "uploadTime": 1492830371.0,
    "playCount": 22993,
    "commentCount": 79,
    "bulletCommentCount": 194,
    "imageUrl": "http://i0.hdslb.com/bfs/archive/9947c7b91adb81100dafdf4625ca783787f13cf9.jpg",
    "feedback": {
        "like": "42",
        "coin": "420",
        "star": "1406",
        "share": "222"
    },
    "comments": [
        "突然投稿 不知所错",
        "见炮滚重要的事情说三遍见炮滚见炮滚见炮滚",
        "削子弹就服我桐人",
        "最爱一刀",
        "看到老婆我就进来了。可是发现不止一个老婆 怎么办我老婆打起来怎么办(｡ì _ í｡)"
    ],
    "tags": [
        "野良神",
        "罪恶王冠",
        "动画",
        "MAD·AMV",
        "燃向混剪",
        "多素材",
        "黑岩射手",
        "Fate/stay night",
        "高燃",
        "燃向",
        "综漫",
        "吾王"
    ]
}