{
    "id": 10007269,
    "title": "2017黄金风暴联赛春季赛 第二周",
    "abstract": "2017黄金风暴联赛春季赛 第二周",
    "authorId": 82483195,
    "uploadTime": 1492829892.0,
    "playCount": 1128,
    "commentCount": 7,
    "bulletCommentCount": 53,
    "imageUrl": "http://i1.hdslb.com/bfs/archive/1e30019486014903fb067946bcce02b91e1407ca.png",
    "feedback": {
        "like": "0",
        "coin": "8",
        "star": "8",
        "share": "69"
    },
    "comments": [
        "作为工作号，你们网易暴雪上传的速度太慢了。",
        "欧美和韩国的什么时候能看啊，萌新想学套路(▔□▔)/",
        "刚说没有第二周就来了",
        "先传三再传二。。。"
    ],
    "tags": [
        "风暴英雄",
        "游戏",
        "电子竞技",
        "电子竞技",
        "黄金风暴联赛",
        "风暴"
    ]
}