{
    "id": 10006909,
    "title": "【恶搞向】任天堂1DS宣传视频(大雾特雾)",
    "abstract": "https://youtu.be/sFe__XAwJok\n原标题：Nintendo 1DS Announcement!\n低配，即是正义，这就是任天堂(笑)。",
    "authorId": 33202778,
    "uploadTime": 1492828614.0,
    "playCount": 412,
    "commentCount": 4,
    "bulletCommentCount": 0,
    "imageUrl": "http://i2.hdslb.com/bfs/archive/41bbedaee1881f977e7c1bb97c5468b1bcfeb4e8.jpg",
    "feedback": {
        "like": "5",
        "coin": "0",
        "star": "7",
        "share": "79"
    },
    "comments": [
        "nods才是重点好吗",
        "哈哈哈",
        "睁眼说瞎话？",
        "哈哈哈1ds"
    ],
    "tags": [
        "任天堂",
        "搞笑",
        "单机游戏",
        "生活",
        "搞笑",
        "3DS",
        "1DS",
        "恶搞视频",
        "高级黑",
        "转自YouTube"
    ]
}