{
    "id": 10007589,
    "title": "Marvel漫画 4月26日新刊封面速览",
    "abstract": "直传\n一切始于Marvel Now!。一起来看看4月26日有什么出版的刊物吧！周三见",
    "authorId": 11974004,
    "uploadTime": 1492830348.0,
    "playCount": 47,
    "commentCount": 0,
    "bulletCommentCount": 2,
    "imageUrl": "http://i2.hdslb.com/bfs/archive/b8e9a4b7d60f57ff254761fd4b28ceb1e6af574d.jpg",
    "feedback": {
        "like": "0",
        "coin": "0",
        "star": "2",
        "share": "86"
    },
    "comments": [],
    "tags": [
        "动画",
        "综合",
        "漫威漫画",
        "Marvel",
        "Comics",
        "新刊一览",
        "Previews"
    ]
}