{
    "id": 10007496,
    "title": "Ginetta GT4 Supercup Championship 2017 多宁顿公园 第二回合 Two Multiple Crashes",
    "abstract": "让我服气的是，第二起事故，就没有人告诉他们安全车已经出来了吗？\n\nhttps://www.darcyf1.com/download.php?z=75298 搬运\n中间有段比较糊",
    "authorId": 16134732,
    "uploadTime": 1492832277.0,
    "playCount": 62,
    "commentCount": 0,
    "bulletCommentCount": 0,
    "imageUrl": "http://i0.hdslb.com/bfs/archive/1ce66407ab31bcda73f8904ee6bcf0a3309ed2ff.png",
    "feedback": {
        "like": "0",
        "coin": "0",
        "star": "0",
        "share": "74"
    },
    "comments": [],
    "tags": [
        "赛车",
        "汽车",
        "汽车生活",
        "事故",
        "Ginetta GT4 Supercup",
        "Donington Park"
    ]
}