{
    "id": 10006997,
    "title": "Color Riche, le Film par Bruno Aveillan - Vidéo L'Oréal Paris",
    "abstract": "转载来自youtube\nhttp://www.bilibili.com/video/av9990213/",
    "authorId": 13145494,
    "uploadTime": 1492828941.0,
    "playCount": 225,
    "commentCount": 0,
    "bulletCommentCount": 0,
    "imageUrl": "http://i0.hdslb.com/bfs/archive/dad8bd385b64430f8da753cc9702077493c39cc4.jpg",
    "feedback": {
        "like": "1",
        "coin": "0",
        "star": "9",
        "share": "79"
    },
    "comments": [],
    "tags": [
        "美妆",
        "时尚",
        "美妆",
        "YOUTUBE搬运",
        "产品"
    ]
}