{
    "id": 10007063,
    "title": "[荣耀战魂|Sypher] 又一个仲裁者集锦",
    "abstract": "https://www.youtube.com/watch?v=Npe9j8RS0DU\nSypher的又一个仲裁者集锦",
    "authorId": 7720301,
    "uploadTime": 1492829266.0,
    "playCount": 9314,
    "commentCount": 10,
    "bulletCommentCount": 54,
    "imageUrl": "http://i0.hdslb.com/bfs/archive/99f51a21d08186fbacfd8c597c100fedba50e702.jpg",
    "feedback": {
        "like": "22",
        "coin": "9",
        "star": "84",
        "share": "101"
    },
    "comments": [
        "这个仲裁是真的吊",
        "连招式都不会连续用的菜鸡在此(•̀へ •́ ╮ )",
        "哇噢。",
        "你一个督军 经历没了还往后",
        "为什么看不了了。。。"
    ],
    "tags": [
        "荣耀战魂",
        "游戏",
        "单机游戏",
        "教学",
        "集锦",
        "仲裁",
        "For Honor",
        "Sypher"
    ]
}