{
    "id": 10007784,
    "title": "K.A.R.D - Oh Nana 电台消音【live消音】",
    "abstract": "youtube: Rachel Osm\n消音真的好听",
    "authorId": 4511230,
    "uploadTime": 1492831034.0,
    "playCount": 5945,
    "commentCount": 10,
    "bulletCommentCount": 57,
    "imageUrl": "http://i0.hdslb.com/bfs/archive/1d72fd788eaa236607d545809baeb7b57d57382f.jpg",
    "feedback": {
        "like": "28",
        "coin": "14",
        "star": "100",
        "share": "84"
    },
    "comments": [
        "表白somin",
        "somin是主唱ba？",
        "表白智雨小姐姐",
        "忘记说了！！被忙内的声音和魅力圈的！！😍😍😘",
        "表白jiwoo！！😍"
    ],
    "tags": [
        "KARD",
        "Korea相关",
        "娱乐",
        "明星",
        "明星",
        "K.A.R.D",
        "카드",
        "kard组合"
    ]
}