{
    "id": 10006831,
    "title": "【辣鸡up】加里奥上单的日常",
    "abstract": "加里奥上单",
    "authorId": 8660799,
    "uploadTime": 1492827907.0,
    "playCount": 588,
    "commentCount": 2,
    "bulletCommentCount": 0,
    "imageUrl": "http://i2.hdslb.com/bfs/archive/090ad41e003d3412f82248a5fe9410886351bf7c.jpg",
    "feedback": {
        "like": "0",
        "coin": "0",
        "star": "2",
        "share": "82"
    },
    "comments": [
        "第一╮(╯▽╰)╭",
        "up该换电脑了，五十多的FPS 不觉得不舒服么"
    ],
    "tags": [
        "英雄联盟",
        "游戏",
        "网络游戏",
        "英雄联盟LOL",
        "加里奥",
        "正义巨像"
    ]
}