{
    "id": 10007471,
    "title": "【豪斯医生】 House MD Tribute - People Don't Change",
    "abstract": "https://www.youtube.com/watch?v=sgDyHzDNVc4\nhttps://www.youtube.com/watch?v=sgDyHzDNVc4 感觉B站关于豪斯医生的剪辑有点少，就从YouTube上找了几个",
    "authorId": 2278540,
    "uploadTime": 1492830232.0,
    "playCount": 685,
    "commentCount": 1,
    "bulletCommentCount": 30,
    "imageUrl": "http://i1.hdslb.com/bfs/archive/eb548c3f4764f99fae676bde03f8deb8609c1d80.jpg",
    "feedback": {
        "like": "9",
        "coin": "5",
        "star": "13",
        "share": "75"
    },
    "comments": [
        "看你没有评论，就给你评论一个吧"
    ],
    "tags": [
        "影视",
        "影视剪辑",
        "美剧",
        "豪斯医生",
        "剪辑",
        "House md"
    ]
}