{
    "id": 10007315,
    "title": "鲸头鹳",
    "abstract": "sm31048102\n淡定的鸟",
    "authorId": 2916402,
    "uploadTime": 1492829829.0,
    "playCount": 7692,
    "commentCount": 35,
    "bulletCommentCount": 65,
    "imageUrl": "http://i1.hdslb.com/bfs/archive/6c253451a44c53c6074bc7b168d3e44d9963a2f0.jpg",
    "feedback": {
        "like": "3",
        "coin": "11",
        "star": "121",
        "share": "116"
    },
    "comments": [
        "没记错的话这是它求偶的动作(｡･ω･｡)ﾉ♡",
        "上好佳那只鸟的原型就是它",
        "怎么有这么呆萌的鸟",
        "我也想摸摸它头顶的那撮呆毛",
        "只有我觉得长的很恐怖吗，像始祖鸟（/TДT)/"
    ],
    "tags": [
        "动物圈",
        "动物综合",
        "鲸头鹳",
        "动物圈"
    ]
}