{
    "id": 10006881,
    "title": "洛杉矶警察版奔饱吧兄弟",
    "abstract": "youtube搬运",
    "authorId": 21345077,
    "uploadTime": 1492828529.0,
    "playCount": 1173,
    "commentCount": 1,
    "bulletCommentCount": 6,
    "imageUrl": "http://i0.hdslb.com/bfs/archive/d2ab627a0545f7c5f53291d8e06b72ce90c3d7ab.jpg",
    "feedback": {
        "like": "16",
        "coin": "0",
        "star": "20",
        "share": "70"
    },
    "comments": [
        "LAPD不务正业系列(〜￣△￣)〜"
    ],
    "tags": [
        "搞笑",
        "生活",
        "搞笑",
        "奔跑吧兄弟",
        "洛杉矶",
        "跑男",
        "美国警察",
        "洛杉矶警察"
    ]
}