{
    "id": 10007687,
    "title": "无集武士道弓天彗6:58",
    "abstract": "打得不好，甚至忘记吃怪力种子，但是不知道为什么突然打进了7分钟。目标单区击杀。",
    "authorId": 213558,
    "uploadTime": 1492832358.0,
    "playCount": 4892,
    "commentCount": 93,
    "bulletCommentCount": 59,
    "imageUrl": "http://i1.hdslb.com/bfs/archive/525c4b39bd8a2640ab8af0cb9ce47fbbf61552cd.jpg",
    "feedback": {
        "like": "3",
        "coin": "132",
        "star": "14",
        "share": "103"
    },
    "comments": [
        "丸砸，天空璋新作出了会玩吗",
        "哈………………",
        "丸子你的天邪鬼呢？(╯°口°)╯(┴—┴",
        "你谁啊，为什么在我爷爷的关注里啊？(｀・ω・´)",
        "好的看完了，360大回旋后追翼脚是不是很爽（￣▽￣）还是说想法吧，因为打法基本比较成熟了，所以再去练习目押极限回避有些难了，不过练好了无伤的可能就高啦，这个不提；对二连爆的处理（4:33）通常我都是侧边走开追两箭的，视频内处理都是回避第二爆追一箭，这个地方看是否影响你的节奏；别的处理基本上来说我以前直播里也看过你打过，没什么变化了我那次也基本上用这些打法，可能之后可以多一点引招的处理，但是引招这个东西比较玄，可能问二神那样有灵性的菊苣更好解释一些，反正我只能意会；最后就是种子这个东西一定要好好利用，三分钟一颗要定时氪，录视频的习惯~大概就这些吧，我们私下里继续讨论，我觉得即使bug存在也是有机会0针的，over。"
    ],
    "tags": [
        "游戏",
        "单机游戏",
        "怪物猎人XX",
        "天彗龙"
    ]
}