{
    "id": 10006708,
    "title": "cf卡游泳圈（自己发现的bug）",
    "abstract": "up主那次玩cf，卡那个3哥重在一起的游泳圈的时候（进去每秒要掉20血），不经意发现这个bug的（卡进去不掉血，没卡进去不能看外面，不然每秒20），这个bug的唯一缺点就是头顶，你不能望头顶，如果有僵尸的话就抓得到",
    "authorId": 34542587,
    "uploadTime": 1492827489.0,
    "playCount": 2246,
    "commentCount": 10,
    "bulletCommentCount": 22,
    "imageUrl": "http://i2.hdslb.com/bfs/archive/3bb8f2bd942308ca7449cfb4f3c5f8bf8dc74737.jpg",
    "feedback": {
        "like": "1",
        "coin": "1",
        "star": "11",
        "share": "96"
    },
    "comments": [
        "6666，能不能多做几期生化bug？？",
        "很有用啊",
        "举报了 不能给别人看到",
        "666",
        "早就有了这个bug"
    ],
    "tags": [
        "穿越火线",
        "游戏",
        "电子竞技",
        "电子竞技",
        "网络游戏",
        "第一视角",
        "自制",
        "游戏",
        "原创",
        "演示"
    ]
}