{
    "id": 10007786,
    "title": "Andre Nieri - Soloing over 'Momentum'",
    "abstract": "https://www.youtube.com/watch?v=P4yHfHg9Nrs\nPublished on Apr 21, 2017\nSoloing over this beautiful track called \"Momentum\" by my friend Prashant Aswani. \n.\nandre_nieri @ instagram",
    "authorId": 43562858,
    "uploadTime": 1492830460.0,
    "playCount": 2096,
    "commentCount": 1,
    "bulletCommentCount": 0,
    "imageUrl": "http://i2.hdslb.com/bfs/archive/1b6515c87b3b09718306e0f9d2b7e43fd33950cb.jpg",
    "feedback": {
        "like": "17",
        "coin": "9",
        "star": "64",
        "share": "86"
    },
    "comments": [
        "喜欢"
    ],
    "tags": [
        "电吉他",
        "演奏",
        "音乐",
        "演奏",
        "独奏"
    ]
}