{
    "id": 10007692,
    "title": "【霹雳布袋戏MV】情丝牵我心(曲月)",
    "abstract": "太久远了……我都忘记了月灵犀叫啥了……最后百度回来的_(:з」∠)_（有你这样的么……",
    "authorId": 104357465,
    "uploadTime": 1492830493.0,
    "playCount": 510,
    "commentCount": 12,
    "bulletCommentCount": 1,
    "imageUrl": "http://i2.hdslb.com/bfs/archive/f9055fb1e06bcce57edf16e7684322436509f67e.png",
    "feedback": {
        "like": "2",
        "coin": "6",
        "star": "10",
        "share": "91"
    },
    "comments": [
        "勿忘吾名，曲怀觞啊！",
        "自称白忘机的时候他是素还真，自称伏龙或曲怀觞的时候才是真曲怀觞啊",
        "封面_(:3」∠)_",
        "其实可以是曲怀觞",
        "怎么舍得你难过，可是还是要舍"
    ],
    "tags": [
        "国创",
        "布袋戏",
        "霹雳布袋戏 白忘机 月灵犀"
    ]
}