{
    "id": 10007317,
    "title": "【积梦实况】噬人白昼   为什么垃圾堆里都是我啊？",
    "abstract": "假期摸鱼，葱兔太太真是太棒了，葱兔太太是人间的宝藏\n游戏发布页   http://onira.lofter.com/post/3391f6_f492361\n封面是我p出来的有问题我在改QWQ",
    "authorId": 14707756,
    "uploadTime": 1492829874.0,
    "playCount": 349,
    "commentCount": 17,
    "bulletCommentCount": 4,
    "imageUrl": "http://i0.hdslb.com/bfs/archive/e84ad44ab99dc9bbbd83b100734d44287213ce89.jpg",
    "feedback": {
        "like": "3",
        "coin": "10",
        "star": "2",
        "share": "70"
    },
    "comments": [
        "偷偷来看看，同期待枉死人。投个币给你~（话说我为什么觉得你帧数迷之比我高= =一定是错觉）",
        "（￣▽￣） 听你说话想起我自己录的视频，....  就你自己做这个啊，我也要做。",
        "后面音画不同步orz",
        "(⚭-⚭ )",
        "(｀・ω・´)萌新抢个第一"
    ],
    "tags": [
        "RPG",
        "单机游戏",
        "游戏",
        "单机游戏",
        "新人",
        "自制",
        "葱兔",
        "积梦"
    ]
}