{
    "id": 10007359,
    "title": "一分钟学会在家做美甲第176期之紫色梦幻",
    "abstract": "更多美甲时尚资讯，请关注微信公众号：在家做美甲 （meijiawu2016）QQ群470123553，欢迎参与一起讨论。",
    "authorId": 43635780,
    "uploadTime": 1492831291.0,
    "playCount": 106,
    "commentCount": 0,
    "bulletCommentCount": 0,
    "imageUrl": "http://i0.hdslb.com/bfs/archive/65d46ce11e4e695e4effecc0fb4cca18de4c6aef.jpg",
    "feedback": {
        "like": "0",
        "coin": "1",
        "star": "0",
        "share": "67"
    },
    "comments": [],
    "tags": [
        "美甲",
        "美妆",
        "时尚",
        "美妆",
        "美甲教程",
        "产品",
        "线条",
        "色块"
    ]
}