{
    "id": 10007728,
    "title": "【预告】《银河护卫队2》港版预告 - “格鲁特宝宝”特辑",
    "abstract": "   https://youtu.be/-C4KisbJdoM\n【预告】《银河护卫队2》港版预告 - “格鲁特宝宝”特辑：小树人、Escape、Death Button",
    "authorId": 7977058,
    "uploadTime": 1492832241.0,
    "playCount": 2922,
    "commentCount": 3,
    "bulletCommentCount": 2,
    "imageUrl": "http://i0.hdslb.com/bfs/archive/3a910ee524f82364b877e1c7cc59a23189c7daca.jpg",
    "feedback": {
        "like": "0",
        "coin": "3",
        "star": "38",
        "share": "101"
    },
    "comments": [
        "银河系第一可爱的宝宝",
        "格鲁特好萌",
        "第一？"
    ],
    "tags": [
        "漫威",
        "超级英雄",
        "影视",
        "预告·资讯",
        "格鲁特宝宝",
        "预告",
        "银河护卫队2"
    ]
}