{
    "id": 10006846,
    "title": "【Oliver】自伤无色【aite】",
    "abstract": "youtube\nreupload because the timing wasn't matching, but i think it's fixed now ;; i also made harmonies a bit louder\nMusic, lyrics, video: nekobolo\nEnglish lyrics: JubyPhonic\nUST: Prettyprincesstanya\nVocals: Oliver, Fukase English (harm)\nCover: aite",
    "authorId": 1897161,
    "uploadTime": 1492827643.0,
    "playCount": 631,
    "commentCount": 3,
    "bulletCommentCount": 1,
    "imageUrl": "http://i2.hdslb.com/bfs/archive/dbf669be973ce016b5ac4ee3ac643bb10585e264.jpg",
    "feedback": {
        "like": "20",
        "coin": "9",
        "star": "87",
        "share": "81"
    },
    "comments": [
        "呜哇良翻无人。。。。！",
        "！！！好棒！！！！b",
        "噫好好听(°∀°)ﾉ"
    ],
    "tags": [
        "VOCALOID",
        "虚拟歌手",
        "音乐",
        "VOCALOID·UTAU",
        "oliver"
    ]
}