{
    "id": 10007292,
    "title": "【家教手书】鬼游戏-骸纲云纲-中文字幕",
    "abstract": "sm6007149\n09年，可能撞车，字幕版是YTB的，BGM是V+同名曲",
    "authorId": 290611,
    "uploadTime": 1492829085.0,
    "playCount": 1700,
    "commentCount": 16,
    "bulletCommentCount": 4,
    "imageUrl": "http://i1.hdslb.com/bfs/archive/0eac8a05ef57852e02bdc06213a8e3bcaa9508bd.jpg",
    "feedback": {
        "like": "38",
        "coin": "16",
        "star": "119",
        "share": "84"
    },
    "comments": [
        "这故事情节是嗨嗨迷了阿纲的心智让他杀了云雀，吗？",
        "故事情节（应该）如下：阿纲和云雀是一起长大的，然而在某一天消失了，所以云雀就踏上了寻找阿纲的路上。而阿纲实际上是被骸带走了，还被抹消了以前的所有记忆。然后就与骸一起生活。经过骸的误导，阿纲以为云雀是敌人，就去亲手杀了云雀。阿纲在最后应该是想起了以前的记忆，但又被骸给抹去了",
        "老古董手书终于让我找着了",
        "好诡异，鸡皮疙瘩起来了(´；ω；`)",
        "啊啊啊啊 一直找不到这个BGM"
    ],
    "tags": [
        "家庭教师",
        "手书",
        "动画",
        "短片·手书·配音",
        "ALL27",
        "骸纲"
    ]
}