{
    "id": 10007337,
    "title": "【MMD刀剣乱舞】Spring Shower【大将組＋α】",
    "abstract": "sm30553769\n【MMD刀剣乱舞】Spring Shower【大将組＋α】\n\n庵さんの素敵な信濃くんモデルをお借りしたので踊って頂きました(*´∀｀*)\n三人がそれぞれ違った動きをするこのモーションが大好きです。\n\n2017/02/03\n広告ありがとうございます！\n相模国審神者様、大将様、山城国審神者様",
    "authorId": 25215634,
    "uploadTime": 1492829144.0,
    "playCount": 3558,
    "commentCount": 45,
    "bulletCommentCount": 33,
    "imageUrl": "http://i0.hdslb.com/bfs/archive/e78aea2beb7c722db7dd5aa426967317a8161f09.jpg",
    "feedback": {
        "like": "17",
        "coin": "21",
        "star": "399",
        "share": "78"
    },
    "comments": [
        "画质。。。抱走薬总",
        "谁都不能阻止我神隐我药！(｀・ω・´)",
        "茶乱！！！超可爱！！抱走乱乱！",
        "偷偷抱走厚。。",
        "抱走自己"
    ],
    "tags": [
        "刀剑乱舞",
        "动画",
        "MMD·3D",
        "MMD.3D",
        "MMD刀剣乱舞",
        "乱藤四郎",
        "五虎退",
        "舞蹈MMD",
        "厚藤四郎",
        "藥研藤四郎",
        "後藤藤四郎",
        "信浓藤四郎"
    ]
}