{
    "id": 10007364,
    "title": "Logan Paul Vlogs - THE ADVENTURE BEGINS...",
    "abstract": "https://www.youtube.com/watch?v=f__xZ8mfJW4\nLogan Vlogs 更新\nTHE ADVENTURE BEGINS...\n其他日常的更新的東西能在微博更新,\n關於Logan+Jake+Tema10的內容都會更新,\n歡迎來加微博賬號.:-PaulBrothers.",
    "authorId": 1404923,
    "uploadTime": 1492831494.0,
    "playCount": 178,
    "commentCount": 1,
    "bulletCommentCount": 0,
    "imageUrl": "http://i0.hdslb.com/bfs/archive/0b231c1fc75558b36c5506aedb7a0274352b0ca7.jpg",
    "feedback": {
        "like": "0",
        "coin": "3",
        "star": "2",
        "share": "68"
    },
    "comments": [
        "‮ ‮ ‮ ‮ ‮ ‮ ‮"
    ],
    "tags": [
        "生活",
        "日常",
        "日常",
        "LOGAN PAUL",
        "LoganPaul"
    ]
}