{
    "id": 10006980,
    "title": "红警3苏联战役（中难度）（为了技术交流）",
    "abstract": "红警3苏联战役第二关（难度中等）",
    "authorId": 40429547,
    "uploadTime": 1492827946.0,
    "playCount": 122,
    "commentCount": 18,
    "bulletCommentCount": 4,
    "imageUrl": "http://i2.hdslb.com/bfs/archive/af78dbf6d4b5071eae46313c982b11f15c728fab.jpg",
    "feedback": {
        "like": "0",
        "coin": "2",
        "star": "0",
        "share": "67"
    },
    "comments": [
        "袭胸袭胸(〜￣△￣)〜",
        "(｀・ω・´)这是做任务吧",
        "竟然开始做原创了！？ |･ω･｀)要不要试试勇者大战魔物娘(ಡωಡ)",
        "(｡･ω･｡)",
        "再次收下你的第一次"
    ],
    "tags": [
        "红色警戒3",
        "单机游戏",
        "游戏",
        "单机游戏"
    ]
}