{
    "id": 10007108,
    "title": "FOOL舞蹈练习室（镜面）",
    "abstract": "FOOL舞蹈练习室镜面\n和普通刀群舞不同的，拥有自己独特情感与表达的舞蹈\n李昇勋真是编舞天才\n只属于李昇勋的舞蹈，只属于WINNER的风格\nIC女神们一起学起来吧\n（不要忘了刷音源和油管哦）",
    "authorId": 29424575,
    "uploadTime": 1492831054.0,
    "playCount": 5745,
    "commentCount": 17,
    "bulletCommentCount": 79,
    "imageUrl": "http://i0.hdslb.com/bfs/archive/1eb5b61e0609e35336f1e953cef93c87c253d6a6.jpg",
    "feedback": {
        "like": "3",
        "coin": "45",
        "star": "260",
        "share": "130"
    },
    "comments": [
        "全员黑裤子不告诉土豆系列",
        "虽然不是粉但是这是第二首用来做手机铃声的歌了(=・ω・=)",
        "比起mv更喜欢练习室版的舞蹈╮(￣▽￣)╭",
        "超喜欢这个练习室版本，拍得超棒，跟MV似的。次长的编舞也棒，就是只给自己找了舞伴哈哈哈哈。",
        "温拿的歌真的百听不厌"
    ],
    "tags": [
        "李昇勋",
        "金秦禹",
        "姜昇润",
        "宋旻浩",
        "WINNER",
        "舞蹈",
        "舞蹈教程",
        "舞蹈",
        "镜面",
        "FATE NUMBER FOR"
    ]
}