{
    "id": 10006746,
    "title": "【熊叔实验室】用干冰制作碳酸饮料@Lu油管大侠",
    "abstract": "Youtube\n熊叔又开始祸祸干冰了~UP主自翻~\n————\nhttps://www.youtube.com/watch?v=s-TsI6Eg8SI\n\nFAN MAIL: \nCRAZY RUSSIAN HACKER\nP.O. Box 49\nWaynesville, NC 28786",
    "authorId": 4522157,
    "uploadTime": 1492827484.0,
    "playCount": 22006,
    "commentCount": 46,
    "bulletCommentCount": 200,
    "imageUrl": "http://i1.hdslb.com/bfs/archive/767028bd20e4770079cf5c64dffea8f155d65fa8.png",
    "feedback": {
        "like": "15",
        "coin": "48",
        "star": "161",
        "share": "111"
    },
    "comments": [
        "亲们大家好呀，我又出现了，这期视频熊叔往大水罐中加一加仑水，两大铲子白糖，一盎司味素（橙子和柠檬有两种哦），还有一两磅干冰，等干冰完全气化即可得自制碳酸饮料了。这就是初中的方程式（？！）二氧化碳生成碳酸的那个，可惜我们这没买干冰啊（这才是重点！！），，，，叔的干冰加多了呢，，水都变冰沙啦（气化吸热什么的），，，倒是很方便。。本次视频文字观看到此结束，谢谢众位亲们～～～",
        "我们这没有干冰卖。。",
        "uc需要你震精熊????",
        "我有一个大胆的想法，我的鸡加干冰会怎么样(=・ω・=)",
        "我怕熊叔下一次就是碳酸伏特加"
    ],
    "tags": [
        "熊叔实验室",
        "DIY",
        "科技",
        "极客DIY",
        "趣闻",
        "碳酸饮料",
        "干冰",
        "Crazyrussianhacker"
    ]
}