{
    "id": 10007048,
    "title": "DIY Extreme concrete coffee table",
    "abstract": "网络 DIY Extreme concrete coffee table",
    "authorId": 31098106,
    "uploadTime": 1492830655.0,
    "playCount": 65,
    "commentCount": 0,
    "bulletCommentCount": 0,
    "imageUrl": "http://i0.hdslb.com/bfs/archive/c6bbd9fe194823a61dd1eb6257fce89a463e1cf6.jpg",
    "feedback": {
        "like": "0",
        "coin": "0",
        "star": "0",
        "share": "81"
    },
    "comments": [],
    "tags": [
        "知识",
        "野生技能协会",
        "桌子"
    ]
}