{
    "id": 10007508,
    "title": "JENO / 李帝努 / 忘`记`悲`伤`的`方`法",
    "abstract": "第一次附和着歌词听这首歌的时候\n一下子就想到了这个小男孩\n想着要马上记录下来\n(小部分的歌词有改动和删减\n\n希望我的小朋友十七岁的生日\n快快乐乐 圆圆满满地度过",
    "authorId": 22072374,
    "uploadTime": 1492832281.0,
    "playCount": 912,
    "commentCount": 4,
    "bulletCommentCount": 4,
    "imageUrl": "http://i2.hdslb.com/bfs/archive/8b7a106792709fc0182b930a234aac9713ae2226.jpg",
    "feedback": {
        "like": "11",
        "coin": "13",
        "star": "34",
        "share": "79"
    },
    "comments": [
        "生日快乐呀 十七岁的小诺♡",
        "我也希望",
        "一定要好好的阿",
        "请问钻进公司大门的那个视频出自哪里"
    ],
    "tags": [
        "李帝努",
        "Korea相关",
        "娱乐",
        "明星",
        "明星",
        "JENO",
        "nct",
        "nct dream",
        "smrookis"
    ]
}