{
    "id": 10007626,
    "title": "【300英雄】黑雪姬是不是被玩坏了",
    "abstract": "争取做一个勤奋的up住(＠￣ー￣＠)",
    "authorId": 17750151,
    "uploadTime": 1492832342.0,
    "playCount": 230,
    "commentCount": 7,
    "bulletCommentCount": 0,
    "imageUrl": "http://i1.hdslb.com/bfs/archive/08e8c8475d635773f2b02109daef566a40582b6b.jpg",
    "feedback": {
        "like": "5",
        "coin": "9",
        "star": "0",
        "share": "82"
    },
    "comments": [
        "做一个勤奋的咸鱼",
        "我打完这些字还是第一",
        "你6,可怕",
        "忘了占楼了mmp",
        "哇这样看好蠢啊自己"
    ],
    "tags": [
        "300英雄",
        "游戏",
        "电子竞技",
        "电子竞技",
        "教学",
        "娱乐",
        "直播录像"
    ]
}