{
    "id": 10007237,
    "title": "【归尘 】4月21日直播录像第一弹",
    "abstract": "如题",
    "authorId": 17739215,
    "uploadTime": 1492829082.0,
    "playCount": 1028,
    "commentCount": 49,
    "bulletCommentCount": 21,
    "imageUrl": "http://i0.hdslb.com/bfs/archive/f72564d69ed87b02fd89604aa1e77e34893eb72f.jpg",
    "feedback": {
        "like": "0",
        "coin": "15",
        "star": "2",
        "share": "88"
    },
    "comments": [
        "牛奶怎么了(ﾟДﾟ≡ﾟдﾟ)!?",
        "原来大家都是上个视频看不成 我也是 我还重新把B站下载了一下",
        "牛奶：？？？？我……",
        "牛奶：???",
        "谁能告诉我怎么看不到牛奶了"
    ],
    "tags": [
        "王者荣耀",
        "游戏",
        "电子竞技",
        "电子竞技",
        "手机游戏",
        "直播录像"
    ]
}