{
    "id": 10007497,
    "title": "【合作作品】植物大战僵尸比赛:打雪人赚钱",
    "abstract": "和棋子神秘约好了一起比赛打雪人，因为金钱上限问题，所以钻石一个价值100",
    "authorId": 45013501,
    "uploadTime": 1492831205.0,
    "playCount": 2314,
    "commentCount": 10,
    "bulletCommentCount": 25,
    "imageUrl": "http://i1.hdslb.com/bfs/archive/3db0e22e5944c68027a56e20bbf4bc92451eebf7.jpg",
    "feedback": {
        "like": "9",
        "coin": "6",
        "star": "11",
        "share": "77"
    },
    "comments": [
        "论你俩是如何作弊赚钱的(滑稽)",
        "我从没打过雪人，怎么弄出来的",
        "一共赚了122140",
        "2nd",
        "雪人屠宰场"
    ],
    "tags": [
        "植物大战僵尸",
        "单机游戏",
        "游戏",
        "单机游戏",
        "自制",
        "合作作品",
        "棋子神秘",
        "mtohoem"
    ]
}