{
    "id": 10007436,
    "title": "【喵星人】2017年4月第三周喵星人傻缺有趣视频合集",
    "abstract": "https://www.youtube.com/watch?v=Q8b1hQlKRFY\nFunny reasons why YOU SHOULD HAVE A CAT -Funny CAT video\nhttps://www.youtube.com/watch?v=Q8b1hQlKRFY\n【喵星人】2017年4月第三周喵星人傻缺有趣视频合集",
    "authorId": 4032555,
    "uploadTime": 1492830216.0,
    "playCount": 440,
    "commentCount": 3,
    "bulletCommentCount": 4,
    "imageUrl": "http://i0.hdslb.com/bfs/archive/2ceec5f7179f79921c7cef7daa5c6995f6bc6d65.jpg",
    "feedback": {
        "like": "0",
        "coin": "2",
        "star": "7",
        "share": "85"
    },
    "comments": [
        "封面在哪瞅瞅(=・ω・=)",
        "（￣▽￣）",
        "谢谢up主"
    ],
    "tags": [
        "喵星人",
        "萌宠",
        "搞笑",
        "动物圈",
        "喵星人",
        "萌",
        "萌萌哒",
        "卖萌",
        "傻缺",
        "YOUTUBE",
        "动物圈",
        "宠物"
    ]
}