{
    "id": 10007104,
    "title": "香蕉人的广播 2017年4月21日 三浦大知 东京03",
    "abstract": "Youtube\n金曜JUNK バナナマンのバナナムーンGOLD",
    "authorId": 457980,
    "uploadTime": 1492828972.0,
    "playCount": 864,
    "commentCount": 0,
    "bulletCommentCount": 2,
    "imageUrl": "http://i2.hdslb.com/bfs/archive/e43bed65754d52fd44c24387787a8553dbad7414.jpg",
    "feedback": {
        "like": "1",
        "coin": "3",
        "star": "17",
        "share": "70"
    },
    "comments": [],
    "tags": [
        "综艺",
        "娱乐",
        "综艺",
        "森山直太朗",
        "三浦大知",
        "バナナマン",
        "東京03"
    ]
}