{
    "id": 10007038,
    "title": "DIY Extreme coffee table with refrigerator made from pallets",
    "abstract": "网络 DIY Extreme coffee table with refrigerator made from pallets",
    "authorId": 31098106,
    "uploadTime": 1492830625.0,
    "playCount": 57,
    "commentCount": 0,
    "bulletCommentCount": 0,
    "imageUrl": "http://i2.hdslb.com/bfs/archive/66f5734ce96a142f54a801abd06b85640f2c7d63.jpg",
    "feedback": {
        "like": "0",
        "coin": "0",
        "star": "0",
        "share": "61"
    },
    "comments": [],
    "tags": [
        "知识",
        "野生技能协会",
        "桌子"
    ]
}