{
    "id": 10007079,
    "title": "【雷军】把你变基佬 Turn you be a gay",
    "abstract": "失踪人口诈尸系列~ 磨了一周，希望喜欢啦！BGM: One fine day",
    "authorId": 6171645,
    "uploadTime": 1492828339.0,
    "playCount": 637819,
    "commentCount": 1831,
    "bulletCommentCount": 4752,
    "imageUrl": "http://i1.hdslb.com/bfs/archive/372a5f12aed5b3c446f536b7df6ba4007e1758d2.png",
    "feedback": {
        "like": "2545",
        "coin": "3.9万",
        "star": "2.1万",
        "share": "7514"
    },
    "comments": [
        "a gay mi band ~",
        "雷军大呼什么鬼，多看几秒也变gay。比利van样闻之喜，共尝奥义哲学贵（￣▽￣）（滑稽）",
        "不如做gay",
        "搞基是潜移默化的 搞基是润物无声的",
        "视频14秒的引战弹幕“这UP废了 只有搞雷军的才有点看点 其他都是辣鸡”经过逆向查找，是这个人发的http://space.bilibili.com/8030581/#!/  附一个弹幕查找工具 http://biliquery.typcn.com/"
    ],
    "tags": [
        "动感视频",
        "雷军",
        "鬼畜调教",
        "鬼畜",
        "鬼畜",
        "鬼畜调教",
        "失踪人口回归",
        "OELoop",
        "音乐区亮剑吧",
        "雷总演唱会",
        "蜜汁好听",
        "rap",
        "燃向",
        "节奏爆炸"
    ]
}