{
    "id": 10007493,
    "title": "【楚白】【楚留香X白展堂】喜欢你（剧情向）（下部）",
    "abstract": "内容：算是全程撒糖吧，这次糖里没有玻璃渣，信我~(≧▽≦)/~\n\n1， 新手剪视频，做得不好，请多见谅。\n2，主要目的：填补上部搞的事。\n3，视频素材来源于《武林外传》和《楚留香传奇》。\n4，BGM：曹颖的《喜欢你》\n5，禁止二次剪辑\n6，还有好多梗，一首歌的时间表达不完，以后会出番外搞事情！\n\nup主立flag：不久的将来我要剪一辆车，嘿嘿嘿~~",
    "authorId": 58138531,
    "uploadTime": 1492830188.0,
    "playCount": 9238,
    "commentCount": 124,
    "bulletCommentCount": 247,
    "imageUrl": "http://i0.hdslb.com/bfs/archive/7bcfe87b0dcfff45a1b6b0f6ebeeca10ada31426.jpg",
    "feedback": {
        "like": "96",
        "coin": "250",
        "star": "554",
        "share": "150"
    },
    "comments": [
        "楚：你要怎样才能做我的娘子？白：做你的娘——子？你咋不上天呢！",
        "大家多发发弹幕吧，我也好知道大家的点在哪里，吸收下剪番外。这次剪的就是上部中的弹幕和评论给了我灵感(⁎⁍̴̛ᴗ⁍̴̛⁎)",
        "看到最后扑通一声跪下来(ಥ_ಥ)",
        "剧情6，还是觉得老楚渣了点，老白傻白甜，不管了，敲碗笔芯",
        "剧里老白还有孕吐呢(･∀･)孩子是席妹皇甫沙小将还是七童宗保(°∀°)ﾉ"
    ],
    "tags": [
        "张智尧",
        "沙溢",
        "影视",
        "影视剪辑",
        "剪辑",
        "古装",
        "高甜",
        "楚白",
        "楚留香白展堂",
        "楚留香X白展堂"
    ]
}