{
    "id": 10006956,
    "title": "【她爱上了我的谎】bgm神了，一起来搞事情啊",
    "abstract": "视频转载b站：钟九糸\n转载b站：钟九糸\n本人实在太喜欢这个视频啦",
    "authorId": 30446783,
    "uploadTime": 1492828057.0,
    "playCount": 6013,
    "commentCount": 1,
    "bulletCommentCount": 16,
    "imageUrl": "http://i1.hdslb.com/bfs/archive/29a9159478e2c24e85c4f66b65eb8de7fa8b0e30.jpg",
    "feedback": {
        "like": "51",
        "coin": "7",
        "star": "53",
        "share": "89"
    },
    "comments": [
        "笑不活了"
    ],
    "tags": [
        "韩剧",
        "影视",
        "影视剪辑",
        "李玹雨",
        "剪辑",
        "金圣柱",
        "她爱上了我的谎"
    ]
}