{
    "id": 10007163,
    "title": "【倒放】如果把成龙的霸王洗发液倒放？ 恐怖如斯",
    "abstract": "嗯，水了一期视频。。",
    "authorId": 57679562,
    "uploadTime": 1492829034.0,
    "playCount": 76015,
    "commentCount": 175,
    "bulletCommentCount": 575,
    "imageUrl": "http://i2.hdslb.com/bfs/archive/e4d17d2f1259c64cb7d4a40cdf964b1f1536eb5e.jpg",
    "feedback": {
        "like": "211",
        "coin": "219",
        "star": "1036",
        "share": "512"
    },
    "comments": [
        "以特效制成的老王洗发水的知名度越来越好，因此作为老王洗发水的代言人成龙开始功成名就。但是，没有人会发现，在荧幕上笑容满面的成龙竟然抹过一丝嘲弄和冷笑，因为成龙心里清楚，老王洗发水根本没有特效！",
        "收藏233。。大家不要破坏",
        "爷很慌～～(｀・ω・´)",
        "说实话要是没有空耳，这部视频没有任何笑点，但是有了空耳……哈哈哈哈哈哈哈哈哈哈哈哈哈哈哈哈哈哈哈哈别拦着我，让我再笑半个小时！",
        "不就是换了印度配音吗，有什么大不了的"
    ],
    "tags": [
        "成龙",
        "搞笑",
        "倒放",
        "搞笑视频",
        "洗脑循环",
        "空耳",
        "霸王洗发水",
        "求空耳",
        "可怕的阿婆主"
    ]
}