{
    "id": 10007188,
    "title": "【異形: 聖約】(普罗米修斯）4分半序曲「最後的晚餐」",
    "abstract": "转载自youtube\n【異形: 聖約】(普罗米修斯）4分半序曲「最後的晚餐」\n\n《异形：圣约》是由20世纪福斯影业发行的一部惊悚电影，该片将于2017年10月6日登陆北美院线。\n\nhttps://www.youtube86.com/watch_7629.html",
    "authorId": 13398068,
    "uploadTime": 1492830604.0,
    "playCount": 1183,
    "commentCount": 0,
    "bulletCommentCount": 1,
    "imageUrl": "http://i0.hdslb.com/bfs/archive/b59a6de83f0dd5ad929e8beaff37d700131f0472.jpg",
    "feedback": {
        "like": "3",
        "coin": "0",
        "star": "10",
        "share": "88"
    },
    "comments": [],
    "tags": [
        "科幻",
        "短片",
        "影视",
        "短片",
        "电影",
        "奇幻",
        "悬疑"
    ]
}