{
    "id": 10006938,
    "title": "[MR Removed] 170421 DIA - Will You Go Out With Me Live消音",
    "abstract": "来源：https://m.youtube.com/watch?v=1i0vYkvqNWo\n[MR Removed] 170421 DIA  - Will You Go Out With Me  LIVE消音",
    "authorId": 3038326,
    "uploadTime": 1492828449.0,
    "playCount": 18677,
    "commentCount": 64,
    "bulletCommentCount": 162,
    "imageUrl": "http://i1.hdslb.com/bfs/archive/8a9af8eb56540855f0eda00a12c6d2eadc2889a8.jpg",
    "feedback": {
        "like": "2",
        "coin": "3",
        "star": "28",
        "share": "90"
    },
    "comments": [
        "觉得这首歌奇熙贤的part好难听。。。这种语调和声线的rap真是接受不了，听cd音就觉得违和，原音就更加了。。。这首歌好听的部分在omo以后",
        "全员都有进步，新成员真的是加对了，唱功的确不错",
        "上一次加的那个新成员很稳啊",
        "这次回归让我有要大发的感觉，虽然有人嫌弃新忙内颜值，可是她唱功是不错的。还有新成员珠恩真的在组合目前人气算靠前的了会弹琴唱功也不错还有日系的感觉。这次回归感觉大家进步好多，恩彩真的好可爱啊小朋友一样。再妮也出声音了，虽然部分比较少但是感觉比较显眼了，大姐感觉这个发型显得更年轻了，豫彬粉色短发也很显眼又好看，彩妍熙贤恩真也依旧好看！",
        "豫彬也没稳到哪去 单说现场还没新加成员稳 夸豫彬稳的一批的别闭着眼瞎吹啊~现在不是Mr. Potter了_(:3」∠)_"
    ],
    "tags": [
        "Korea相关",
        "娱乐",
        "明星",
        "dia消音",
        "dia"
    ]
}