{
    "id": 10006738,
    "title": "【默白试玩】红石遗迹（Red Obsidian Remnant）丨我把自己奶死了！",
    "abstract": "默白解说交流群：473328366   \n默白的百度贴吧：默白解说吧\n默白的新浪微博：http://weibo.com/FinaiWhiteness  \n默白的优酷空间：http://i.youku.com/u/UMTM4MDA3NTE4MA==",
    "authorId": 12647697,
    "uploadTime": 1492828690.0,
    "playCount": 140,
    "commentCount": 4,
    "bulletCommentCount": 3,
    "imageUrl": "http://i1.hdslb.com/bfs/archive/e1ff263b50b36467de43e20ccc7c7a68c2773799.jpg",
    "feedback": {
        "like": "1",
        "coin": "8",
        "star": "0",
        "share": "86"
    },
    "comments": [
        "支持的说~还是很喜欢的~不过视频好少啊~加油~",
        "丝毫。。没发现更新。Σ(ﾟдﾟ;)"
    ],
    "tags": [
        "游戏",
        "单机游戏",
        "实况攻略",
        "国产游戏",
        "实况解说",
        "娱乐解说",
        "默白解说",
        "休闲向",
        "红石遗迹",
        "roguelike游戏",
        "Red Obsidian Remnant",
        "默白"
    ]
}