{
    "id": 10007718,
    "title": "CS_GO - When PROS Bhop",
    "abstract": "CS_GO - When PROS Bhop",
    "authorId": 631383,
    "uploadTime": 1492830815.0,
    "playCount": 242,
    "commentCount": 1,
    "bulletCommentCount": 0,
    "imageUrl": "http://i2.hdslb.com/bfs/archive/182f1e7ffa20c9843e07552d681c4234b1452d68.jpg",
    "feedback": {
        "like": "0",
        "coin": "4",
        "star": "6",
        "share": "91"
    },
    "comments": [
        "我是第一个关注的哦,呵呵呵。头排。我也求关注！！！觉得还好的"
    ],
    "tags": [
        "CS:GO",
        "游戏",
        "网络游戏",
        "电子竞技"
    ]
}