{
    "id": 10007536,
    "title": "Drop!Drop!!Drop!!!",
    "abstract": "微博 @GeekTowncn\n素材出自Youtube LinusTechTips  [https://youtu.be/eqCo0LTUhsE?t=5m7s]\nBackground Music 出自[梦之语]\nSoftware by Vegas/Pr\nDesigned by GeekTown",
    "authorId": 37312565,
    "uploadTime": 1492830499.0,
    "playCount": 485,
    "commentCount": 2,
    "bulletCommentCount": 2,
    "imageUrl": "http://i2.hdslb.com/bfs/archive/a009aa49a9b3f8340cc54347022681ee78ea567a.jpg",
    "feedback": {
        "like": "2",
        "coin": "6",
        "star": "6",
        "share": "65"
    },
    "comments": [
        "hhh,真的很好听",
        "BGM:梦之雨"
    ],
    "tags": [
        "鬼畜调教",
        "鬼畜",
        "鬼畜",
        "鬼畜调教",
        "AMD",
        "DROP",
        "新人向",
        "VEGA",
        "RADEON",
        "梦之语",
        "|GeekTown|"
    ]
}