{
    "id": 10006812,
    "title": "押尾 天空与风的华尔兹翻弹",
    "abstract": "up主第一个视频，押尾的新砖中比较喜欢的一首慢曲子，就试着翻弹了，以后可能会考虑录视频O(∩_∩)O",
    "authorId": 27080889,
    "uploadTime": 1492827435.0,
    "playCount": 289,
    "commentCount": 1,
    "bulletCommentCount": 2,
    "imageUrl": "http://i0.hdslb.com/bfs/archive/610387dd91f67466843365fc22cd254690f9c9c7.jpg",
    "feedback": {
        "like": "4",
        "coin": "2",
        "star": "0",
        "share": "79"
    },
    "comments": [
        "up主加油！弹得挺好的。"
    ],
    "tags": [
        "演奏",
        "音乐",
        "演奏",
        "指弹",
        "独奏"
    ]
}