{
    "id": 10007190,
    "title": "银魂 银桑唱哆唻A梦主题曲",
    "abstract": "笑惨",
    "authorId": 18964860,
    "uploadTime": 1492828431.0,
    "playCount": 2037,
    "commentCount": 1,
    "bulletCommentCount": 5,
    "imageUrl": "http://i1.hdslb.com/bfs/archive/1ff3a88e423f738f2855a0ad8ca49fdb0f2f95f7.jpg",
    "feedback": {
        "like": "20",
        "coin": "12",
        "star": "40",
        "share": "115"
    },
    "comments": [
        "太好玩了"
    ],
    "tags": [
        "翻唱",
        "音乐",
        "翻唱",
        "灵魂歌手",
        "动漫音乐",
        "动漫"
    ]
}