{
    "id": 10007043,
    "title": "盈棚食品——川味美食DIY之四川凉粉的制作方法",
    "abstract": "四川凉粉风味独特，其中首屈一指代表性的就是位于川东北南充市的川北凉粉。川北凉粉一个多世纪以来，凭借其独特的麻辣滋味享誉全国，是不折不扣的四川凉粉的一张响亮的名片。",
    "authorId": 33400615,
    "uploadTime": 1492828408.0,
    "playCount": 1072,
    "commentCount": 5,
    "bulletCommentCount": 2,
    "imageUrl": "http://i1.hdslb.com/bfs/archive/f4f2ac1c4dd882c8f7ba21ae8eaad3ef02140cfa.jpg",
    "feedback": {
        "like": "2",
        "coin": "3",
        "star": "21",
        "share": "81"
    },
    "comments": [
        "这才是凉粉！！！",
        "不是四川的吧！",
        "果然是火辣的四川人。。杭州人表示就连冬天都不吃辣的。。",
        "感谢露珠"
    ],
    "tags": [
        "美食",
        "美食",
        "美食制作",
        "美食圈"
    ]
}