{
    "id": 10006962,
    "title": "When Red Robot Hasn't Used the Concheror for 5 Minutes",
    "abstract": "https://Youtu.be/HqmptnEOxyc\nPublished Time: 2017-04-22 10:11\nChannel: Red Robot\nDescription: http://t.cn/RXCL4Za\n\nTags: red,robot,redrobot,tf2,teamfortress2,gaming,team,fortress,concherer,tf2 concherer,conch,tf2 conch,beggar's bazooka,tf2 beggar's bazook",
    "authorId": 956291,
    "uploadTime": 1492829229.0,
    "playCount": 253,
    "commentCount": 1,
    "bulletCommentCount": 0,
    "imageUrl": "http://i2.hdslb.com/bfs/archive/ebf049ad9ce6c88835663756c1e8c381a98fdb62.jpg",
    "feedback": {
        "like": "0",
        "coin": "0",
        "star": "4",
        "share": "75"
    },
    "comments": [
        "第一！"
    ],
    "tags": [
        "游戏",
        "单机游戏",
        "军团要塞2",
        "TF2",
        "Red Robot",
        "Team Fortress 2"
    ]
}