{
    "id": 10007316,
    "title": "【日常刷狗粮本】《FGO国服》日常带伯爵、天草、孔明刷狗粮本",
    "abstract": "游戏《Fate/Grand Order》日常刷狗粮本，带着孔明（好友）、天草、伯爵，后面的学妹和小牛没有出场，只是为了戴礼装而已。如果大佬们有什么好的战斗建议的话请指出，谢谢大佬们。",
    "authorId": 30920943,
    "uploadTime": 1492829154.0,
    "playCount": 298,
    "commentCount": 10,
    "bulletCommentCount": 0,
    "imageUrl": "http://i0.hdslb.com/bfs/archive/61fcd1d8e525dd79fc2d8b3bc0bfd808ea43f279.jpg",
    "feedback": {
        "like": "1",
        "coin": "2",
        "star": "2",
        "share": "68"
    },
    "comments": [
        "这点评论还真是可怜呢（￣▽￣）",
        "@葳蕤本命cp  在，本命姐",
        "藤原弟弟(･∀･)",
        "喵叽～"
    ],
    "tags": [
        "FGO",
        "游戏",
        "手机游戏",
        "手机游戏",
        "FGO国服",
        "Fate/Grand Order"
    ]
}