{
    "id": 10006777,
    "title": "【风笑试玩】这是一个帽子决定实力的游戏丨moomoo.io 试玩",
    "abstract": "很可惜在这游戏里绿色并不强大",
    "authorId": 2019740,
    "uploadTime": 1492828515.0,
    "playCount": 945757,
    "commentCount": 1876,
    "bulletCommentCount": 6390,
    "imageUrl": "http://i1.hdslb.com/bfs/archive/464ec3957647f7c3b31a4aaaeb96128f1f9be147.jpg",
    "feedback": {
        "like": "7322",
        "coin": "6640",
        "star": "4583",
        "share": "636"
    },
    "comments": [
        "我是一个北国男儿，我从出生的那一刻就知道我的人生并不是平凡的。从小部落便让我出来历练，在我成人礼的时候才能回到部落。在丛林里面绝对不能太过于显露自己，这是我被几次阴险的埋伏之后所了解的。我开始锻炼自己，让自己变得更加强壮。我一直可能有人能加入我，这样我便能有更多的时间来打造我的基地，一个让所有部落畏惧的势力。再一次埋伏中我不幸的被敌人反围剿了，我身受重伤的逃离了丛林，我不知道我该往哪去，或许改回北方了。多年之后我回到了北方，我的部落早已经被吞并了，对于我来说这是耻辱！我决定在雪山深处隐居，但是时不时的又一些部落的游勇散兵会袭击我，身为丛林的出来的汉子我怎么可能会退缩？在打退了最近的一次有预谋的袭击之后我开始迷茫我到底应该继续生活在这，还是在这个世界继续的磨练？我决定离开这个家，再一次的去历练自己的意志。我开始的越来越强大，但是孤单的感觉意志伴随着我。是时候回去看看自己的家了？这是怎么回事！！我的家面目全非我看到了两个陌生的人在拿着武器盯着我。该死！你们一个也别想活着离开！我正想冲过去的时候却看到了又出现一个身影。“你是谁？”“别误会！我没有恶意我是gold部落的”虽然对方并没有动手但是我依旧没有放松警惕。“你希望夺回你的领地么？”我犹豫了。“我会帮助你的”“为什么？我该回报什么？”男人笑了笑“我只是想起了以前的自己”男人抓起武器举了起来，在他身后突然出现了几个全副武装的战士。“那么你是否同意我的帮助呢？”“....好”",
        "老大:你的性命自己保管好，让我退队成为你登基的垫脚石吧，杀掉我，这个服务器就是你的了，再见了，我曾经的小跟班。",
        "笑笑:我要夺权首领:你的帽子好漂亮笑笑:XD（高兴，不夺权了）",
        "天色已暗，我坐在基地的火堆旁取暖，突然跑过来一个少年，看样子是新收的。他很自然地挨着我旁边坐下，根本没有新兵那种对上级胆怯生涩的样子。我挺喜欢这个新兵。他转过头，开口问我：“将军，我们的老大呢？”我的心抽了一下，强颜欢笑着回答他：“出去游历了，过几天就会回来的。”“可是，我听别人说，老大叛变了。”我动了动嘴，却没发出声音来。“真的，早上有人看见，老大胸前的徽章，是其他部落的族徽。”我深吸了好几口气，终于缓下来，抿了一口酒，冻僵的身体瞬间热起来。我把酒瓶扔给他：“喝几口暖暖身子。”“谢谢将军。”他仰起脖子就是一大口，我心里一惊，没想到看上去似乎只有15、6岁的少年，酒量竟然这么好。“我们的老大确实是加入了其他部落。”我苦笑，“但并没有背叛我们。”“类似做卧底？”他转头看我，脸上因为酒的关系红了不少。“差不多。”我往火堆添了块木头。“哦。”少年笑了，笑得很单纯，“我还以为老大背叛了我们呢。”我完全没听清少年说了什么，看着漫天的星星，一幕幕画面就像放电影一样快速闪过————“谢谢您帮我夺回了基地，我的命现在是你的了。”       “我不需要。”——“你买了新帽子？”       “是啊。”       “真好看XD”       “谢谢XD”——“逆风笑，上！”       “冲啊！！！！”……最后，停在了今天早上。我分明地看见，老大眼中对我们满满的敌意。我回过神来，捅了捅那个少年：“去睡觉吧，明天还有很多事要做呢。”“是的将军。”他又对我一笑，起身跑开了。我又望向星空，不知何时，一滴冰凉的泪悄然滑落。",
        "北国风光，千里冰封，万里雪飘。那是我第一次造属于我自己的基地，第一次造属于我的部队，一个人，虽然孤独，但过得还算不错，我自喜道。“你们是在勾引我进去吗？好啊!”我冲了进去，刀剑挥舞着，还没有看清我的刀他就倒在了地上...嘴中喃喃的说些什么。我占领了他们的基地，也是自从那次开始，我拿着一把刀，神挡杀神，佛挡杀佛!............我在外面征途了太久太久，刀上沾满了血迹，我厌倦了这种生活...无趣，孤独。我想回家看看，那个最初的家!却发现...有个人在里面..!“你别想活着出去!”“需要帮忙吗？”那是我第一次见到他，他是那么的帅气，拿着一把重剑带着我冲了进去，抢回了我的家。“谢谢你，这曾经是我的家，我的命已经属于你了”他深邃的眼神中好像有一股光，转瞬即逝，淡淡的说了一句“我不需要。”他带着我来到了他的基地，我第一次感受有到同伴的陪伴时间多么幸福的事情，他，就像饱经沙场的战士一样，这让我重获了斗志，我鼓舞着我的同伴们，和他们一起走过千山万水，每当攻陷了一个部落，他总是站在部落的最高处，眺望着远方...眼神流露出来的，不是兴奋，而是空洞。他不见了。“你去哪儿了？我们还需要你的带领!”我对着空气自言自语，手中拿着他曾经与我交战时的弓箭，手握的更紧了，我一定要找到他!过了很久很久，春夏换季，当我觉得我再也找不到他的时候，他出现在了我的面前，还是那个帽子，还是那把重剑，他重回到了我的视线中!可他再也不是曾经的首领，我望着他***前的徽章。“老大，是你吗？”“是我。”“为什么一句话都没有留下就走了”他没有说话，眼神中早已不是空洞，充满了挑战的目光。他一定在那个部落很开心吧...“你走吧，看在我们的交情。”转身，我把手高高举起，那是我们部落的手势。“哎，这个手势是什么意思？”“这个代表着无论你在什么地方，什么时候，我都与你同在，当然啦，我们一定不会分开的。”脑海中挥之不去的是我们的回忆，我再也不能见到他了吧...“青山不改，绿水长流，后会有期。”他道。"
    ],
    "tags": [
        "游戏",
        "电子竞技",
        "逆风笑",
        "io",
        "大牙又死了",
        "moomoo.io",
        "原谅帽"
    ]
}