{
    "id": 10007192,
    "title": "世界上最快的EVOX（直线加速）",
    "abstract": "转自youtube\n原标题：Quickest EVO X in the WORLD!\n原作者：1320video\n原地址：https://youtu.be/DzxcXwMZTFw",
    "authorId": 10898950,
    "uploadTime": 1492830868.0,
    "playCount": 19647,
    "commentCount": 51,
    "bulletCommentCount": 109,
    "imageUrl": "http://i2.hdslb.com/bfs/archive/2bc6931950ed29fa24fafd77df023e17f251fb90.jpg",
    "feedback": {
        "like": "18",
        "coin": "6",
        "star": "158",
        "share": "96"
    },
    "comments": [
        "超喜欢厚胎跑车，很迷。。。。",
        "后面小尾巴是干嘛的？",
        "Evo这类日系跑车还是喜欢看漂移，直线加速还是美式跑车帅，个人观点，不喜勿喷",
        "FIA认证C级赛事键盘步行街车神：1.视频还没开始就刷GTR，不管看到啥刷gtr准没错。例如（今天天气很好，gtr牛逼。）2.gtr输了，妈的evo抢跑的，算啥本事。（可能不知道每台车都有计时器这个东西）3.gtr输了，爆改算啥本事有本事让gtr也爆改。4.gtr输了，算了吧evo改得只剩下个壳子了。有本事别爆改。5.gtr赢了，哇果然是战神天下无敌。什么4g63t 都是垃圾。（滑稽，敏感词大法好，敏感词天下第一）",
        "老有人说只剩下车壳子，来张嘴，请你吃个4G63T"
    ],
    "tags": [
        "跑车",
        "赛车",
        "机械",
        "汽车",
        "汽车",
        "汽车生活",
        "速度",
        "直线加速赛",
        "1320video"
    ]
}