{
    "id": 10006979,
    "title": "【张卫健】【功夫足球花絮】",
    "abstract": "直传~花絮比正片好看233333",
    "authorId": 1911026,
    "uploadTime": 1492829766.0,
    "playCount": 3842,
    "commentCount": 18,
    "bulletCommentCount": 32,
    "imageUrl": "http://i1.hdslb.com/bfs/archive/7913a2fe0720566e7133760f1bc7fb6fca8bbd0a.jpg",
    "feedback": {
        "like": "17",
        "coin": "36",
        "star": "103",
        "share": "86"
    },
    "comments": [
        "攻啊攻  快抢攻!",
        "第一，承包我差一点去为国足争光（雾）的dk,少年！来一曲足球小将怎么样(=・ω・=)",
        "想看功夫足球的粤语版！！！",
        "刚上传的，好新鲜的DK",
        "第二哈哈哈"
    ],
    "tags": [
        "张卫健",
        "搞笑",
        "生活",
        "日常",
        "日常",
        "爆笑"
    ]
}