{
    "id": 10007132,
    "title": "【文卿王者荣耀】教你露娜单挑系列个人操作玩法吊打膨胀鲁班",
    "abstract": "本期是文卿给大家带来的露娜的单挑操作秀，喜欢文卿欢迎点一波关注，非常感谢啦！（因为上期视频很多人说看不到很多操作，所以希望这期可以补上吧！）",
    "authorId": 16509798,
    "uploadTime": 1492828997.0,
    "playCount": 2901,
    "commentCount": 24,
    "bulletCommentCount": 53,
    "imageUrl": "http://i1.hdslb.com/bfs/archive/ae714f27ae48c1328e1c7aa3c0aa7518321d131f.jpg",
    "feedback": {
        "like": "7",
        "coin": "11",
        "star": "9",
        "share": "71"
    },
    "comments": [
        "还以为真的会翻车",
        "Up的攻速有点太低，连招连的很难受",
        "哇哇哇，来晚了，先投个币冷静一下",
        "哇还真有你",
        "爱情公寓(๑‾ ꇴ ‾๑)"
    ],
    "tags": [
        "王者荣耀",
        "游戏",
        "电子竞技",
        "电子竞技",
        "实况攻略",
        "网络游戏",
        "实况解说",
        "露娜",
        "文卿",
        "露娜操作秀"
    ]
}