{
    "id": 10006797,
    "title": "世界各地网友整人集锦2",
    "abstract": "https://www.youtube.com/watch?v=EZSR881-NGM\n转自https://www.youtube.com/watch?v=EZSR881-NGM",
    "authorId": 10784175,
    "uploadTime": 1492828521.0,
    "playCount": 117137,
    "commentCount": 90,
    "bulletCommentCount": 282,
    "imageUrl": "http://i2.hdslb.com/bfs/archive/994c3943bc591f9edb295d9dba1c3a1228767f77.jpg",
    "feedback": {
        "like": "4",
        "coin": "33",
        "star": "424",
        "share": "222"
    },
    "comments": [
        "我曾经有个室友也学网上有些网友整我，现在天天上课得要别人推着轮椅过去",
        "现在知道枪支合法性的厉害了嘛…… 还好我大天朝！",
        "我特阿呦弄啥嘞",
        "我以前也经常这样整人，现在轮椅玩的可6了。",
        "我以前也有一个朋友喜欢这么整蛊别人，现在他过的可滋润了，一日三餐都有人喂"
    ],
    "tags": [
        "搞笑",
        "生活",
        "搞笑",
        "恶作剧"
    ]
}