{
    "id": 10007738,
    "title": "【速射小王子】小王子教你无限恐惧 | 麻麻 那个女鬼没穿衣服啊！！",
    "abstract": "游戏名 Unforgiving The Northern Hymn\n一款由五名瑞典学生做的恐怖游戏\n喜欢的话请点个关注或者投个硬币谢谢！！\n\n微博 劉俊俊俊生",
    "authorId": 106272076,
    "uploadTime": 1492832958.0,
    "playCount": 168,
    "commentCount": 1,
    "bulletCommentCount": 1,
    "imageUrl": "http://i2.hdslb.com/bfs/archive/ad858301c58b31dfdc06245bf62a321c2d3e9d78.jpg",
    "feedback": {
        "like": "2",
        "coin": "6",
        "star": "3",
        "share": "68"
    },
    "comments": [
        "Σ(ﾟдﾟ;)"
    ],
    "tags": [
        "恐怖游戏",
        "搞笑",
        "单机游戏",
        "游戏",
        "单机游戏",
        "游戏资讯",
        "新人",
        "无节操",
        "实况",
        "游戏杂谈",
        "杂谈",
        "吓死我啦",
        "速射小王子233"
    ]
}