{
    "id": 10006958,
    "title": "【CSGO ESL联赛S5】 LDLC vs. Na'Vi",
    "abstract": "https://www.youtube.com/watch?v=0GxQuB4G5LI\n/",
    "authorId": 2245244,
    "uploadTime": 1492828796.0,
    "playCount": 1049,
    "commentCount": 11,
    "bulletCommentCount": 8,
    "imageUrl": "http://i0.hdslb.com/bfs/archive/94ee6e9c5f2aab490097319db59f015be79b28bc.jpg",
    "feedback": {
        "like": "0",
        "coin": "6",
        "star": "3",
        "share": "74"
    },
    "comments": [
        "还我m币（/TДT)/",
        "日常被暴打╮(￣▽￣)╭",
        "辛苦UP主了，每次都更新的特别快~~",
        "低保血崩之夜( ´_ゝ｀)",
        "第一﹋o﹋"
    ],
    "tags": [
        "电竞赛事",
        "游戏集锦",
        "CS:GO",
        "游戏",
        "电子竞技",
        "电子竞技",
        "游戏赛事",
        "CSGO",
        "第一视角",
        "游戏视频",
        "CSGO视频"
    ]
}