{
    "id": 10007236,
    "title": "贰月的日常无聊之守望先锋NO.1",
    "abstract": "高中生贰月日常无聊~这次在训练场虐杀机器人",
    "authorId": 9997247,
    "uploadTime": 1492828760.0,
    "playCount": 24,
    "commentCount": 0,
    "bulletCommentCount": 0,
    "imageUrl": "http://i0.hdslb.com/bfs/archive/8fb72ae0cb7ee906e165f4d9e842b4f2f08bd8a8.jpg",
    "feedback": {
        "like": "0",
        "coin": "2",
        "star": "2",
        "share": "70"
    },
    "comments": [],
    "tags": [
        "守望先锋",
        "游戏",
        "电子竞技",
        "电子竞技",
        "守望先锋视频"
    ]
}