{
    "id": 10007306,
    "title": "【樱花猫】可爱又迷人的反派角色- 铲子骑士幽灵篇#1",
    "abstract": "哈啤哈啤",
    "authorId": 3225239,
    "uploadTime": 1492829988.0,
    "playCount": 133,
    "commentCount": 4,
    "bulletCommentCount": 4,
    "imageUrl": "http://i1.hdslb.com/bfs/archive/8549a147fc0fd80cbf411cd8ab86b025717ef070.jpg",
    "feedback": {
        "like": "0",
        "coin": "7",
        "star": "4",
        "share": "79"
    },
    "comments": [
        "辣鸡????"
    ],
    "tags": [
        "单机游戏",
        "游戏",
        "单机游戏",
        "steam",
        "Shovel Knight"
    ]
}