{
    "id": 10007073,
    "title": "美女后空翻完美入睡",
    "abstract": "网络 美女后空翻完美入睡",
    "authorId": 105235395,
    "uploadTime": 1492831836.0,
    "playCount": 334,
    "commentCount": 3,
    "bulletCommentCount": 0,
    "imageUrl": "http://i1.hdslb.com/bfs/archive/fdb615e557fb74cb980644ba29cd37f5e1b1a47d.jpg",
    "feedback": {
        "like": "5",
        "coin": "0",
        "star": "0",
        "share": "81"
    },
    "comments": [
        "@永封账号收集姬",
        "看完不过瘾，看完cnm"
    ],
    "tags": [
        "搞笑",
        "生活",
        "搞笑",
        "女神"
    ]
}