{
    "id": 10007268,
    "title": "一颗雷挽救一局比赛",
    "abstract": "一颗雷挽救一局比赛",
    "authorId": 20476729,
    "uploadTime": 1492829574.0,
    "playCount": 37,
    "commentCount": 1,
    "bulletCommentCount": 0,
    "imageUrl": "http://i2.hdslb.com/bfs/archive/43b6f50d51c4f69ad97e5d0c2af9a31ee68043cf.jpg",
    "feedback": {
        "like": "0",
        "coin": "0",
        "star": "0",
        "share": "81"
    },
    "comments": [
        "不是完整的段子可惜了(´･_･`)"
    ],
    "tags": [
        "单机游戏",
        "游戏",
        "单机游戏"
    ]
}