{
    "id": 10007447,
    "title": "故障问题",
    "abstract": "故障问题",
    "authorId": 11663525,
    "uploadTime": 1492831245.0,
    "playCount": 111,
    "commentCount": 1,
    "bulletCommentCount": 0,
    "imageUrl": "http://i1.hdslb.com/bfs/archive/07b9ebe457959585d57e5a194646c7709482039f.jpg",
    "feedback": {
        "like": "0",
        "coin": "0",
        "star": "0",
        "share": "76"
    },
    "comments": [
        "意义不明 只看到电容笔戳电阻屏"
    ],
    "tags": [
        "科技",
        "数码",
        "数码",
        "测评"
    ]
}