{
    "id": 10007113,
    "title": "刚好遇见你【洛天依】【贰刺螈の中二病】（重投）",
    "abstract": "新人调教:)\n有意见多多提出(๑•ᴗ•๑)\n请手动16:9拯救世界_(:зゝ∠)_",
    "authorId": 27061919,
    "uploadTime": 1492828261.0,
    "playCount": 204,
    "commentCount": 3,
    "bulletCommentCount": 5,
    "imageUrl": "http://i2.hdslb.com/bfs/archive/253b14dc8b41c4270d026f352a8e5cb8b55f5f06.jpg",
    "feedback": {
        "like": "0",
        "coin": "5",
        "star": "7",
        "share": "75"
    },
    "comments": [
        "可以，好听。",
        "火钳刘明",
        "如果可以再次遇见你(〜￣△￣)〜"
    ],
    "tags": [
        "洛天依",
        "VOCALOID",
        "虚拟歌手",
        "音乐",
        "VOCALOID·UTAU",
        "刚好遇见你 李玉刚"
    ]
}