{
    "id": 10007706,
    "title": "【时间解说】星界边境生存实况EP 1：探索矿洞",
    "abstract": "我又回来了，最近因为生地会考的原因很忙，但还是感谢我8个粉丝没有退订，为了报答各位，我这周会尽量更2期视频（审核不通过别怪我了QAQ）",
    "authorId": 32150418,
    "uploadTime": 1492832607.0,
    "playCount": 77,
    "commentCount": 0,
    "bulletCommentCount": 0,
    "imageUrl": "http://i1.hdslb.com/bfs/archive/d7ca2c63c6ac2f6f36e1771bf04388ce8f448777.jpg",
    "feedback": {
        "like": "0",
        "coin": "4",
        "star": "0",
        "share": "55"
    },
    "comments": [],
    "tags": [
        "小游戏",
        "单机游戏",
        "游戏",
        "单机游戏",
        "星界边境",
        "手残",
        "实况",
        "游戏",
        "生存游戏解说"
    ]
}