{
    "id": 10006695,
    "title": "勇利性感之吻，维克托不要离开我",
    "abstract": "冰上的尤里\n看着他们，真的好有动力，特别喜欢这个番，希望一直连载下去吧。\nBGM：冰上的尤里/勇利华丽三部曲\n侵权必删。",
    "authorId": 87137835,
    "uploadTime": 1492831638.0,
    "playCount": 228,
    "commentCount": 3,
    "bulletCommentCount": 4,
    "imageUrl": "http://i1.hdslb.com/bfs/archive/ae113d460aace056e468bfcd1edf3a7abc87120c.jpg",
    "feedback": {
        "like": "4",
        "coin": "0",
        "star": "4",
        "share": "84"
    },
    "comments": [
        "赞赞赞赞赞",
        "up来抢楼。BGM：看介绍哈哈哈视频音效：19%原音，89%BGM",
        "第一，哈哈哈哈"
    ],
    "tags": [
        "动画",
        "综合",
        "尤里",
        "日本动画",
        "冰上的尤里",
        "滑冰",
        "维克托",
        "激情满满",
        "勇利"
    ]
}