{
    "id": 10006868,
    "title": "【偶像梦幻祭MMD】Super Psycho Love",
    "abstract": "借物见视频开头\n友也他怎么这么帅！！！！！！！！！！！！！！",
    "authorId": 21972609,
    "uploadTime": 1492827492.0,
    "playCount": 1173,
    "commentCount": 11,
    "bulletCommentCount": 9,
    "imageUrl": "http://i2.hdslb.com/bfs/archive/0959e0c63e64adeb93260ea48219b4d12a12db2f.jpg",
    "feedback": {
        "like": "6",
        "coin": "27",
        "star": "91",
        "share": "83"
    },
    "comments": [
        "我的第一張五星！抽到時是一臉懵逼：什麼時候出現的女角？！(ﾟДﾟ≡ﾟдﾟ)!?",
        "哎呀这个模好好看哇",
        "蔷薇十字的友也！！ε=ε=(ノ≧∇≦)ノ",
        "高产橙",
        "给友也打call!"
    ],
    "tags": [
        "动画",
        "MMD·3D",
        "真白友也",
        "偶像梦幻祭MMD"
    ]
}