{
    "id": 10006841,
    "title": "SN-DNF黑非的日常170422",
    "abstract": "DNF刚柱子",
    "authorId": 14280548,
    "uploadTime": 1492828448.0,
    "playCount": 47,
    "commentCount": 1,
    "bulletCommentCount": 0,
    "imageUrl": "http://i2.hdslb.com/bfs/archive/f33f650692e64e8a1ba67168ab8c22aeacedf6bb.jpg",
    "feedback": {
        "like": "1",
        "coin": "0",
        "star": "0",
        "share": "74"
    },
    "comments": [
        "消灭0回复，挽回up尊严→_→"
    ],
    "tags": [
        "DNF",
        "游戏",
        "网络游戏",
        "网络游戏"
    ]
}