{
    "id": 10007751,
    "title": "【snl】【各种好玩的小段子】【s37】  14 Mick.Jagger模仿Mick.Jagge",
    "abstract": "【snl】【各种好玩的小段子】【s37】",
    "authorId": 17785210,
    "uploadTime": 1492831297.0,
    "playCount": 4016,
    "commentCount": 11,
    "bulletCommentCount": 35,
    "imageUrl": "http://i2.hdslb.com/bfs/archive/365cbbd01842ec8465d06d0b778de8f84f231f71.jpg",
    "feedback": {
        "like": "64",
        "coin": "45",
        "star": "181",
        "share": "107"
    },
    "comments": [
        "大嘴：“居然要唱歌，我紧张的要死了。”",
        "哈哈哈哈",
        "卧槽差点笑死，太可爱了",
        "笑死了2333",
        "笑到窒息哈哈哈哈哈哈"
    ],
    "tags": [
        "SNL",
        "综艺",
        "娱乐",
        "综艺"
    ]
}