{
    "id": 10007698,
    "title": "[ 守望先锋 娱乐 ] 5段屁股日常搞笑小动画",
    "abstract": "https://www.youtube.com/watch?v=DS17C6u-AXM\n[ 守望先锋 娱乐 ] 5段屁股日常搞笑小动画",
    "authorId": 31974736,
    "uploadTime": 1492830607.0,
    "playCount": 6874,
    "commentCount": 25,
    "bulletCommentCount": 136,
    "imageUrl": "http://i2.hdslb.com/bfs/archive/ccfc88d7b52512251594d0f538fd1df7f08ef58e.jpg",
    "feedback": {
        "like": "0",
        "coin": "13",
        "star": "76",
        "share": "91"
    },
    "comments": [
        "为什么要让dva爆炸？你们总是喜欢刷这太yb了，你们有问过宋哈娜的感受吗，dva并不想爆炸，机甲很贵的！大黄蜂还是限量版！你们有考虑过这些吗？不！你们没有！你们只想拿全场最佳！",
        "几岁了？抢楼还没完了？",
        "感谢野生字幕君(°∀°)ﾉ",
        "up我英语过了46级信不信？不信？那还不加字幕？",
        "这个有人发了  撞车了(〜￣△￣)〜"
    ],
    "tags": [
        "游戏集锦",
        "守望先锋",
        "游戏",
        "电子竞技",
        "电子竞技",
        "第一视角"
    ]
}