{
    "id": 10007405,
    "title": "【BADec12th】第一天直播美滋滋 4.21",
    "abstract": "【BADec12th 4.21 录播】\n\n12月终于直播啦！第一天直播由于直播设置问题，12自己特别卡，以后就会好啦。希望大家多多支持12以及BA其他队员的直播。\n\np.s. 第一次录播，由于电脑配置垃圾，掉帧音画不同步卡顿模糊不完整我都没有办法哈哈哈，估计只能听听骚话了。\n\n12月直播间：熊猫957720\n\nBA其他队员直播间（熊猫）\n\n KK：197858 \n 与风：957714 \n Ninja：957807 \n 永伴：957743\n 东东：958292\n\nBA粉丝群: 144925777",
    "authorId": 28749847,
    "uploadTime": 1492830239.0,
    "playCount": 658,
    "commentCount": 6,
    "bulletCommentCount": 2,
    "imageUrl": "http://i2.hdslb.com/bfs/archive/1acb3e8df7475413befe07cbfba0713d4ab496e1.jpg",
    "feedback": {
        "like": "0",
        "coin": "4",
        "star": "4",
        "share": "69"
    },
    "comments": [
        "12月迷妹(｀・ω・´)这个好卡 下次调好了再播吧 不然大家都难受",
        "12月居然直播了(°∀°)ﾉ激动",
        "这么卡怎么看",
        "(⌒▽⌒)我来看看社会我mag的录播",
        "好棒好棒"
    ],
    "tags": [
        "守望先锋",
        "游戏",
        "电子竞技",
        "电子竞技",
        "录播",
        "BA",
        "12月12",
        "Dec12th"
    ]
}