{
    "id": 10007129,
    "title": "无主之地魔女 - 第33关",
    "abstract": "喵喵喵",
    "authorId": 12600408,
    "uploadTime": 1492829816.0,
    "playCount": 59,
    "commentCount": 0,
    "bulletCommentCount": 0,
    "imageUrl": "http://i2.hdslb.com/bfs/archive/cbdb8cd24d89f7bb6cd2c3f622d8ed35b0849e14.jpg",
    "feedback": {
        "like": "0",
        "coin": "0",
        "star": "0",
        "share": "71"
    },
    "comments": [],
    "tags": [
        "无主之地",
        "单机游戏",
        "游戏",
        "单机游戏"
    ]
}