{
    "id": 10007774,
    "title": "【てけてけ ASMR】耳朵清洁 Ear Cleaning No Talking",
    "abstract": "https://www.youtube.com/watch?v=z3hl8UBDkLI\n不要怀疑，这个视频就是从头到尾全是黑屏。审核一定要我改封面我也很无奈。这个youtuber是个超级新人，这个是它第一个视频，4月20号上传的，说实话我觉得除了太短和没有画面，这个耳朵清洁不错了，底噪小，技术佳，最后好像兴致来了快速地“划拉”了几下耳朵，可能稍显鬼畜。看到评论里说手抖，确实听着手抖哈哈哈哈，而且从头抖到尾。其实我挺好奇这个频道的日文是什么意思的，可惜我不懂日语也没有查到。\n【侵权删】",
    "authorId": 1752628,
    "uploadTime": 1492830585.0,
    "playCount": 608,
    "commentCount": 13,
    "bulletCommentCount": 0,
    "imageUrl": "http://i2.hdslb.com/bfs/archive/bc7f1407cbfbf8389b89db2cc9ec2c05a195d307.jpg",
    "feedback": {
        "like": "1",
        "coin": "3",
        "star": "23",
        "share": "80"
    },
    "comments": [
        "没有画面仔细听的话   感觉他手抖的好厉害啊  _(:3」∠)_",
        "据我所知是日本的都市传说 是下半身被切断只有上半身的中学女生的亡灵 但这里应该不是这个意思",
        "求封面高清原图【滑稽】",
        "我替up查了一下，有一个恐怖电影叫てけてけ。☻",
        "大写的封面"
    ],
    "tags": [
        "日本",
        "无人声",
        "搬运",
        "音乐选集"
    ]
}