{
    "id": 10007371,
    "title": "【血舞Crazy】我的世界地下空岛9 建设家园",
    "abstract": "技能系统，BOSS系统，成就系统，装备系统，应有尽有，好玩不伤身！",
    "authorId": 9200046,
    "uploadTime": 1492831450.0,
    "playCount": 557,
    "commentCount": 3,
    "bulletCommentCount": 15,
    "imageUrl": "http://i2.hdslb.com/bfs/archive/277fa64456babb408907e5e22de6ad764099082f.jpg",
    "feedback": {
        "like": "17",
        "coin": "3",
        "star": "9",
        "share": "81"
    },
    "comments": [
        "",
        "",
        "2020前来报道"
    ],
    "tags": [
        "我的世界",
        "游戏",
        "单机游戏",
        "生存",
        "Minecraft",
        "地下",
        "血舞",
        "mc"
    ]
}