{
    "id": 10006897,
    "title": "被霍金阻止，震撼全球的中国“天眼计划”，到底有多厉害？",
    "abstract": "http://www.toutiao.com/a6411484143179268610/\n霍金爷爷你好不厚道哦~\n群:682912470（不定期女装大佬福利）",
    "authorId": 8134391,
    "uploadTime": 1492827726.0,
    "playCount": 18833,
    "commentCount": 144,
    "bulletCommentCount": 138,
    "imageUrl": "http://i0.hdslb.com/bfs/archive/8072a95b0ca5cec2bafac5989492de3331411b0e.jpg",
    "feedback": {
        "like": "9",
        "coin": "12",
        "star": "138",
        "share": "91"
    },
    "comments": [
        "什么被霍金阻止。。他只是主张不要去联系外星人",
        "霍金老爷子不是不厚道，而是以现在地球的科技水平联系外星人简直是作死，就和当初西方发现美洲大陆一样对于外星人我们和土蕃没什么两样，当然不排除友好的外星人，但不怕一万就怕万一，如果联系的是充满侵略性与征服欲的外星人，美洲那些被大规模屠杀的例子摆在那呢，当然也可以假设外星人科技文明没有地球高那样的话还怎么联系。。。。",
        "我只是去上个厕所，回来一楼就被抢了。什么鬼？",
        "然后探测到了比地球强无数倍的高等文明，高等文明就折跃过来进行外交。同在一个维度，需要联合起来对抗高维度生命宇宙。高维度生命宇宙某日下来外交，你低维度生命宇宙有资格成为我附属宇宙了，高维度宇宙无数，我们在生命宇宙榜排行前一万，比上不足，比下有余。还有镜面宇宙，无尽宇宙监狱。这一次元由更高次元，皇极圣域掌控，以皇极圣域的实力，大概掌控了数千这样的次元宇宙。皇极圣域位于罗刹神国西北部边界，边界在都是未知区域，哪怕是神国之主都要惧之一二。西北部边界有三大巨头，皇极圣域，魔陀古寺，暗海神宫。西北部边界由罗刹神国一百零八神域之一天武域执掌，天武域其中属于垫底。罗刹神国在混沌神界的无数神国中，排行第13856，底蕴深不可测。这个次元有七大神界，混沌神界排行第6，第一为真理神界。只有真理神界才有资格沟通无边仙域。无边仙域，仙国无数，真理神国之所以保持第一，因为能够沟通到无边仙域其中一个仙国，这个仙国在无数仙国中都能排进千名之内，底蕴恐怖至极。无边仙域在三十三天仙域排行第三十。其中第一仙域最为恐怖，其中只有一人掌控一天仙域，云雾仙帝，传说他一人就能灭掉一天仙域，又有传说云雾仙帝是从那里下来的，就算是仙国国主，提到那里都会惊恐万分。那里，名为千古世界。千古世界，无数宗门势力纵横交错，其中有七大帝尊，云雾仙帝就是其中一位帝尊的儿子。千古世界之上便是万古世界，千古世界无数。万古世界只有一座，这个千古世界就是掌握在～～～～～～～～这万古世界名为真灵大世界。至尊世界榜～～～～～～～～～～～～～～～～在地球中国X省X市，一个少年偶然获得一灰色石头，隐匿于灵魂之中，大天造化决～～～～(〜￣△￣)〜",
        "看完了，一个霍字都没提到"
    ],
    "tags": [
        "知识",
        "社科·法律·心理",
        "霍金",
        "趣味科普人文",
        "天眼计划"
    ]
}