{
    "id": 10007092,
    "title": "从荣耀谈到王者荣耀，全职高手和腾讯将带来什么呢？",
    "abstract": "欢迎各种讨论，各位怎么看待腾讯和全职呢，各位对于我的投稿有什么意见和建议，不要犹豫的砸过来吧~说不定我会周更哦~~",
    "authorId": 13719947,
    "uploadTime": 1492828344.0,
    "playCount": 32559,
    "commentCount": 649,
    "bulletCommentCount": 266,
    "imageUrl": "http://i0.hdslb.com/bfs/archive/486098c306f8083be8fb2031cd2bc15bfcdfc8ca.jpg",
    "feedback": {
        "like": "19",
        "coin": "2224",
        "star": "488",
        "share": "148"
    },
    "comments": [
        "tx游戏平台准备挑战steam",
        "腾讯虽然毁了很多游戏，但是作为一个大金主，腾讯在动漫这一块发挥了很大的作用，除了腾讯，谁敢难道花钱投入在动漫产业上？谁敢做各种尝试？做成功了，反而是对整个动漫产业的带动的作用，投资也会越来越多，我们不缺技术，有足够的时间，足够的金钱，我们一样可以完成优秀的作品。感谢腾讯爸爸给玄机娘娘投资。",
        "先说王者荣耀，定义竞技游戏是没错的，有职业赛，kpl，也有一部分人靠这个生活，并没有那么多人说的一无是处，然后说腾讯，有个视频我也说过，即使没有腾讯，也会有，马迅，牛迅，别人来做并不一定比腾讯好，我们大多是普通人，都在用腾讯的软件，玩游戏多少冲过钱，买的是自己开心，我也花了一万左右，并没有觉得被坑，我觉得游戏越做越好，多听玩家意见就行，花点钱支持也是应该的。但是为了面子去花钱装逼，自找苦吃。最后说动漫，up说的不错，中国几千年历史，光不要版权费的故事都数不清，十多亿人口，对这方面感兴趣的人也不会少。但是动漫需要资金，大量的资金，还会出错，投进去的钱就白投了，还要必须火，不火就亏。有人支持国内动漫产业，我觉得，很高兴啊，看着国漫发展，恨不得自己也去帮忙，为什么？因为凭什么，10几亿人口大国，搞个动漫老是被人嘲笑？被人喷。",
        "王者荣耀，可以是一个人的游戏。荣耀，从来都不是一个人的游戏。",
        "腾讯动漫可以说是国产中的良心，至于腾讯游戏嘛……给我忘死里骂！龟孙！"
    ],
    "tags": [
        "动漫杂谈",
        "王者荣耀",
        "国创",
        "国产原创相关",
        "电子竞技",
        "新番",
        "全职高手",
        "腾讯",
        "吐槽",
        "视美精典"
    ]
}