{
    "id": 10006852,
    "title": "張敬軒《绝》黄伟文作词，什么叫绝望，抬起眼望望，轩仔唱的好深情，诠释了这份悲凉",
    "abstract": "微博 張敬軒《绝》黄伟文作词，什么叫绝望，抬起眼望望，轩仔唱的好深情，诠释了这份悲凉",
    "authorId": 36066638,
    "uploadTime": 1492827595.0,
    "playCount": 86912,
    "commentCount": 133,
    "bulletCommentCount": 274,
    "imageUrl": "http://i0.hdslb.com/bfs/archive/0aba5a779ad255a1c2b21a55bfae6f589114adee.jpg",
    "feedback": {
        "like": "996",
        "coin": "269",
        "star": "2086",
        "share": "551"
    },
    "comments": [
        "他是唯一一个我愿意拼尽自己全力去保护的一个不存在在我现实生活里的人。",
        "最深情的眼神给了提词器(-_-#)",
        "造谣者死全家",
        "b站直接搜张敬轩搜不到视频呀？",
        "看见你就感动 喜欢十年了"
    ],
    "tags": [
        "音乐",
        "音乐综合",
        "張敬軒",
        "粤语歌"
    ]
}