{
    "id": 10007759,
    "title": "[ 守望先锋 娱乐 ] 真人版，超级玛丽 VS 堡垒！",
    "abstract": "https://www.youtube.com/watch?v=e5gvZBTghAc\n[ 守望先锋 娱乐 ] 真人版，超级玛丽 VS 堡垒！",
    "authorId": 31974736,
    "uploadTime": 1492830655.0,
    "playCount": 2528,
    "commentCount": 11,
    "bulletCommentCount": 15,
    "imageUrl": "http://i2.hdslb.com/bfs/archive/bbbe78ba0a2b91dfb1ab6185ac211ffe2dd66865.jpg",
    "feedback": {
        "like": "0",
        "coin": "1",
        "star": "7",
        "share": "75"
    },
    "comments": [
        "哔哔哔  328  哔哔哔哔哔30   哔哔哔哔哔哔哔哔哔哔哔哔8    哔哔",
        "哔哔哔哔？(°∀°)ﾉ",
        "晴朗的一天堡垒舒适的晒着太阳 四周都是清新的空气，他舒适极了，身旁的小鸟在自己的身边安静的睡着但是小鸟的孩子，就这样被一个不速之客杀死了。堡垒虽然没有感情，但是它也十分的愤怒。他试图将坏人杀害，但是坏人却吃掉了奇怪的东西。堡垒到死都没有想到他做错了什么",
        "有毒2333",
        "路人:MDZZ"
    ],
    "tags": [
        "游戏集锦",
        "守望先锋",
        "游戏",
        "电子竞技",
        "电子竞技",
        "第一视角"
    ]
}