{
    "id": 10006783,
    "title": "【泰西】【TaeSsica】停格（深爱是残忍的）",
    "abstract": "圈地自萌，日常自虐。",
    "authorId": 8477142,
    "uploadTime": 1492831653.0,
    "playCount": 6655,
    "commentCount": 18,
    "bulletCommentCount": 57,
    "imageUrl": "http://i2.hdslb.com/bfs/archive/0952d9089e4d7d9ca501a7a1b48621f80dcaefc8.png",
    "feedback": {
        "like": "53",
        "coin": "61",
        "star": "252",
        "share": "75"
    },
    "comments": [
        "真的泰西b站横着走  就算搜郑秀晶和少女时代  最后都有推荐泰西的",
        "之前就觉得停格这首歌很适合泰西，感谢up主做的这么好",
        "最虐的泰西",
        "最虐不过我泰西T_T",
        "表白泰西和up主～(￣▽￣～)"
    ],
    "tags": [
        "郑秀妍",
        "金泰妍",
        "娱乐",
        "明星",
        "明星",
        "泰西",
        "泰妍",
        "泰西卡",
        "taessica",
        "Jessica",
        "Taessica",
        "TaeSsica",
        "TaeYeon"
    ]
}