{
    "id": 10007537,
    "title": "今日头条：骚逼不死总统只身对抗神秘PY势力—黑道圣徒VI",
    "abstract": "大概就是这么赶的视频，杂音没时间处理了各位抱歉",
    "authorId": 12371856,
    "uploadTime": 1492831859.0,
    "playCount": 170,
    "commentCount": 2,
    "bulletCommentCount": 0,
    "imageUrl": "http://i0.hdslb.com/bfs/archive/7020dd39751db23590187257f677766c20a68331.jpg",
    "feedback": {
        "like": "0",
        "coin": "6",
        "star": "3",
        "share": "68"
    },
    "comments": [
        "徒弟加油(｀・ω・´)"
    ],
    "tags": [
        "黑道圣徒",
        "看门狗2",
        "游戏",
        "单机游戏",
        "黑道圣徒4",
        "GTA 5",
        "GTA日常"
    ]
}