{
    "id": 10007161,
    "title": "【Build A Bridge】西方记者不收过桥费",
    "abstract": "新人首次上传，还请大家多多指教。手机游戏《Build A Bridge》，比想象还是要难的",
    "authorId": 10434123,
    "uploadTime": 1492829443.0,
    "playCount": 218,
    "commentCount": 1,
    "bulletCommentCount": 2,
    "imageUrl": "http://i0.hdslb.com/bfs/archive/8466a5d19bc256c53fad1b64f032e9fc4dae2ba3.jpg",
    "feedback": {
        "like": "1",
        "coin": "9",
        "star": "2",
        "share": "89"
    },
    "comments": [
        "支持一下"
    ],
    "tags": [
        "游戏",
        "手机游戏",
        "手机游戏",
        "手残",
        "新人",
        "娱乐",
        "新人向"
    ]
}