{
    "id": 10007086,
    "title": "【日配】一纸情书，一首情歌",
    "abstract": "up主终于作死成功，感冒了qwq，求弹幕求收藏求关注√\n还是一人配完了所有角色，希望大家喜欢ww\n按照个人口味做了相对的修改w\n特别鸣谢小伙伴b站id3435862的人设，超软萌~\n有什么问题欢迎各位佬爷私信指导~~\n喜欢的老爷点关注点收藏~发个弹幕~有支持才有动力~啦啦啦！\n直播间：http://live.bilibili.com/2269847",
    "authorId": 2507241,
    "uploadTime": 1492828701.0,
    "playCount": 364,
    "commentCount": 15,
    "bulletCommentCount": 7,
    "imageUrl": "http://i2.hdslb.com/bfs/archive/be9de2d5a822d84c996e9c08aed2a9773a08de90.jpg",
    "feedback": {
        "like": "4",
        "coin": "23",
        "star": "9",
        "share": "67"
    },
    "comments": [
        "这次b站突然抽风，标题改为中文(译文)，故改了封面，标题也重新更正过了T T",
        "把封面娇出来",
        "突然过了气（忍住笑）",
        "承包弹幕～",
        "承包千代酱酱"
    ],
    "tags": [
        "动画",
        "短片·手书·配音",
        "ACG配音",
        "日配",
        "剧 情",
        "一人役",
        "桜の町"
    ]
}