{
    "id": 10007764,
    "title": "【骑马与砍杀】：潘德G3.25继续回归（6）",
    "abstract": "自制 搞搞暗影军团的积分，说实话好想刷一匹精灵马啊，下期先去把狼哥坑掉拿到狼斧再说。。。",
    "authorId": 24418420,
    "uploadTime": 1492832793.0,
    "playCount": 396,
    "commentCount": 2,
    "bulletCommentCount": 0,
    "imageUrl": "http://i2.hdslb.com/bfs/archive/a290abe3a4d61957c4c1e718510c917466c8c0e0.jpg",
    "feedback": {
        "like": "6",
        "coin": "6",
        "star": "2",
        "share": "79"
    },
    "comments": [
        "。。。。",
        "日常。"
    ],
    "tags": [
        "骑马与砍杀",
        "游戏解说",
        "游戏",
        "单机游戏",
        "实况攻略",
        "潘德的预言G",
        "SL大法好",
        "毫无违和のBGM",
        "各种神作",
        "前期单刷后期攻城向",
        "论1/4伤的好处"
    ]
}