{
    "id": 10007540,
    "title": "自卫队馒头七杀录像",
    "abstract": "虽然谢尔曼是战车里的豪杰，但是在这个分房生存环境还是相当恶劣的，杀了七个但是最后还是输了。。。",
    "authorId": 1111501,
    "uploadTime": 1492830378.0,
    "playCount": 104,
    "commentCount": 1,
    "bulletCommentCount": 4,
    "imageUrl": "http://i1.hdslb.com/bfs/archive/10f53f3cc86718ca7c1377591a6a41284b90c36a.jpg",
    "feedback": {
        "like": "0",
        "coin": "2",
        "star": "0",
        "share": "75"
    },
    "comments": [
        "666"
    ],
    "tags": [
        "游戏",
        "网络游戏",
        "战争雷霆陆战",
        "历史模式",
        "M4A3"
    ]
}