{
    "id": 10007477,
    "title": "【2v2诸神对决大翻盘，暗牧是个好东西希望你们都有一个】  《小冰冰传奇》",
    "abstract": "游戏名：小冰冰传奇\n内容：2v2诸神对决 暗牧实现惊天大逆转！！！",
    "authorId": 66581733,
    "uploadTime": 1492832267.0,
    "playCount": 3259,
    "commentCount": 6,
    "bulletCommentCount": 7,
    "imageUrl": "http://i2.hdslb.com/bfs/archive/ed15a9cc57b21fd75e7604ab5197ca0750499e3e.jpg",
    "feedback": {
        "like": "7",
        "coin": "2",
        "star": "2",
        "share": "91"
    },
    "comments": [
        "上面说小鹿的，暗牧主要作用是加了个薄葬，不是回血，主将的血是正常的5倍，能回多少血？",
        "说的好，我选择小鹿(=・ω・=)",
        "卡帕的pa",
        "我曾经十秒搞定对面，用天照",
        "刀塔传奇SF裙533～5042 上线v6钻石8666+签到五星英雄，高比例高返利"
    ],
    "tags": [
        "游戏",
        "手机游戏",
        "手机游戏",
        "游戏视频",
        "游戏",
        "直播录像"
    ]
}