{
    "id": 10007327,
    "title": "urara迷路帖op",
    "abstract": "挺喜欢这部动漫的op，芳文跳万岁",
    "authorId": 10836654,
    "uploadTime": 1492829026.0,
    "playCount": 455,
    "commentCount": 3,
    "bulletCommentCount": 2,
    "imageUrl": "http://i2.hdslb.com/bfs/archive/1847c56bb47df33a97403bad1ae8e3b134cc652d.jpg",
    "feedback": {
        "like": "4",
        "coin": "2",
        "star": "2",
        "share": "82"
    },
    "comments": [
        "⊙∀⊙！up！交上谱子",
        "围观口琴urara……(〜￣△￣)〜"
    ],
    "tags": [
        "演奏",
        "音乐",
        "演奏",
        "口琴奏",
        "独奏"
    ]
}