{
    "id": 10007051,
    "title": "Interflora 'Grandparents' (65 sek)",
    "abstract": "转载来自youtube\nInterflora 'Grandparents' (65 sek)",
    "authorId": 13145494,
    "uploadTime": 1492828274.0,
    "playCount": 252,
    "commentCount": 1,
    "bulletCommentCount": 1,
    "imageUrl": "http://i2.hdslb.com/bfs/archive/1adac1589959f6be46661115ed46d2927dc70d89.jpg",
    "feedback": {
        "like": "3",
        "coin": "2",
        "star": "7",
        "share": "71"
    },
    "comments": [
        "这个interfloar做的视频好是好，但是看不懂啊。。"
    ],
    "tags": [
        "生活",
        "日常",
        "防不胜防",
        "温情广告"
    ]
}