{
    "id": 10007007,
    "title": "【恶魔在身边】1-5“我越来越有信心了，从现在开始，我要把那个恶魔彻底从我的人生中踢掉。”",
    "abstract": "转载自网络\nflag已立！",
    "authorId": 16596335,
    "uploadTime": 1492830537.0,
    "playCount": 45802,
    "commentCount": 17,
    "bulletCommentCount": 799,
    "imageUrl": "http://i2.hdslb.com/bfs/archive/b3c90641ef363786e995b10ded2b4053c849c992.jpg",
    "feedback": {
        "like": "196",
        "coin": "22",
        "star": "277",
        "share": "102"
    },
    "comments": [
        "跟着up来追剧",
        "笔芯！",
        "来晚了",
        "打卡~",
        "表白up!!!(°∀°)ﾉ"
    ],
    "tags": [
        "杨丞琳",
        "影视",
        "影视剪辑",
        "恶魔在身边",
        "贺军翔",
        "我的淘气王子",
        "江猛齐悦"
    ]
}