{
    "id": 10007255,
    "title": "【剑三】丐帮pvp基础入门",
    "abstract": "丐帮的门派刻板印象：喝酒，玩鸟，打女人。\n哈哈哈。",
    "authorId": 52069023,
    "uploadTime": 1492830203.0,
    "playCount": 8532,
    "commentCount": 92,
    "bulletCommentCount": 66,
    "imageUrl": "http://i1.hdslb.com/bfs/archive/4fb7d71a0420a11d45b42ffe781b4f9db9ffdf0b.jpg",
    "feedback": {
        "like": "7",
        "coin": "93",
        "star": "382",
        "share": "162"
    },
    "comments": [
        "那我纯阳不就是溜鹤 画符 炸气场( ´_ゝ｀)",
        "说错了件事，乾卦第一爻是潜龙勿用，第二是见（现）龙在田，第五爻才是****~→_→虽然和丐帮pvp没什么相关的，哈哈哈",
        "萌新秀奶每次遇见丐帮都瑟瑟发抖",
        "我想玩丐帮，但是亲友们不让我玩，说伤害低有僵直，让我好好玩我的霸刀",
        "阿婆祖声音好好听。。赞！！！！"
    ],
    "tags": [
        "剑网3",
        "游戏",
        "网络游戏",
        "网络游戏",
        "僵直好烦啊",
        "丐帮",
        "剑网三",
        "ACT",
        "敦敦敦",
        "笑尘诀"
    ]
}