{
    "id": 10007408,
    "title": "最佳时刻240：星界遨游 轨道半径我做主 龙王五杀",
    "abstract": "youtube\n最佳时刻240：星界遨游 轨道半径我做主 龙王五杀",
    "authorId": 92654539,
    "uploadTime": 1492830150.0,
    "playCount": 350,
    "commentCount": 0,
    "bulletCommentCount": 0,
    "imageUrl": "http://i0.hdslb.com/bfs/archive/da6aa9c4fef22071b0b37fee427266d8d06c9aab.jpg",
    "feedback": {
        "like": "0",
        "coin": "0",
        "star": "2",
        "share": "70"
    },
    "comments": [],
    "tags": [
        "英雄联盟",
        "游戏",
        "电子竞技",
        "电子竞技",
        "飞熊字幕组",
        "飞熊TV"
    ]
}