{
    "id": 10006802,
    "title": "【择天记】【陈长生X落落】 【鹿晗X吴倩】用5种BGM打开师徒CP",
    "abstract": "为师徒CP爆灯",
    "authorId": 3986283,
    "uploadTime": 1492827642.0,
    "playCount": 5236,
    "commentCount": 27,
    "bulletCommentCount": 68,
    "imageUrl": "http://i1.hdslb.com/bfs/archive/ce2dda473161b475ed80c5a43319090570ea0e72.jpg",
    "feedback": {
        "like": "1",
        "coin": "52",
        "star": "113",
        "share": "90"
    },
    "comments": [
        "热心网友~(｀・ω・´)1.《千年等一回》2.《少年游》3.《倒霉孩子养成日记》4·《霍元甲》5.《山有木兮》",
        "觉得这俩人有cp感(°∀°)ﾉ",
        "为了你两，追就追！虐到哭也要追！",
        "站定大生落～即使后面虐我也不动摇",
        "啊啊啊不行了太甜了啊，娜扎虽然也好但是姐姐感太重了，这对才是喜欢的感觉啊"
    ],
    "tags": [
        "择天记",
        "吴倩",
        "鹿晗",
        "影视",
        "影视剪辑",
        "剪辑",
        "影视剪影",
        "陈长生",
        "落落"
    ]
}