{
    "id": 10007246,
    "title": "【上班族的便当】-黑木耳，是一种营养丰富的著名食用菌 : )",
    "abstract": "黑木耳多好的一种菌类。凉拌黑木耳简直就是凉菜中的扛把子，详细图文讲解及更多美食视频欢迎关注【微信公众号：上班族的便当】关注一个呗~~",
    "authorId": 50660116,
    "uploadTime": 1492856347.0,
    "playCount": 15498,
    "commentCount": 132,
    "bulletCommentCount": 41,
    "imageUrl": "http://i2.hdslb.com/bfs/archive/943ba8de8e702264c4f47a0a4ff1c0f3df48972b.jpg",
    "feedback": {
        "like": "44",
        "coin": "59",
        "star": "939",
        "share": "161"
    },
    "comments": [
        "黑**不是那啥么..",
        "看见标题我就知道评论区什么模样了( ´_ゝ｀)",
        "评论区一堆**号也是壮观(⌒▽⌒)",
        "感觉饭饭的视频，弹幕都是：大家好，我是。。。。，都没有抢第一的了",
        "一种食用菌(=・ω・=)"
    ],
    "tags": [
        "美食",
        "美食",
        "美食制作",
        "美食视频",
        "制作教程",
        "美食圈",
        "黑木耳",
        "上班族的便当",
        "凉拌黑木耳"
    ]
}