{
    "id": 10007056,
    "title": "【血舞Crazy】我的世界地下空岛5 沙漠岛",
    "abstract": "技能系统，BOSS系统，成就系统，装备系统，应有尽有，好玩不伤身！",
    "authorId": 9200046,
    "uploadTime": 1492829494.0,
    "playCount": 942,
    "commentCount": 6,
    "bulletCommentCount": 32,
    "imageUrl": "http://i0.hdslb.com/bfs/archive/d2284f72a942f735e284893f76fcc5bf9511d98d.jpg",
    "feedback": {
        "like": "22",
        "coin": "13",
        "star": "7",
        "share": "76"
    },
    "comments": [
        "蝙蝠时代前来考古",
        "第一。",
        "反饭圈时代前来考古",
        "考古",
        "第2，前来考古"
    ],
    "tags": [
        "我的世界",
        "游戏",
        "单机游戏",
        "生存",
        "Minecraft",
        "地下",
        "血舞",
        "mc"
    ]
}