{
    "id": 10007644,
    "title": "【嘉量舞团】那座桥",
    "abstract": "由中国计量大学嘉量舞团的三位帅气小伙子翻跳刘福洋的《那座桥》，希望大家喜欢~",
    "authorId": 105537628,
    "uploadTime": 1492832056.0,
    "playCount": 1563,
    "commentCount": 2,
    "bulletCommentCount": 12,
    "imageUrl": "http://i1.hdslb.com/bfs/archive/e74611fc8aa0d3ee53ad87e17fedd991475826d6.jpg",
    "feedback": {
        "like": "4",
        "coin": "6",
        "star": "22",
        "share": "88"
    },
    "comments": [
        "一点儿都不好看，我也就是下载下来循环了一下午而已",
        "（⌒▽⌒）跳的超级棒 怀挺！"
    ],
    "tags": [
        "现代舞",
        "翻跳",
        "舞蹈",
        "舞蹈综合",
        "舞蹈",
        "现场"
    ]
}