{
    "id": 10007006,
    "title": "两仪式新版盾中单",
    "abstract": "延迟比较高玩的很差，这版本盾的作用视频里又说，没有之前那么强势了.",
    "authorId": 2548436,
    "uploadTime": 1492828585.0,
    "playCount": 66,
    "commentCount": 3,
    "bulletCommentCount": 0,
    "imageUrl": "http://i1.hdslb.com/bfs/archive/8a186e6cbe5e9cc13974eb355b77768d225f0678.jpg",
    "feedback": {
        "like": "0",
        "coin": "2",
        "star": "2",
        "share": "80"
    },
    "comments": [
        "大佬中怎么打灵梦啊"
    ],
    "tags": [
        "300英雄",
        "游戏",
        "电子竞技",
        "电子竞技",
        "网络游戏",
        "两仪式",
        "教学",
        "攻略",
        "杂谈"
    ]
}