{
    "id": 10006878,
    "title": "安福桑",
    "abstract": "sm17927473\n原标题：安福さん\n原作者：感想\n元凶是吧？请开始你的表演。",
    "authorId": 4622162,
    "uploadTime": 1492827558.0,
    "playCount": 548,
    "commentCount": 8,
    "bulletCommentCount": 2,
    "imageUrl": "http://i0.hdslb.com/bfs/archive/ad21ac58fe04ef60309bc5eeeff933761dd9101d.jpg",
    "feedback": {
        "like": "3",
        "coin": "1",
        "star": "30",
        "share": "76"
    },
    "comments": [
        "这个系列求科普下 为何封面和标题都是一样的 像是膳",
        "我一直以为安福桑是竹刀少女里的角色啊",
        "不错啦",
        "***"
    ],
    "tags": [
        "鬼畜",
        "鬼畜",
        "音MAD",
        "天才麻将少女",
        "音MAD",
        "○○のウエライド",
        "一切的元凶",
        "安福莉子",
        "咲-Saki-",
        "安福桑封面统一",
        "安福桑"
    ]
}