{
    "id": 10006722,
    "title": "听说大家喜欢电音！？嘿嘿嘿【电音】",
    "abstract": "~（@∨@~）啦啦啦\n求大家帮忙扩列啊………以后一定还会有棒棒的作品的 求支持！！！………Lead_Azide 合作团公用id 欢迎入团 591776777（qq群……）",
    "authorId": 19546688,
    "uploadTime": 1492827254.0,
    "playCount": 450,
    "commentCount": 7,
    "bulletCommentCount": 4,
    "imageUrl": "http://i0.hdslb.com/bfs/archive/279e7946eaec59ea96dccaab8d8062ba4b2ffe8d.jpg",
    "feedback": {
        "like": "1",
        "coin": "13",
        "star": "3",
        "share": "79"
    },
    "comments": [
        "所以曲子是叫嘿嘿嘿是吗",
        "稳(｀・ω・´)",
        "我是前排",
        "第一！好听，加油！",
        "(〜￣△￣)〜"
    ],
    "tags": [
        "编曲",
        "电子音乐",
        "原创歌曲",
        "电音",
        "音乐",
        "电音",
        "FL STUDIO",
        "纯音乐",
        "原创",
        "国人原创",
        "原创音乐",
        "原创曲"
    ]
}