{
    "id": 10006893,
    "title": "【私房猫】艾露莎偷跑",
    "abstract": "昨天晚上录的一期偷跑后面的fatego视频实在懒得剪了各位就将就看看吧qwq",
    "authorId": 6483081,
    "uploadTime": 1492828327.0,
    "playCount": 6389,
    "commentCount": 52,
    "bulletCommentCount": 66,
    "imageUrl": "http://i1.hdslb.com/bfs/archive/3665b992eab4c77b46971b3c55bd474e06450c40.png",
    "feedback": {
        "like": "23",
        "coin": "133",
        "star": "50",
        "share": "152"
    },
    "comments": [
        "随便录了一期，所以不是很正式各位就将就的看看吧(〜￣△￣)〜",
        "……你队友真吵",
        "连麦的人真是话痨   搞得我差点直接关视频了(´･_･`)",
        "连麦的这是污暗？天天毒鸡汤→_→",
        "猫居然能偷跑？不存在的(〜￣△￣)〜"
    ],
    "tags": [
        "300英雄",
        "游戏",
        "电子竞技",
        "电子竞技",
        "艾露莎",
        "偷跑"
    ]
}