{
    "id": 10006825,
    "title": "帝后",
    "abstract": "自割大腿肉。",
    "authorId": 15363632,
    "uploadTime": 1492827550.0,
    "playCount": 2000,
    "commentCount": 2,
    "bulletCommentCount": 71,
    "imageUrl": "http://i0.hdslb.com/bfs/archive/d71d1c8d80bc5a26d6d14257b23dbff34a5c480e.jpg",
    "feedback": {
        "like": "7",
        "coin": "2",
        "star": "10",
        "share": "61"
    },
    "comments": [
        "又蠢又笨",
        "宫斗冠军教不下去了"
    ],
    "tags": [
        "影视",
        "影视剪辑",
        "苍穹之昴",
        "田中裕子",
        "剧评杂谈",
        "慈禧cut"
    ]
}