{
    "id": 10007621,
    "title": "大师兄的卢锡安能进能出行云流水-歪果召唤师",
    "abstract": "youtube\n大师兄的卢锡安能进能出行云流水-歪果召唤师",
    "authorId": 92654539,
    "uploadTime": 1492830803.0,
    "playCount": 348,
    "commentCount": 2,
    "bulletCommentCount": 0,
    "imageUrl": "http://i2.hdslb.com/bfs/archive/e70cceef1a12add25a9ba2d3665d14e79b159574.jpg",
    "feedback": {
        "like": "1",
        "coin": "1",
        "star": "2",
        "share": "68"
    },
    "comments": [
        "很厉害",
        "→_→"
    ],
    "tags": [
        "英雄联盟",
        "游戏",
        "电子竞技",
        "电子竞技",
        "飞熊字幕组",
        "飞熊TV"
    ]
}