{
    "id": 10007164,
    "title": "【J.Fla翻唱】【1080P】Drake - Passionfruit 中英字幕",
    "abstract": "https://youtu.be/hY3e34dviRo 喜欢J.Fla的朋友加群：575981956\n@JFLAMusic UP自翻中英字幕\nFacebook：http://bit.ly/2hl6FFt\nTwitter：http://bit.ly/2lzDBgt\nInstagram：http://bit.ly/1RRFc9U",
    "authorId": 95849868,
    "uploadTime": 1492831879.0,
    "playCount": 43284,
    "commentCount": 104,
    "bulletCommentCount": 260,
    "imageUrl": "http://i0.hdslb.com/bfs/archive/a0094292065efa2080fa84306d9213f58ce06917.png",
    "feedback": {
        "like": "16",
        "coin": "233",
        "star": "1121",
        "share": "245"
    },
    "comments": [
        "播放设置，后台播放，我有一个网易云音乐它叫哔哩哔哩",
        "坐等人猿小姐姐",
        "完美侧脸",
        "听了她的挺多歌，但是发现大多数都是用可爱的声音唱的，有些狂野的歌根本不适合，声音是好，但没有感情。。。",
        "你们真的听不出这么严重的调音痕迹吗。。"
    ],
    "tags": [
        "翻唱",
        "音乐",
        "翻唱",
        "中英字幕",
        "COVER",
        "音乐",
        "字幕",
        "Jfla"
    ]
}