{
    "id": 10006826,
    "title": "【宫野真守】孤岛之鬼(原作: 江户川乱步) 朗读CD-上 [中日双语]",
    "abstract": "下半部分：av10997257\n自购自制 孤島の鬼 朗読CD  (海王社文庫)\n 原作：江户川乱步 \n 朗读：宫野真守\n 封面：座裏屋 蘭丸",
    "authorId": 12295693,
    "uploadTime": 1492831667.0,
    "playCount": 13290,
    "commentCount": 91,
    "bulletCommentCount": 34,
    "imageUrl": "http://i2.hdslb.com/bfs/archive/23ce613af00597828361322d6c45417924c63472.jpg",
    "feedback": {
        "like": "195",
        "coin": "372",
        "star": "2595",
        "share": "197"
    },
    "comments": [
        "看封面还以为宫野真守下海了233",
        "最近时间比较紧，后面还有十几分钟的正篇和三分的ft，等有时间窝尽快赶出来，蟹蟹亲们了",
        "哒宰桑来朗读乱步桑的作品了。（￣▽￣）",
        "这部作品当年印象深刻，诡计和推理不出色但是有…完美精英攻x小白直男这单箭头BE，我很同情死去前还念念不忘小白男主的男二~呜",
        "看到江户川乱步莫名想到卡米亚桑"
    ],
    "tags": [
        "宫野真守",
        "日本",
        "番剧",
        "官方延伸",
        "江户川乱步",
        "中日双语",
        "朗读作品",
        "孤岛之鬼",
        "mamo",
        "座裏屋蘭丸"
    ]
}