{
    "id": 10006685,
    "title": "【董思成/钱锟】WINWIN和KUN 中国LINE 昀锟CP 昀昀 KUN",
    "abstract": "https://m.youtube.com/watch?v=PiiryY0XVtQ\n原视频地址：https://m.youtube.com/watch?v=PiiryY0XVtQ\n原视频标题：WinKun Couple  Winwin and Kun  - YouTube\ncr: dong sicheng(Youtube)\nUP：中国LINE的美好友谊~希望KUN可以快快出道 等你的好消息 大家可以尝试给他发微博私信哦~",
    "authorId": 4383923,
    "uploadTime": 1492827262.0,
    "playCount": 9801,
    "commentCount": 24,
    "bulletCommentCount": 92,
    "imageUrl": "http://i1.hdslb.com/bfs/archive/cb66757a91e4adb006122260343e9360d03b5b97.jpg",
    "feedback": {
        "like": "32",
        "coin": "5",
        "star": "114",
        "share": "98"
    },
    "comments": [
        "我真的特别喜欢这个时期winwin的造型和颜啊",
        "withoutyou kun的嗓音简直迷倒我 哥哥什么时候出道啊",
        "等哥哥出道啊，真的超想你超想你，最近想你想到肝疼……",
        "感觉琨琨跟我老大是一个性子。好喜欢，但是感觉又不像。。。。D.O.&KUN？？？！",
        "为什么弹幕有很多踩一捧一🙃🙃还是在这种频踩🙄"
    ],
    "tags": [
        "钱锟",
        "董思成",
        "NCT",
        "Korea相关",
        "娱乐",
        "明星",
        "明星",
        "winwin",
        "中国line",
        "kun",
        "昀锟CP",
        "WinKun"
    ]
}