{
    "id": 10007386,
    "title": "欢乐鱼塘94：我们靠数量-小兵的当主角",
    "abstract": "youtube\n欢乐鱼塘94：我们靠数量-小兵的当主角",
    "authorId": 92654539,
    "uploadTime": 1492829862.0,
    "playCount": 52,
    "commentCount": 0,
    "bulletCommentCount": 0,
    "imageUrl": "http://i2.hdslb.com/bfs/archive/22c5c6c70e4404c1edfc9da4b7f012a7029120ba.jpg",
    "feedback": {
        "like": "0",
        "coin": "0",
        "star": "0",
        "share": "90"
    },
    "comments": [],
    "tags": [
        "英雄联盟",
        "游戏",
        "电子竞技",
        "电子竞技",
        "飞熊字幕组",
        "飞熊TV"
    ]
}