{
    "id": 10006817,
    "title": "【IU&GD】 Palette MV",
    "abstract": "空气变甜^",
    "authorId": 89528965,
    "uploadTime": 1492831655.0,
    "playCount": 18250,
    "commentCount": 11,
    "bulletCommentCount": 30,
    "imageUrl": "http://i0.hdslb.com/bfs/archive/36fdd714c0b776b0d0bcd54cd282b0833392b52a.png",
    "feedback": {
        "like": "21",
        "coin": "9",
        "star": "209",
        "share": "108"
    },
    "comments": [
        "王炸cp！gu党福利啊",
        "表白王炸",
        "就好喜欢他俩",
        "酷狗真是越来越坏了，不仅这首歌没有，龙哥的其它歌都待是VIP才能听😡",
        "爱油！"
    ],
    "tags": [
        "权志龙",
        "IU",
        "娱乐",
        "明星",
        "GD",
        "李知恩",
        "Palette"
    ]
}