{
    "id": 10007776,
    "title": "我要让这个学校火起来！！！",
    "abstract": "步步高航拍\n这是我们的学校！！！",
    "authorId": 37556249,
    "uploadTime": 1492831135.0,
    "playCount": 144,
    "commentCount": 2,
    "bulletCommentCount": 2,
    "imageUrl": "http://i0.hdslb.com/bfs/archive/9b8f5f9a01f566bfd225d73219634473897e10d7.jpg",
    "feedback": {
        "like": "0",
        "coin": "2",
        "star": "1",
        "share": "82"
    },
    "comments": [
        "以前高中老师总说高中紧，大学就松了。现在想想真是一句值得细细品味的一句话",
        "好想去这个学校( ´_ゝ｀)"
    ],
    "tags": [
        "知识",
        "社科·法律·心理",
        "自制",
        "原创",
        "纪录片",
        "趣味科普人文",
        "学校简介"
    ]
}