{
    "id": 10007523,
    "title": "画之谜-Draw Puzzle，个人开发图画解密游戏演示视频",
    "abstract": "画之谜是一款轻松、烧脑的图画解谜游戏。通过连接颜色和数字都相同的格子来解开谜题，当你完成时，你会发现原来谜题是由一张像素画组成的。在游戏中，不仅需要把数字正确的连接起来，你还需要在限定时间内，根据已有的信息来猜测正确的图案。游戏自带编辑器，你可以绘制自己的图案并且生成谜题，分享给其他人。\n特点: \n有趣、可爱的图案组成的谜题\n常规模式-接近100个谜题，从5x5到25x25\n拼图模式-由24个谜题组成的一张有趣的大图\n随机模式-由程序随机生成的谜题\n编辑器，编辑你自己的关卡，支持导入导出图片",
    "authorId": 106288646,
    "uploadTime": 1492831248.0,
    "playCount": 510,
    "commentCount": 2,
    "bulletCommentCount": 1,
    "imageUrl": "http://i2.hdslb.com/bfs/archive/bfb59428afe07e6ec219b86677245fb072cef11e.jpg",
    "feedback": {
        "like": "2",
        "coin": "4",
        "star": "3",
        "share": "65"
    },
    "comments": [
        "great!",
        "(●￣(ｴ)￣●)"
    ],
    "tags": [
        "小游戏",
        "单机游戏",
        "游戏",
        "单机游戏",
        "游戏",
        "演示"
    ]
}