{
    "id": 10006984,
    "title": "【探索频道】孟加拉虎之母爱〖英语中字〗",
    "abstract": "关于老虎女王Machali的纪录片",
    "authorId": 8095073,
    "uploadTime": 1492833699.0,
    "playCount": 3417,
    "commentCount": 6,
    "bulletCommentCount": 7,
    "imageUrl": "http://i0.hdslb.com/bfs/archive/696751ac70781bc173d52a767eee4244b9c59607.jpg",
    "feedback": {
        "like": "37",
        "coin": "9",
        "star": "110",
        "share": "94"
    },
    "comments": [
        "马琪莉和x男不得不说的那些事",
        "马查理！！！",
        "好看",
        "好清啊",
        "了解它们 我们才能跟它们成为朋友"
    ],
    "tags": [
        "国家地理",
        "老虎",
        "纪录片",
        "科学·探索·自然",
        "生物生态",
        "纪录片",
        "玛琪莉",
        "Machali",
        "孟加拉虎的母爱",
        "孟加拉虎"
    ]
}