{
    "id": 10006988,
    "title": "【LEE SIN】李星帥氣踢+神救援+完美判斷 精彩操作# LOL 英雄聯盟",
    "abstract": "https://www.youtube.com/watch?v=f4NhHwMEVR0\nLeague of Legends",
    "authorId": 21056945,
    "uploadTime": 1492828262.0,
    "playCount": 290,
    "commentCount": 2,
    "bulletCommentCount": 0,
    "imageUrl": "http://i2.hdslb.com/bfs/archive/2b283e151e3c11fb94d2d169cd3a9b1472be6a7b.jpg",
    "feedback": {
        "like": "0",
        "coin": "0",
        "star": "2",
        "share": "81"
    },
    "comments": [
        "bgm是什么呀",
        "666"
    ],
    "tags": [
        "英雄联盟",
        "游戏",
        "电子竞技",
        "电子竞技",
        "网络游戏",
        "游戏视频"
    ]
}