{
    "id": 10007026,
    "title": "| 佩莹 | 那些年让人伤心失望的产品 (专柜品占80%!!) | Disappointing products review",
    "abstract": "大家好 我是佩莹~ 今天要跟大家来吐槽一下那些又贵又难用的东西!! 清单请看置顶评论噢~ 希望你们会喜欢这个影片~ 比心!!\nPS:我不喜欢不代表你不可以喜欢~ 另外 这里面其实没有真的很雷很雷的产品 只不过有一些我真心觉得它们配不上那个价位...",
    "authorId": 17496290,
    "uploadTime": 1492831181.0,
    "playCount": 14228,
    "commentCount": 209,
    "bulletCommentCount": 420,
    "imageUrl": "http://i1.hdslb.com/bfs/archive/f92c7c8f2886e8d813b00c8f00f080c1926d14df.jpg",
    "feedback": {
        "like": "5",
        "coin": "86",
        "star": "188",
        "share": "82"
    },
    "comments": [
        "恭喜5000粉丝！超级喜欢你ʕ •ᴥ•ʔ大概我是从秋冬唇色分享那支影片就订阅了 因为那时候正好想找冬天适合的口红 然后后来还发现了拔黑头等等一系列有趣的影片 还有你第一支讲广东话的影片（因为我是广东人 特别有亲切感 而且好多人说普通话怎么怎么的 因为我自己普通话也是这样哈哈哈 所以毫无违和感）反正会一直支持你！！！(((o(*ﾟ▽ﾟ*)o)))",
        "我是从秋冬唇色分享的那个片子粉上po主的，因为同是广东人（因为我普通话说不准），所以听po主的声音特别舒服╮(￣▽￣)╭我也是黄黑皮，po主踩过的雷我都懂！(｀・ω・´)而且也同样生活在欧洲，po主介绍的美妆产品基本都能买到，所以我每个片子都看，对我很有参考意义。超级想要Santorini的明信片！也期待po主旅游的时候拍vlog，罗马很美！许愿池超美！也欢迎来葡萄牙玩！(^・ω・^ )",
        "就是从这个视频啊，好喜欢听up讲话啊，声音好好听！！！我想要圣托里尼的明信片好不好！",
        "恭喜5000粉丝辣！ 从防晒霜认识你的 小新粉er... 购入了你安利的防晒！超级无敌霹雳爆炸好用！ 喜欢你的小口音哈哈哈 虽然我是非洲人！但是！想要圣托里尼的明信片????????‍♀️……",
        "从防晒的那一期～喜欢圣托里尼～( ´_ゝ｀)"
    ],
    "tags": [
        "护肤",
        "美妆",
        "时尚",
        "美妆",
        "测评",
        "化妆",
        "拔草",
        "吐槽",
        "产品",
        "分享",
        "雷品"
    ]
}