{
    "id": 10007178,
    "title": "300英雄日常娱乐",
    "abstract": "滑稽娱乐视频",
    "authorId": 67854014,
    "uploadTime": 1492829106.0,
    "playCount": 47,
    "commentCount": 0,
    "bulletCommentCount": 1,
    "imageUrl": "http://i1.hdslb.com/bfs/archive/d7d6db1e7f916063a4819a2585b644daebb752d9.png",
    "feedback": {
        "like": "0",
        "coin": "2",
        "star": "0",
        "share": "63"
    },
    "comments": [],
    "tags": [
        "游戏",
        "电子竞技",
        "娱乐",
        "300"
    ]
}