{
    "id": 10007204,
    "title": "【二代】《阴阳师》小小黑x小小白4.21晚-对战般雪",
    "abstract": "4.21晚\n带着小小黑小小白终于上了八段\n周末会和妹妹的黑童子打协同解锁传记\n\n今晚碰到好多好多好多酒吞，大部分带日女，有一个带针女，连续好几回遇到的都是：\n酒吞+椒图+惠比寿+桃花+打火机。\n\n偶然一次遇到般若雪女，我一直都挺怕般雪流，般雪灯更是恐怖，但是对方命中太低了。\n我自己也练了般雪，发现节奏一旦被打乱就很危险，因为般雪都挺脆的。\n\n为了克般雪，我特意练过蚌精一目连，可是不如小小白的返魂香。\n\n歌：BIGBANG (빅뱅)-GIRLFRIEND\n封面：@斐翔c-拖延症候群小咩",
    "authorId": 88983139,
    "uploadTime": 1492831943.0,
    "playCount": 1373,
    "commentCount": 14,
    "bulletCommentCount": 11,
    "imageUrl": "http://i0.hdslb.com/bfs/archive/6af70148d8ae1c056be2ada0a078c2c4147c389a.jpg",
    "feedback": {
        "like": "6",
        "coin": "52",
        "star": "9",
        "share": "81"
    },
    "comments": [
        "◝(⑅•ᴗ•⑅)◜..°♡表白bgm ！！",
        "第二。。。",
        "交出封面！",
        "你还会",
        "继续考古"
    ],
    "tags": [
        "游戏",
        "手机游戏",
        "手机游戏",
        "黑白童子",
        "阴阳师手游",
        "阴阳师斗技",
        "小小黑小小白"
    ]
}