{
    "id": 10006916,
    "title": "【CCTV9-HD】纪录片《香云纱》两集全【真1080P】",
    "abstract": "【CCTV9-HD】【时代】\nB站已有伪称1080P（实际是720P的CNTV版），这里上传的1080P录制版。香云纱本名“莨纱”，是世界纺织品中唯一用纯植物染料染色的丝绸面料，被纺织界誉为 “软黄金”，如今越来越少的人掌握它的织造技艺。片中通过现代人找寻、恢复这门技艺的故事，讲述香云纱的传奇。",
    "authorId": 42873394,
    "uploadTime": 1492833966.0,
    "playCount": 10330,
    "commentCount": 35,
    "bulletCommentCount": 60,
    "imageUrl": "http://i0.hdslb.com/bfs/archive/657ed0d7171248de84721c32a0a2ac58dfd7ed70.jpg",
    "feedback": {
        "like": "105",
        "coin": "51",
        "star": "1100",
        "share": "281"
    },
    "comments": [
        "每年夏天做一件香云纱衣服，三生有幸。",
        "我想知道后来到底做出来真正的香云纱没有",
        "好多年了，真丝料子里还是最喜欢香云纱(´ . .̫ . `)",
        "看小图以为是秃驴我是不是没救了_(:з」∠)_",
        "虽然很好但是，那个不是应该读lang纱吗"
    ],
    "tags": [
        "人文",
        "纪录片",
        "人文·历史",
        "社会",
        "文化",
        "中国",
        "纪录片",
        "1080P",
        "香云纱",
        "莨纱"
    ]
}