{
    "id": 10007254,
    "title": "2017-04-21 瓦莉拉直播：美服登顶法？",
    "abstract": "熊猫 瓦莉拉\n2017-04-21 瓦莉拉直播：美服登顶法？",
    "authorId": 73636668,
    "uploadTime": 1492830900.0,
    "playCount": 7178,
    "commentCount": 20,
    "bulletCommentCount": 136,
    "imageUrl": "http://i0.hdslb.com/bfs/archive/371f355b6ad743b0aaa635d5937a1214bda4cf56.jpg",
    "feedback": {
        "like": "0",
        "coin": "14",
        "star": "24",
        "share": "65"
    },
    "comments": [
        "上次骗我玩无限火球法  结果被海盗猎人爸爸从11级砍到15级",
        "刚用这套打上传说，瓦娘第二局留牌有点问题，现在骑士偏快的很多，起手不能留两个三费，必须全力找一二费。陨石实测不如暴风雪好用。",
        "(=・ω・=) 感谢up",
        "就算登顶又怎样，把把被打出屎，每次都是求神抽才能赢",
        "感谢up搬运"
    ],
    "tags": [
        "炉石传说",
        "桌游棋牌",
        "游戏",
        "电子竞技",
        "电子竞技",
        "瓦莉拉",
        "瓦娘",
        "瓦莉拉的小伙伴"
    ]
}