{
    "id": 10007641,
    "title": "【作業用BGM/灰姑娘BGM】Nocturne",
    "abstract": "https://www.youtube.com/watch?v=niqdyueP5CU&t=9s\n原作者→imas voice\n原名:Nocturne",
    "authorId": 25018032,
    "uploadTime": 1492830246.0,
    "playCount": 82,
    "commentCount": 0,
    "bulletCommentCount": 0,
    "imageUrl": "http://i1.hdslb.com/bfs/archive/f167c5f438cb6a77fe1861228ce651e23f86d464.jpg",
    "feedback": {
        "like": "0",
        "coin": "2",
        "star": "7",
        "share": "61"
    },
    "comments": [],
    "tags": [
        "音乐",
        "音乐综合",
        "偶像大师灰姑娘",
        "音乐选集",
        "作業用BGM"
    ]
}