{
    "id": 10007075,
    "title": "骑砍直播视频MOD(潘德的预言G魔改版)第1期",
    "abstract": "骑马与砍杀直播视频，玩得不好,游戏纯属恶搞,言语不对的地方请多担待。小主播的日常！\n（如果对本直播视频感兴趣或对本人感兴趣,欢迎交个朋友)\n交流,修改,攻略,吹水,话痨,梦想下载请加2群95283696\n大炮的斗鱼直播地址：http://www.douyutv.com/235970\n大炮的B站视频录像http://space.bilibili.com/64185583/#!/index",
    "authorId": 64185583,
    "uploadTime": 1492920047.0,
    "playCount": 1491,
    "commentCount": 19,
    "bulletCommentCount": 19,
    "imageUrl": "http://i1.hdslb.com/bfs/archive/1c71722f1a479581e2af349b6f6165a05501cf08.jpg",
    "feedback": {
        "like": "4",
        "coin": "12",
        "star": "9",
        "share": "64"
    },
    "comments": [
        "前10分钟都在捏脸",
        "***",
        "这是潘德的预言新世纪，最新是V1.51版",
        "这过气主播居然还有人，不科学啊(๑•ั็ω•็ั๑)",
        "哦哦！"
    ],
    "tags": [
        "骑马与砍杀",
        "游戏",
        "单机游戏",
        "骑砍",
        "骑砍MOD"
    ]
}