{
    "id": 10007581,
    "title": "齐天大圣英雄时刻1",
    "abstract": "大圣系列第一部 \n讲真杀提莫真爽",
    "authorId": 16188624,
    "uploadTime": 1492830586.0,
    "playCount": 84,
    "commentCount": 0,
    "bulletCommentCount": 0,
    "imageUrl": "http://i2.hdslb.com/bfs/archive/be5eaa304e1cd17c2ffacd49f32f5ad2236bf1bd.jpg",
    "feedback": {
        "like": "0",
        "coin": "1",
        "star": "0",
        "share": "66"
    },
    "comments": [],
    "tags": [
        "英雄联盟",
        "游戏",
        "电子竞技",
        "电子竞技",
        "游戏视频",
        "齐天大圣孙悟空",
        "网络游戏",
        "新手向"
    ]
}