{
    "id": 10007072,
    "title": "中国正在建设又一海上超级工程_工程规模浩大_2024年完工_mda-hdwsc8cz3zfuvx4z",
    "abstract": "百度视频\nhttps://rc.mbd.baidu.com/j1gimj7",
    "authorId": 96858706,
    "uploadTime": 1492828219.0,
    "playCount": 26734,
    "commentCount": 353,
    "bulletCommentCount": 160,
    "imageUrl": "http://i1.hdslb.com/bfs/archive/12db87a8ddc2288261ac8d5ecc0d9b05317a9d28.jpg",
    "feedback": {
        "like": "1",
        "coin": "21",
        "star": "181",
        "share": "114"
    },
    "comments": [
        "别特么动不动老百姓的钱，请问美分交过个人所得税没有",
        "在问国家为你做了什么之前，问问自己为国家做了什么",
        "上海真好啊，又要建一个大工程。╮(￣▽￣)╭",
        "▅▅▅▅▅▅▆▇▇****▅▅▅▄▅▄▅▅▅▇█▇▆▆▆▇▆▄▄▄▄▅▄▄▄▆▇▆▅▄▃▃▄▆▆▄▄▄▄▄▄▄█▇▅▄▃▃▃▃▅▇▄▄▄▄▃▄▄█▇▆▄▃▃▃▃▄▇▄▄▃▄▃▃▃▇█▇▆▅▅▅▄▅▆▃▃▃▃▃▃▃▆▇▆▅▆▆▅▄▅▄▃▃▂▃▂▃▂▅▇▅▄▆▄▅▄▄▃▂▂▂▃▂▂▂▄▇▆▅▆▄▄▄▃▂▂▂▂▂▂▂▂▂▆▆▆▆▄▄▄▃▂▂▂▁▂▁▂▁▁▆▇▆▅▄▃▄▂▁▁▁▁▁▁▁▁▄▇▇▇▅▄▄▃　▁▁▁▁　　▃▇██▆▆▇▆▅▅▅▂　　　▃▅█████▄▃▅▁▅██▆▃　███████▅▄▇▄▅████▆",
        "说国家为你做过什么的人，你想过你今天所工作的大环境是怎么得来的吗？没国家的发展，你今天还能有工作？能有钱赚？难道要国家把钱送你手上那才是为你做了什么吗？"
    ],
    "tags": [
        "科技",
        "工业·工程·机械",
        "涨姿势",
        "中国",
        "工程",
        "趣味科普人文"
    ]
}