{
    "id": 10007671,
    "title": "【耳机推荐】 伊ヶ崎绫香 生放送17.4.21【双声道】",
    "abstract": "自录,qq群：222306813，欢迎大家一起来玩耍（gj）,求赞助\n扫右上方二维码加群，欢迎萌新",
    "authorId": 1761965,
    "uploadTime": 1492830543.0,
    "playCount": 3089,
    "commentCount": 20,
    "bulletCommentCount": 1,
    "imageUrl": "http://i1.hdslb.com/bfs/archive/b6cbd621a887afa32e52e251f28dbadef1861516.jpg",
    "feedback": {
        "like": "5",
        "coin": "56",
        "star": "77",
        "share": "82"
    },
    "comments": [
        "第一波伞兵请降落15:05平原进行占领第二波伞兵请降落19:30平原进行围剿第三波伞兵请降落30:50平原进行进攻第四波伞兵请降落46:05平原进行围剿请全体伞兵围剿成功后直接撤退即可。本次作战并没有大型地方单位。",
        "(=・ω・=)",
        "老哥，我想。。。",
        "埃罗芒啊老师！",
        "周指活"
    ],
    "tags": [
        "耳搔",
        "伊ヶ崎绫香",
        "同人音声",
        "音乐选集",
        "二声の人妻"
    ]
}