{
    "id": 10007116,
    "title": "多多良小伞-请注意万年备用伞",
    "abstract": "很多东方粉们在看过av5951052后都向UP寻求BGM，我把收藏的BGM发上来！大家可以用自己的方法下载下来转换成MP3格式即可，或者直接搜索歌名寻找。如果实在找不到的话加UP企鹅号：九五六六八八五零零，问UP要也行！小伞是不被人使用的伞变成的妖怪。她原本是被人遗忘的伞，因为颜色不讨人喜欢，所以从来没有人捡起她。总是在命莲寺里呆着，逗留在这里的理由是，有个人们常去的墓地在，那样一来她可以轻易吓到不少人。蓝色头发以及异色瞳是她最明显的特征。 BGM：唐伞はカラカラと泣く 濡れた髪に触れられた时",
    "authorId": 18646188,
    "uploadTime": 1492828321.0,
    "playCount": 7850,
    "commentCount": 28,
    "bulletCommentCount": 66,
    "imageUrl": "http://i2.hdslb.com/bfs/archive/d1f24c87cc4e437a645355daa58f6a724a884b24.jpg",
    "feedback": {
        "like": "161",
        "coin": "76",
        "star": "284",
        "share": "94"
    },
    "comments": [
        "命莲寺萌物担当",
        "我有小伞的壁纸哈哈哈（⌒▽⌒）一开手机开心一整天",
        "（一般通过伞厨sl）",
        "小伞~~~~~ | ShineBell #pixiv http://www.pixiv.net/member_illust.php?illust_id=27644146&mode=medium",
        "(｀・ω・´)"
    ],
    "tags": [
        "音乐",
        "音乐综合",
        "东方PROJECT",
        "多多良小伞",
        "同人曲",
        "音乐选集",
        "东方project",
        "星莲船",
        "东方BGM",
        "万年置き伞にご注意を",
        "神灵庙"
    ]
}