{
    "id": 10007375,
    "title": "冒险岛：惊险通关视频",
    "abstract": "冒险岛：惊险通关视频",
    "authorId": 3309032,
    "uploadTime": 1492831308.0,
    "playCount": 5091,
    "commentCount": 5,
    "bulletCommentCount": 35,
    "imageUrl": "http://i1.hdslb.com/bfs/archive/7320b0474049e0f6607826f9b5392527c193d1e7.jpg",
    "feedback": {
        "like": "11",
        "coin": "22",
        "star": "11",
        "share": "88"
    },
    "comments": [
        "这游戏 就没过去过第二个水关",
        "小的时侯最多过到第4关",
        "我每次死在第一区域第二关中间，跳不过去",
        "666",
        "厉害了 up"
    ],
    "tags": [
        "冒险岛",
        "FC",
        "游戏",
        "单机游戏",
        "童年回忆杀",
        "童年"
    ]
}