{
    "id": 10007753,
    "title": "❤我的世界❤Minecraft《粉字菌的多人小游戏 糖果幸运方块》",
    "abstract": "继星系之后糖果幸运方块来啦~糖果世界的尼斯湖水怪跟草泥马一样QAQ ~感谢大家的收看，我会继续努力的！",
    "authorId": 348785,
    "uploadTime": 1492832831.0,
    "playCount": 5506,
    "commentCount": 65,
    "bulletCommentCount": 174,
    "imageUrl": "http://i0.hdslb.com/bfs/archive/a69a5a7f242dd9ac13d7eb14e4772f33cd56750d.jpg",
    "feedback": {
        "like": "16",
        "coin": "36",
        "star": "36",
        "share": "86"
    },
    "comments": [
        "说一个冷笑话 今天是我的生日 真的(=・ω・=)",
        "鸽鸽咧Σ(ﾟдﾟ;)",
        "好久没看粉粉粉录制我的世界了",
        "(=・ω・=)",
        "（￣▽￣）"
    ],
    "tags": [
        "小游戏",
        "我的世界",
        "单机游戏",
        "游戏",
        "单机游戏",
        "粉字菌",
        "幸运方块"
    ]
}