{
    "id": 10006842,
    "title": "维克托性感之舞，鼻血止不住！",
    "abstract": "冰上的尤里\n真的很喜欢维克托滑冰，不过这一季没有多少维克托滑冰的画面，遗憾，不过期待下一季！",
    "authorId": 87137835,
    "uploadTime": 1492831679.0,
    "playCount": 687,
    "commentCount": 1,
    "bulletCommentCount": 2,
    "imageUrl": "http://i1.hdslb.com/bfs/archive/8eeb1c5a863d81f458fd0a726f4a7488d928b7f0.jpg",
    "feedback": {
        "like": "9",
        "coin": "2",
        "star": "20",
        "share": "105"
    },
    "comments": [
        "鼻血止不住啊～"
    ],
    "tags": [
        "动画",
        "综合",
        "日本动画",
        "冰上的尤里",
        "维克托",
        "维克托X勇利",
        "维克托x尤里奥"
    ]
}