{
    "id": 10006669,
    "title": "【送给户口本二页迟来的生贺】红尘客栈",
    "abstract": "原唱/作曲：周杰伦  作词：方文山  编曲：黄雨勋\n策划：帅炸苍穹的策划组\n后期：图图\npv：肉丸子\n伴奏：参十 潘安\n翻唱：球球 慕时 潘安 浅歌 二汪 阿姨 特攻 柿子\n 二页迟来的生贺 小漂亮们请笑纳~",
    "authorId": 102624981,
    "uploadTime": 1492827116.0,
    "playCount": 85,
    "commentCount": 1,
    "bulletCommentCount": 1,
    "imageUrl": "http://i1.hdslb.com/bfs/archive/6f2209024bdb44020a60c26239fee2192b9b8658.jpg",
    "feedback": {
        "like": "6",
        "coin": "4",
        "star": "0",
        "share": "78"
    },
    "comments": [
        "哇好棒啊！"
    ],
    "tags": [
        "翻唱",
        "音乐",
        "翻唱",
        "迟来的生贺",
        "二页生快"
    ]
}