{
    "id": 10007745,
    "title": "【搬运】Legend of the Harbinger - Episode 3 [Minecraft Animated Series]",
    "abstract": "https://youtu.be/VfTIuDJXzN0\n原地址：https://youtu.be/VfTIuDJXzN0\n原作者：Ironwave Studios\n搬运自YouTube",
    "authorId": 12088508,
    "uploadTime": 1492830528.0,
    "playCount": 48,
    "commentCount": 2,
    "bulletCommentCount": 0,
    "imageUrl": "http://i0.hdslb.com/bfs/archive/8100b3b8987c432d9846af1e34f64f1b16cf14ab.jpg",
    "feedback": {
        "like": "0",
        "coin": "0",
        "star": "2",
        "share": "79"
    },
    "comments": [
        "抢地板",
        "占领占领(｀・ω・´)"
    ],
    "tags": [
        "我的世界",
        "动画",
        "综合",
        "动画",
        "我的世界动画",
        "中世纪",
        "搬运",
        "minecraft",
        "YouTube",
        "MINE IMATOR"
    ]
}