{
    "id": 10006698,
    "title": "【高清中字】IU四辑主打曲Palette-权志龙助阵",
    "abstract": "https://www.youtube.com/watch?v=82ZLkZvPoEc\nSoulSense社区，喜欢Cool&Sexy的风格，就关注我们！\n公众号：SoulSense\n微博：http://weibo.com/u/1792034471\n这里已经有了一群纹身师，街舞者，芭蕾舞者，设计师，艺术家，摄影发烧友……\n加入我们，找到志同道合的人！",
    "authorId": 28242528,
    "uploadTime": 1492827422.0,
    "playCount": 2615,
    "commentCount": 3,
    "bulletCommentCount": 7,
    "imageUrl": "http://i2.hdslb.com/bfs/archive/79966beb11f950a230e998f1042af448442d538e.jpg",
    "feedback": {
        "like": "2",
        "coin": "2",
        "star": "57",
        "share": "83"
    },
    "comments": [
        "我为鸡涌举牌",
        "明年，，，我也25了，有不怎么喜欢但稳定的工作，有不是自己买的但是是我的房子，有不怎么追但很喜欢的爱豆，哈哈，不管怎么说离自由又近了一步，争取明年可以cover这首歌作为纪念(°∀°)ﾉ",
        "第一！太好听了！对话的感觉好棒*٩(๑´∀`๑)ง*"
    ],
    "tags": [
        "BIGBANG",
        "IU",
        "Korea相关",
        "韩国",
        "娱乐",
        "明星",
        "明星",
        "GD",
        "soulsense"
    ]
}