{
    "id": 10007395,
    "title": "戬杰甜死人的日常",
    "abstract": "视屏来源@思故存在玄，第一次剪视频，自己动手，丰衣足食，噗",
    "authorId": 13798569,
    "uploadTime": 1492829851.0,
    "playCount": 64046,
    "commentCount": 143,
    "bulletCommentCount": 233,
    "imageUrl": "http://i0.hdslb.com/bfs/archive/20a04bf0ba546157e30437d29e0de7e1920ee62e.jpg",
    "feedback": {
        "like": "135",
        "coin": "134",
        "star": "1657",
        "share": "217"
    },
    "comments": [
        "说实话，看完朱戬和查杰两个人厨男的诱惑直播后，我只有一个感觉，心疼主持人，哈哈！感觉是主持人带了两个熊孩子玩了一下午，他们俩常常自己玩自己的，不听大人的话，不让干嘛非干嘛，主持人表示心好累～(￣▽￣～)～(￣▽￣～)～(￣▽￣～)",
        "好可爱的一双人～(ㆁᴗㆁ❀）小仙女",
        "表白查杰朱戬！",
        "我萌上这对一定是因为这俩傻透了",
        "二狗文采好好，他俩都是学美术的。"
    ],
    "tags": [
        "刺客列传",
        "影视",
        "影视剪辑",
        "戬杰",
        "剪辑",
        "厨男的诱惑"
    ]
}