{
    "id": 10007629,
    "title": "【UTAU】入戏太深【爱妮x亦濛】",
    "abstract": "画师:萱草\nust:澳村村长\nPV:阿清\n调教:寒芸\n有什么地方写错的记得来纠错下，不清楚有没有哪里漏了QUQ",
    "authorId": 34452265,
    "uploadTime": 1492829982.0,
    "playCount": 422,
    "commentCount": 28,
    "bulletCommentCount": 14,
    "imageUrl": "http://i1.hdslb.com/bfs/archive/18bcd11d3f9c8bb0577a93850be4f84140e9e8f4.jpg",
    "feedback": {
        "like": "7",
        "coin": "18",
        "star": "22",
        "share": "75"
    },
    "comments": [
        "直到有一天爱妮终于想起自己是个歌姬后于是唱了“入戏太深”，故事讲述的是一个叫爱妮的女人以为自己是个舞姬跳了大半年后才发现自己是歌姬红红火火恍恍惚惚没毛病",
        "夫人赛高！硬币已投√",
        "爱妮终于唱歌了！！虽然..好像..有点鬼畜但是已经很满意了2333旁边那妹子是谁呀，也好萌的说w",
        "自带哭腔的爱妮夫人23333",
        "支持(°∀°)ﾉ"
    ],
    "tags": [
        "翻唱",
        "音乐",
        "VOCALOID·UTAU",
        "入戏太深",
        "UTAU",
        "怜爱妮",
        "亦蒙"
    ]
}