{
    "id": 10007196,
    "title": "【歌姬计划F2自制谱】虎视眈々",
    "abstract": "前几天直播的时候随缘P的，刚好开了录制，就来发了，跟威风堂堂比我还是更喜欢这首歌，谱做的很好，PV更好！\n作者PSNID：miku3102",
    "authorId": 1667964,
    "uploadTime": 1492829137.0,
    "playCount": 197,
    "commentCount": 14,
    "bulletCommentCount": 0,
    "imageUrl": "http://i0.hdslb.com/bfs/archive/eb9e024c17e828f1e88d1fddf91732b9138a7a13.jpg",
    "feedback": {
        "like": "0",
        "coin": "7",
        "star": "7",
        "share": "68"
    },
    "comments": [
        "厉害了。硬币给你",
        "神仙○|￣|_",
        "板凳！(｀・ω・´)",
        "沙发做好了(〜￣△￣)〜",
        "同感觉比威风堂堂好orz"
    ],
    "tags": [
        "歌姬计划",
        "游戏",
        "音游",
        "音乐游戏",
        "PROJECT DIVA",
        "MIKU",
        "初音",
        "虎视眈々"
    ]
}