{
    "id": 10007620,
    "title": "元气骑士:贴脸的下场(看看打小怪就行啦)",
    "abstract": "喜欢贴脸的小伙伴们注意下在boss面前不要保持一个半贴不贴的case哦(&gt;﹏&lt;)",
    "authorId": 12979103,
    "uploadTime": 1492832331.0,
    "playCount": 76,
    "commentCount": 2,
    "bulletCommentCount": 0,
    "imageUrl": "http://i0.hdslb.com/bfs/archive/5265e62b30472a3971699509e53cb7e4d10f5d4f.jpg",
    "feedback": {
        "like": "1",
        "coin": "2",
        "star": "0",
        "share": "70"
    },
    "comments": [
        "置顶这次视频被经过二压了，画质辣鸡，下次搞好视频画质(=・ω・=)",
        "沙发！(╯°口°)╯(┴—┴"
    ],
    "tags": [
        "元气骑士",
        "小游戏",
        "单机游戏",
        "游戏",
        "手机游戏",
        "手机游戏",
        "娱乐",
        "新人",
        "新人向"
    ]
}