{
    "id": 10007195,
    "title": "Cristian Măcelaru und Emanuel Ax",
    "abstract": "转自br-klassik，感谢！ \nSergej Prokofjew, \"Symphonie classique\" op. 25\nWolfgang Amadeus Mozart, Klavierkonzert Es-Dur, KV 482\nDmitri Schostakowitsch, Symphonie Nr.1 f-Moll, op. 10",
    "authorId": 23461332,
    "uploadTime": 1492829837.0,
    "playCount": 149,
    "commentCount": 1,
    "bulletCommentCount": 0,
    "imageUrl": "http://i2.hdslb.com/bfs/archive/f8b7a2b8a7e1aafa9c00937c33f3e2cd20ce9d3e.jpg",
    "feedback": {
        "like": "2",
        "coin": "0",
        "star": "14",
        "share": "78"
    },
    "comments": [
        "With the symphonic debuts of Prokofiev and Shostakovich, this concert framed his own program. The two brilliant youth works could hardly be more different. The first Symphony of Prokofievs is a lovingly humorous tribute to the Viennese classics and especially to Joseph Haydn. The more ambitious first symphony of Shostakovich, who was not yet 20, Much of his typical handwriting, such as the sarcastic idiom or the ambiguous pathos, is already here. Prokofievs neoclassical music is the key to Mozarts success, and the grandiose Es-Major Piano Concerto was arranged in 1785 in Vienna as a wedding of ***aro. In this way, the work, richly instrumented with horns and clarinets, combines symphonic and operatic features. The opportunity for the Polish-American pianist Emanuel Ax to explore his entire universe between exuberance and lamentation with his beautiful Mozart performance."
    ],
    "tags": [
        "音乐",
        "音乐综合",
        "莫扎特",
        "普罗科菲耶夫",
        "BRSO",
        "肖斯塔科维奇",
        "Shostakovich",
        "Mozart",
        "Prokofiev",
        "Emanuel Ax",
        "Cristian Macelaru"
    ]
}