{
    "id": 10007068,
    "title": "【家教手书】Flavor Of Life【狱纲5927】",
    "abstract": "sm1689252\n07年作品，真-十年老物。漫画原作二次创作。BGM：Flavor Of Life - 宇多田ヒカル",
    "authorId": 290611,
    "uploadTime": 1492828301.0,
    "playCount": 758,
    "commentCount": 6,
    "bulletCommentCount": 21,
    "imageUrl": "http://i0.hdslb.com/bfs/archive/8be2addde754261a75897f636dbaa1c022b92cc9.jpg",
    "feedback": {
        "like": "8",
        "coin": "11",
        "star": "67",
        "share": "77"
    },
    "comments": [
        "狱纲狱纲！",
        "漫画截图好评~07年的……家教真的过了好久啊……",
        "封面棒！",
        "漫画二改好棒！！",
        "我抢(･∀･)"
    ],
    "tags": [
        "家庭教师",
        "手书",
        "动画",
        "短片·手书·配音",
        "沢田纲吉",
        "5927",
        "狱纲"
    ]
}