{
    "id": 10006882,
    "title": "这么燃的直升机大片，你肯定没看过！",
    "abstract": "http://mp.weixin.qq.com/s/fhndPS16qFl8o8TLr1HJEQ\n谁说我们只会造武器？\n直升机让我们的生活更美好！",
    "authorId": 16170706,
    "uploadTime": 1492828050.0,
    "playCount": 422,
    "commentCount": 1,
    "bulletCommentCount": 0,
    "imageUrl": "http://i0.hdslb.com/bfs/archive/d54779bbb4226dba404107ca264b4f8221181307.jpg",
    "feedback": {
        "like": "2",
        "coin": "3",
        "star": "7",
        "share": "85"
    },
    "comments": [
        "第一"
    ],
    "tags": [
        "机械",
        "国创",
        "国产原创相关",
        "军事",
        "直升机",
        "中国航空",
        "宣传片",
        "2017",
        "中航"
    ]
}