{
    "id": 10007285,
    "title": "罗一航-宫政甜cut2017",
    "abstract": "一段关于龙猫产生的爱情故事。",
    "authorId": 26359110,
    "uploadTime": 1492831120.0,
    "playCount": 579,
    "commentCount": 3,
    "bulletCommentCount": 1,
    "imageUrl": "http://i1.hdslb.com/bfs/archive/a39de7546b8f01b8331bcc4d0ba229c88d6494cb.jpg",
    "feedback": {
        "like": "1",
        "coin": "0",
        "star": "7",
        "share": "86"
    },
    "comments": [
        "番外篇啊 哈哈",
        "2021了我还在磕"
    ],
    "tags": [
        "微电影",
        "短片",
        "影视",
        "短片",
        "文艺",
        "青春",
        "爱情",
        "小清新"
    ]
}