{
    "id": 10007039,
    "title": "Interflora 'Cirkus Love' 75 sekunder",
    "abstract": "转载来自youtube\nInterflora 'Cirkus Love' 75 sekunder",
    "authorId": 13145494,
    "uploadTime": 1492827998.0,
    "playCount": 338,
    "commentCount": 0,
    "bulletCommentCount": 0,
    "imageUrl": "http://i2.hdslb.com/bfs/archive/56742563ecd6da1acf73da5cb70c47f3437edc0b.jpg",
    "feedback": {
        "like": "4",
        "coin": "2",
        "star": "4",
        "share": "66"
    },
    "comments": [],
    "tags": [
        "摄影",
        "科技",
        "数码",
        "温情广告"
    ]
}