{
    "id": 10007448,
    "title": "【汐白】奈来奈去是鸭子",
    "abstract": "新手向，大佬勿喷喵",
    "authorId": 65221262,
    "uploadTime": 1492829954.0,
    "playCount": 123,
    "commentCount": 1,
    "bulletCommentCount": 4,
    "imageUrl": "http://i1.hdslb.com/bfs/archive/fc081346eeed34593afacf6c6ef3e8cda9586277.jpg",
    "feedback": {
        "like": "0",
        "coin": "3",
        "star": "3",
        "share": "72"
    },
    "comments": [
        "又是我第一哎QAQ"
    ],
    "tags": [
        "300英雄",
        "游戏",
        "电子竞技",
        "新手向",
        "网络游戏",
        "攻略",
        "游戏视频",
        "潜行吧奈亚子",
        "300英雄第一视角",
        "奈亚子系列",
        "300英雄奈亚子",
        "咸鱼保护协会"
    ]
}