{
    "id": 10007637,
    "title": "【超级动漫秀】第100期：百期达成！四月新番特别节目",
    "abstract": "本期的四月新番终于没有跳票了，虽然本月的新番比上一季丰富很多，但是总觉得越来越没有什么说头了。另外，节目居然达成了梦幻的100期？可以关注下微博的@SiTV超级动漫秀，本期节目有抽奖小回馈哦！感谢各位观众老爷的支持啦。",
    "authorId": 8662457,
    "uploadTime": 1492832112.0,
    "playCount": 2236,
    "commentCount": 67,
    "bulletCommentCount": 127,
    "imageUrl": "http://i2.hdslb.com/bfs/archive/f5047c6869cdd48a6be123a0f6aba56e9f75c860.jpg",
    "feedback": {
        "like": "1",
        "coin": "124",
        "star": "33",
        "share": "91"
    },
    "comments": [
        "动漫秀——100期这是一个非常优秀的节目，从它降世之际，我便与它相遇，眨眼间，它就到了100期，回忆是那么历历在目，从一开始九猫的主持，到黑石的加入，再到现在的九猫离开，豆豆子的出现，这个节目的成长，我们都看在了眼里，或许它不是最好的节目，也不是最火的节目，但是它带给我的快乐………数不胜数，呐，来年的这个时候，我们来开一场盛大的宴会吧！超级动漫秀，100期纪念快乐！",
        "恭喜百期！！投币庆祝！",
        "哟已经壹佰期了，今年三十岁的我是看《超级动漫秀》长大的！！（手动滑稽）",
        "小编评选出的史上扎心对话，谢谢的字幕居然变成了   射射   看得我迷之尴尬",
        "有人问：卖肉番和剧情番，你选哪个？“我选有剧情的卖肉番，就像某渣”"
    ],
    "tags": [
        "生活",
        "日常",
        "娱乐",
        "日常",
        "超级动漫秀",
        "豆豆子",
        "全职高手",
        "黑石稔",
        "四月新番",
        "樱花任务"
    ]
}