{
    "id": 10007573,
    "title": "【耳机福利】【Electronica】James Carter - On My High (feat. TINGGI)",
    "abstract": "关注James Carter声云:soundcloud.com/jamescarteruk\n关注James Carter脸书:facebook.com/iamjamescarter\n关注TINGGI脸书:facebook.com/Tinggimusic\n关注TINGGI推特:twitter.com/tinggimusic\n关注画师WLOP微博:weibo.com/wlop\n支持WLOP:www.patreon.com/wlop",
    "authorId": 2949989,
    "uploadTime": 1492830307.0,
    "playCount": 79658,
    "commentCount": 304,
    "bulletCommentCount": 293,
    "imageUrl": "http://i2.hdslb.com/bfs/archive/1a6a9f8e1290efc523823018b3ef533273638094.jpg",
    "feedback": {
        "like": "75",
        "coin": "1130",
        "star": "2918",
        "share": "256"
    },
    "comments": [
        "图片这是皮皮虾公主吗(｀・ω・´)",
        "今天我让媳妇听这首歌，她竟然说不好听，我当时就跟她吵了起来，可后来我就想：我一个大男人，为什么要和一个女人计较，更何况还是自己的媳妇！我当时就道歉了.道完歉，媳妇也很高兴，她把手里的菜刀放下了，她妹妹抓着我头发的手也松开了，她哥手里的砖头放下了，她弟弟手里的铁楸也放下了，丈母娘手里的擀面杖也扔了，老丈人拿出手机说道：棺材还退回去吧。看看，只要多沟通，生活还是蛮和谐的………",
        "图曲包(°∀°)ﾉ：http://pan.baidu.com/s/1miHRbfy",
        "亻尔   亻门   矢口   辶首   口马  扌斗   月退   扌斗   白勺   讠平   讠仑   者阝 扌丁   昔攵   口 拉(=・ω・=)",
        "朱元璋找了8个人，建立了大明王朝。耶稣找了12个人，建立了最大的宗教之一。马云找了18人，建立了全球最大的电子商务帝国。孔子找72个门徒，建立了儒家思想影响全球！我今天找了4个人，掉到了青铜五。"
    ],
    "tags": [
        "电子音乐",
        "电音",
        "欧美音乐",
        "音乐",
        "电音",
        "抖腿向",
        "单曲",
        "米法",
        "耳机"
    ]
}