{
    "id": 10007387,
    "title": "[史密森尼]航拍美国 S6E1 华盛顿特区(2015)[水山汉化]",
    "abstract": "AERIAL AMERICA WASHINGTON DC\n华盛顿特区是2015年片子。估计不用多介绍。首都东西太多，象杰弗逊纪念堂就一带而过，罗斯福纪念碑根本连镜头都没有一个。罗斯福在很多人眼里是美国第二伟大的总统，仅次于林肯，那个是公认的第一。",
    "authorId": 16152305,
    "uploadTime": 1492834534.0,
    "playCount": 5483,
    "commentCount": 5,
    "bulletCommentCount": 18,
    "imageUrl": "http://i0.hdslb.com/bfs/archive/1219e58bd434a1f77e4abe9241831c5c9cfb60bf.jpg",
    "feedback": {
        "like": "37",
        "coin": "21",
        "star": "348",
        "share": "132"
    },
    "comments": [
        "超级棒！",
        "找了好长时间",
        "华盛顿不是第一？",
        "up主求Arizona",
        "感谢up主^(*￣(oo)￣)^"
    ],
    "tags": [
        "飞机",
        "历史",
        "美国",
        "纪录片",
        "人文·历史",
        "纪录片"
    ]
}