{
    "id": 10006765,
    "title": "【reaction】古典乐专业学生看NCT Dream-Chewing Gum&最后的初恋MV的反应",
    "abstract": "油管@ReacttotheK\n古典乐专业学生看NCT Dream-Chewing Gum&最后的初恋MV的反应",
    "authorId": 16854656,
    "uploadTime": 1492827544.0,
    "playCount": 4980,
    "commentCount": 3,
    "bulletCommentCount": 22,
    "imageUrl": "http://i1.hdslb.com/bfs/archive/ba97b380646c790b76c73238bb488c8c0e6f64d0.jpg",
    "feedback": {
        "like": "11",
        "coin": "3",
        "star": "25",
        "share": "71"
    },
    "comments": [
        "原来小姐姐和小哥哥的爱好区别在classic music领域也适用(￣3￣)",
        "姨母***国籍",
        "表白师弟团"
    ],
    "tags": [
        "Korea相关",
        "娱乐",
        "明星",
        "NCT Dream"
    ]
}