{
    "id": 10007711,
    "title": "一分钟学会在家做美甲第178期之可爱牛牛",
    "abstract": "更多美甲时尚资讯，请关注微信公众号：在家做美甲 （meijiawu2016）QQ群470123553，欢迎参与一起讨论。",
    "authorId": 43635780,
    "uploadTime": 1492831684.0,
    "playCount": 200,
    "commentCount": 0,
    "bulletCommentCount": 0,
    "imageUrl": "http://i0.hdslb.com/bfs/archive/b08b51864aeaa0c9b1ab7758664d0db386b64184.jpg",
    "feedback": {
        "like": "0",
        "coin": "0",
        "star": "9",
        "share": "66"
    },
    "comments": [],
    "tags": [
        "美甲",
        "美妆",
        "时尚",
        "美妆",
        "可爱",
        "美甲教程",
        "产品",
        "色块"
    ]
}