{
    "id": 10007473,
    "title": "勇厨必修！国防体操！",
    "abstract": "勇厨必修！国防体操！\n\n二章动画里截出来的片段。勇厨终于有专用的广场舞了，喜欢这系列的都来学习吧！",
    "authorId": 4552643,
    "uploadTime": 1492830168.0,
    "playCount": 2841,
    "commentCount": 12,
    "bulletCommentCount": 10,
    "imageUrl": "http://i1.hdslb.com/bfs/archive/d720ad7d76e31fd91c33b582aa61bb0686324cc2.jpg",
    "feedback": {
        "like": "38",
        "coin": "42",
        "star": "87",
        "share": "127"
    },
    "comments": [
        "可以这很昭和",
        "国防体操(〜￣△￣)〜",
        "黑历史，国防假面Σ( ￣□￣||)",
        "最后小孩子热血的富国强兵没剪进去可惜了",
        "红红火火恍恍惚惚"
    ],
    "tags": [
        "动画",
        "综合",
        "结城友奈是勇者",
        "鹫尾须美是勇者"
    ]
}