{
    "id": 10007627,
    "title": "Son of Spirit - SPIRIT RIDING FREE",
    "abstract": "https://www.youtube.com/watch?v=FkUovClnqFA\nhttps://www.youtube.com/watch?v=FkUovClnqFA",
    "authorId": 93812403,
    "uploadTime": 1492830267.0,
    "playCount": 230,
    "commentCount": 0,
    "bulletCommentCount": 0,
    "imageUrl": "http://i1.hdslb.com/bfs/archive/66b2fa0fdf4cb1bbf2a41065552dc65e5776e55b.jpg",
    "feedback": {
        "like": "1",
        "coin": "0",
        "star": "1",
        "share": "69"
    },
    "comments": [],
    "tags": [
        "动画",
        "综合",
        "预告片",
        "资讯"
    ]
}