{
    "id": 10006668,
    "title": "[EXO-BAEKHYUN] 边伯贤的「边式中文」 -PART 1",
    "abstract": "https://www.youtube.com/watch?v=hQ9Ln6w8Y3s\n恭喜恭喜公公洗洗！！啵啵虎牌复读机~！(/≧▽≦)/(≧∀≦)ゞ~\\(≧▽≦)/~",
    "authorId": 2806402,
    "uploadTime": 1492827494.0,
    "playCount": 68627,
    "commentCount": 56,
    "bulletCommentCount": 243,
    "imageUrl": "http://i2.hdslb.com/bfs/archive/3396a21dfc84b2812069ddeb39db37678e431c32.jpg",
    "feedback": {
        "like": "1479",
        "coin": "123",
        "star": "2562",
        "share": "2189"
    },
    "comments": [
        "白白怎么可以介么萌？！",
        "哈哈哈哈哈哈哈哈哈这傻孩子是我家的(说恭喜的时候好像疯了但还是很可爱的kkk)",
        "可爱ớ ₃ờ",
        "他说的一些我都不知道是啥",
        "伯贤说lay屁股的视频是哪个？"
    ],
    "tags": [
        "边伯贤",
        "EXO",
        "Korea相关",
        "娱乐",
        "明星",
        "明星"
    ]
}