{
    "id": 10007154,
    "title": "【Hearter】《精灵宝可梦太阳》直播实录 第二十三期",
    "abstract": "自制 精灵宝可梦太阳直播实录~想看全收集全收服攻略的敬请期待之后的精灵宝可梦月亮全收集全收服攻略~   微博：封印Hearter",
    "authorId": 4223929,
    "uploadTime": 1492829861.0,
    "playCount": 2444,
    "commentCount": 24,
    "bulletCommentCount": 51,
    "imageUrl": "http://i0.hdslb.com/bfs/archive/1d3dede63911c28e5d8295f0617e154f0a13aea0.jpg",
    "feedback": {
        "like": "6",
        "coin": "53",
        "star": "30",
        "share": "72"
    },
    "comments": [
        "我要看女主，我要看月亮啊(｡･ω･｡)，拜托了阿婆主",
        "刚考完公务员就来看了",
        "日神很好抓的，我一个先机球就抓到了(〜￣△￣)〜",
        "爱死up主了，不过我还是想看月亮的",
        "。 。。。。"
    ],
    "tags": [
        "精灵宝可梦日月",
        "精灵宝可梦",
        "游戏",
        "单机游戏",
        "解说",
        "神奇宝贝",
        "口袋妖怪"
    ]
}