{
    "id": 10007166,
    "title": "【爱乃团字幕组】生田絵梨花＆深川麻衣 舞台剧采访",
    "abstract": "乃木坂46\n麦麦好久不见",
    "authorId": 7559141,
    "uploadTime": 1492829687.0,
    "playCount": 2336,
    "commentCount": 18,
    "bulletCommentCount": 39,
    "imageUrl": "http://i0.hdslb.com/bfs/archive/0afafd9d85aae6d2d38f993b049bee4dd1c23386.jpg",
    "feedback": {
        "like": "2",
        "coin": "35",
        "star": "75",
        "share": "90"
    },
    "comments": [
        "好久不见了麦麦∠( ᐛ 」∠)＿",
        "你花的发际线haha",
        "珂赛特",
        "贵妇花(⌒▽⌒)",
        "獨占老婆麥麥！(￣▽￣)"
    ],
    "tags": [
        "乃木坂46",
        "娱乐",
        "明星",
        "深川麻衣",
        "明星",
        "生田絵梨花"
    ]
}