{
    "id": 10007769,
    "title": "旋转轮胎现实版-泥泞的冻土地带",
    "abstract": "https://m.youtube.com/watch?v=gPyDUljwdLo\n俄国人执着于研发特种车辆现实因素",
    "authorId": 19847475,
    "uploadTime": 1492832381.0,
    "playCount": 5538,
    "commentCount": 12,
    "bulletCommentCount": 36,
    "imageUrl": "http://i2.hdslb.com/bfs/archive/a44fba95bfcec7b38a34aab460e7d00265de986a.jpg",
    "feedback": {
        "like": "9",
        "coin": "4",
        "star": "62",
        "share": "81"
    },
    "comments": [
        "我去，那些用来载导弹的重型车辆都会被淤泥困住了",
        "音乐莫名带感_(:3」∠)_",
        "这种路也敢开",
        "还是拖拉机好用",
        "乌拉尔4320！٩( ω )و"
    ],
    "tags": [
        "知识",
        "社科·法律·心理",
        "冻土地带",
        "战略公路"
    ]
}