{
    "id": 10006733,
    "title": "ROBOCRAFT 恶搞_ TOP 3 TROLL in TDM - Compilation",
    "abstract": "http://youtu.be/QjdXGuV0ZDc\n搬运自ytb\nhttp://youtu.be/QjdXGuV0ZDc",
    "authorId": 20552752,
    "uploadTime": 1492827788.0,
    "playCount": 89,
    "commentCount": 3,
    "bulletCommentCount": 1,
    "imageUrl": "http://i0.hdslb.com/bfs/archive/a40544a34a7bdeb6121ac337aa8ce92f73a083b0.jpg",
    "feedback": {
        "like": "0",
        "coin": "1",
        "star": "2",
        "share": "74"
    },
    "comments": [
        "红红火火恍恍惚惚",
        "我也玩过，就用一个推子，还能穿墙",
        "hhh也玩过躲猫猫(･∀･)   期待自定义模式*但是还是最好是5黑玩，不然会很坑队友的（"
    ],
    "tags": [
        "搞笑",
        "游戏",
        "单机游戏",
        "搬运",
        "恶搞",
        "集锦",
        "robocraft",
        "rc",
        "打造萝卜"
    ]
}