{
    "id": 10007451,
    "title": "卧室装修有哪些方面是需要注意的？",
    "abstract": "带你解析装修中哪些你所不知道的秘密！同时还有百款明星装修设计技巧分享！教你打造时尚家居！",
    "authorId": 6831065,
    "uploadTime": 1492832262.0,
    "playCount": 429,
    "commentCount": 0,
    "bulletCommentCount": 0,
    "imageUrl": "http://i0.hdslb.com/bfs/archive/f091f1c6ca44168663b3d18e9aea6fd46396723c.jpg",
    "feedback": {
        "like": "3",
        "coin": "0",
        "star": "4",
        "share": "85"
    },
    "comments": [],
    "tags": [
        "装修",
        "家居",
        "生活",
        "家居房产",
        "日常",
        "卧室",
        "齐装网",
        "修饰"
    ]
}