{
    "id": 10007690,
    "title": "核能王座 废土之王 Nuclear Throne  各种的隐藏关",
    "abstract": "突突突",
    "authorId": 15209381,
    "uploadTime": 1492832365.0,
    "playCount": 2057,
    "commentCount": 1,
    "bulletCommentCount": 7,
    "imageUrl": "http://i1.hdslb.com/bfs/archive/53fd6fb8093656a2176643784dd64e3afe46d97b.jpg",
    "feedback": {
        "like": "19",
        "coin": "4",
        "star": "17",
        "share": "75"
    },
    "comments": [
        "亲爱的up主修改器可以给个链接吗？  "
    ],
    "tags": [
        "单机游戏",
        "游戏",
        "单机游戏",
        "隐藏关"
    ]
}