{
    "id": 10007740,
    "title": "【剑三】故人长绝 纯舞蹈",
    "abstract": "初学，试试编辑器嘿嘿，很多毛病懒得改了",
    "authorId": 3871186,
    "uploadTime": 1492832374.0,
    "playCount": 410,
    "commentCount": 1,
    "bulletCommentCount": 0,
    "imageUrl": "http://i0.hdslb.com/bfs/archive/c254c37e9661c683843ff1e8197cec38f19d99e0.jpg",
    "feedback": {
        "like": "2",
        "coin": "0",
        "star": "11",
        "share": "88"
    },
    "comments": [
        "支持一下"
    ],
    "tags": [
        "剑网3",
        "游戏",
        "网络游戏",
        "网络游戏",
        "舞蹈",
        "剑网三",
        "自制"
    ]
}