{
    "id": 10007785,
    "title": "S高达+拜亚兰合辑",
    "abstract": "S高达视频第3弹",
    "authorId": 4594398,
    "uploadTime": 1492831043.0,
    "playCount": 1176,
    "commentCount": 8,
    "bulletCommentCount": 5,
    "imageUrl": "http://i0.hdslb.com/bfs/archive/a8076e2d263d28d6bbee39570b2662978abd845f.jpg",
    "feedback": {
        "like": "3",
        "coin": "2",
        "star": "8",
        "share": "68"
    },
    "comments": [
        "開始的bgm是鋼兵的串燒？有av號麼",
        "你看看飞米开的什么角马，强袭百式改，铁奥还不是见我一次死一次（滑稽）",
        "咦！！！！！！！！！！！！",
        "（￣▽￣）",
        "第N∪•ω•∪"
    ],
    "tags": [
        "游戏",
        "网络游戏",
        "网络游戏",
        "机动战士敢达ol"
    ]
}