{
    "id": 10007352,
    "title": "娱乐局路遇野生xiaoyan",
    "abstract": "娱乐局路遇野生xiaoyan",
    "authorId": 20476729,
    "uploadTime": 1492831176.0,
    "playCount": 73,
    "commentCount": 1,
    "bulletCommentCount": 3,
    "imageUrl": "http://i2.hdslb.com/bfs/archive/7f28e6f76f79bd31d7807ffb9f7fc7bcafb8fe8f.jpg",
    "feedback": {
        "like": "0",
        "coin": "2",
        "star": "0",
        "share": "65"
    },
    "comments": [
        "可惜了最后就差一点Σ(ﾟдﾟ;)"
    ],
    "tags": [
        "单机游戏",
        "游戏",
        "单机游戏"
    ]
}